CustomerId,Balance,NumOfProducts,HasCrCard,Tenure,IsActiveMember,Exited,BalanceINR
15634602,€0.0,1,Yes,2,Yes,1,0
15634602,€0.0,1,Yes,2,Yes,1,0
15647311,€83807.86,1,Yes,1,Yes,0,7542707.4
15619304,€159660.8,3,No,8,No,1,14369472
15701354,€0.0,2,No,1,No,0,0
15737888,€125510.82,1,Yes,2,Yes,0,11295973.8
15574012,€113755.78,2,No,8,No,1,10238020.2
15592531,€0.0,2,Yes,7,Yes,0,0
15656148,€115046.74,4,No,4,No,1,10354206.6
15792365,€142051.07,2,Yes,4,Yes,0,12784596.3
15592389,€134603.88,1,Yes,2,Yes,0,12114349.2
15767821,€102016.72,2,No,6,No,0,9181504.8
15737173,€0.0,2,No,3,No,0,0
15632264,€0.0,2,No,10,No,0,0
15691483,€0.0,2,No,5,No,0,0
15600882,€0.0,2,Yes,7,Yes,0,0
15643966,€143129.41,2,Yes,3,Yes,0,12881646.9
15737452,€132602.88,1,No,1,No,1,11934259.2
15788218,€0.0,2,Yes,9,Yes,0,0
15661507,€0.0,1,No,6,No,0,0
15568982,€0.0,2,Yes,6,Yes,0,0
15577657,€0.0,2,Yes,8,Yes,0,0
15597945,€0.0,2,No,8,No,0,0
15699309,€0.0,1,No,4,No,1,0
15725737,€0.0,2,Yes,3,Yes,0,0
15625047,€0.0,1,Yes,5,Yes,0,0
15738191,€0.0,2,Yes,3,Yes,0,0
15736816,€136815.64,1,Yes,2,Yes,0,12313407.6
15700772,€0.0,2,No,9,No,0,0
15728693,€141349.43,1,Yes,3,Yes,0,12721448.7
15656300,€59697.17,2,Yes,0,Yes,0,5372745.3
15589475,€0.0,3,No,3,No,1,0
15706552,€85311.7,1,Yes,7,Yes,0,7678053
15750181,€110112.54,2,No,9,No,0,9910128.6
15659428,€0.0,2,Yes,6,Yes,0,0
15732963,€0.0,2,Yes,9,Yes,0,0
15794171,€134264.04,1,No,0,No,1,12083763.6
15788448,€145260.23,1,Yes,3,Yes,0,13073420.7
15729599,€76548.6,1,Yes,7,Yes,0,6889374
15717426,€0.0,1,Yes,7,Yes,0,0
15585768,€70349.48,2,Yes,6,Yes,0,6331453.2
15619360,€0.0,1,No,4,No,0,0
15738148,€122522.32,1,No,8,No,1,11027008.8
15687946,€117419.35,1,Yes,2,Yes,0,10567741.5
15755196,€131394.56,1,No,2,No,1,11825510.4
15684171,€155931.11,1,Yes,5,Yes,0,14033799.9
15754849,€109421.13,2,Yes,4,Yes,0,9847901.7
15602280,€112045.67,1,Yes,9,Yes,1,10084110.3
15771573,€137843.8,1,Yes,9,Yes,1,12405942
15766205,€103391.38,1,Yes,2,Yes,0,9305224.2
15771873,€103769.22,2,No,2,No,0,9339229.8
15616550,€116363.37,2,No,10,No,0,10472703.3
15768193,€146050.97,2,No,5,No,0,13144587.3
15683553,€0.0,2,No,5,No,0,0
15702298,€125561.97,1,No,8,No,1,11300577.3
15569590,€98495.72,1,No,1,No,1,8864614.8
15760861,€125211.92,1,Yes,1,Yes,0,11269072.8
15630053,€127864.4,1,No,5,No,0,11507796
15647091,€75888.2,1,No,0,No,0,6829938
15623944,€0.0,1,No,4,No,1,0
15804771,€40685.92,1,Yes,4,Yes,0,3661732.8
15651280,€136857.0,1,No,5,No,0,12317130
15773469,€152328.88,2,No,9,No,0,13709599.2
15702014,€56084.69,2,No,1,No,0,5047622.1
15751208,€78707.16,1,Yes,8,Yes,0,7083644.4
15592461,€109166.37,1,Yes,4,Yes,0,9824973.3
15789484,€169831.46,2,Yes,6,Yes,0,15284831.4
15696061,€101633.04,1,No,1,No,0,9146973.6
15641582,€123180.01,2,Yes,10,Yes,0,11086200.9
15638424,€150725.53,2,Yes,5,Yes,0,13565297.7
15755648,€98373.26,1,No,8,No,0,8853593.4
15703793,€133745.44,4,No,2,No,1,12037089.6
15620344,€0.0,1,No,6,No,0,0
15812518,€163607.18,1,Yes,0,Yes,0,14724646.2
15779052,€157780.84,2,Yes,5,Yes,0,14200275.6
15770811,€0.0,2,Yes,9,Yes,0,0
15780961,€178718.19,2,No,1,No,0,16084637.1
15614049,€0.0,2,Yes,8,Yes,0,0
15662085,€0.0,1,Yes,9,Yes,0,0
15575185,€77253.22,1,Yes,5,Yes,0,6952789.8
15803136,€122189.66,2,No,10,No,0,10997069.4
15706021,€96645.54,2,No,1,No,0,8698098.6
15663706,€0.0,1,No,2,No,1,0
15641732,€0.0,2,No,3,No,0,0
15701164,€90307.62,1,Yes,4,Yes,0,8127685.8
15738751,€0.0,2,No,4,No,0,0
15805254,€0.0,2,Yes,10,Yes,0,0
15762418,€121681.82,1,No,3,No,1,10951363.8
15625759,€0.0,2,No,9,No,0,0
15622897,€0.0,3,No,4,No,1,0
15767954,€81623.67,2,Yes,3,Yes,0,7346130.3
15757535,€0.0,3,Yes,5,Yes,1,0
15731511,€118626.55,2,No,7,No,0,10676389.5
15809248,€0.0,2,No,10,No,0,0
15640635,€0.0,2,Yes,8,Yes,0,0
15676966,€0.0,2,Yes,4,Yes,0,0
15699461,€176273.95,1,Yes,10,Yes,0,15864655.5
15738721,€102827.44,1,Yes,9,Yes,0,9254469.6
15693683,€97086.4,2,Yes,8,Yes,0,8737776
15604348,€0.0,2,No,8,No,0,0
15633059,€0.0,2,No,9,No,0,0
15808582,€0.0,1,Yes,6,Yes,0,0
15743192,€0.0,2,No,6,No,0,0
15580146,€82674.15,1,No,9,No,0,7440673.5
15776605,€0.0,2,No,7,No,0,0
15804919,€0.0,1,Yes,1,Yes,1,0
15613854,€107073.27,2,Yes,4,Yes,1,9636594.3
15599195,€88938.62,1,Yes,1,Yes,0,8004475.8
15812878,€99806.85,1,Yes,2,Yes,0,8982616.5
15602312,€150092.8,1,No,5,No,0,13508352
15744689,€92833.89,1,No,9,No,1,8355050.1
15803526,€90536.81,1,Yes,3,Yes,0,8148312.9
15665790,€108055.1,2,No,7,No,0,9724959
15715951,€100238.35,1,No,2,No,0,9021451.5
15591100,€106190.55,1,Yes,9,Yes,0,9557149.5
15609618,€154475.54,2,Yes,9,Yes,1,13902798.6
15675522,€132351.29,2,Yes,9,Yes,0,11911616.1
15705512,€167864.4,1,No,6,No,0,15107796
15698028,€0.0,2,No,1,No,0,0
15661670,€107818.63,1,No,8,No,1,9703676.7
15600781,€185173.81,2,No,4,No,0,16665642.9
15682472,€129433.34,2,No,8,No,0,11649000.6
15580203,€120193.42,1,No,6,No,0,10817407.8
15690673,€0.0,2,No,6,No,0,0
15760085,€126384.42,1,Yes,10,Yes,0,11374597.8
15779659,€0.0,1,No,3,No,0,0
15627360,€152603.45,1,No,9,No,1,13734310.5
15671137,€0.0,1,Yes,1,Yes,1,0
15782688,€148507.24,1,No,0,No,1,13365651.6
15575492,€0.0,2,No,7,No,0,0
15591607,€101827.07,1,No,9,No,0,9164436.3
15740404,€0.0,2,Yes,3,Yes,0,0
15718369,€130862.43,1,Yes,9,Yes,0,11777618.7
15677871,€122570.87,1,Yes,9,Yes,0,11031378.3
15642004,€0.0,2,Yes,1,Yes,0,0
15712543,€124828.46,2,Yes,7,Yes,0,11234561.4
15584518,€144895.05,2,Yes,5,Yes,0,13040554.5
15802381,€63663.93,1,Yes,5,Yes,0,5729753.7
15610156,€133463.1,1,Yes,2,Yes,0,12011679
15594408,€213146.2,1,No,2,No,1,19183158
15640905,€129490.36,2,Yes,1,Yes,1,11654132.4
15698932,€137452.09,1,No,10,No,0,12370688.1
15724944,€0.0,2,Yes,7,Yes,0,0
15628145,€125851.93,1,Yes,5,Yes,0,11326673.7
15713483,€0.0,1,No,2,No,1,0
15612350,€40915.55,1,No,5,No,1,3682399.5
15800703,€113157.22,1,Yes,5,Yes,0,10184149.8
15705707,€138296.94,2,No,8,No,0,12446724.6
15754105,€106967.18,1,No,5,No,0,9627046.2
15703264,€120681.63,1,No,9,No,0,10861346.7
15794413,€0.0,2,Yes,0,Yes,0,0
15650237,€0.0,2,No,7,No,0,0
15759618,€0.0,1,No,9,No,1,0
15811589,€0.0,2,No,8,No,0,0
15689044,€127609.59,1,No,2,No,0,11484863.1
15709368,€0.0,2,Yes,6,Yes,0,0
15679145,€0.0,1,No,7,No,1,0
15655007,€0.0,2,No,7,No,0,0
15623595,€0.0,2,Yes,2,Yes,0,0
15589975,€97259.25,1,Yes,6,Yes,0,8753332.5
15804017,€123246.7,1,No,4,No,0,11092203
15692132,€101060.25,1,Yes,6,Yes,0,9095422.5
15641122,€0.0,2,No,2,No,0,0
15630910,€108007.36,1,No,7,No,0,9720662.4
15680772,€0.0,2,Yes,2,Yes,0,0
15658929,€133702.89,1,No,0,No,1,12033260.1
15585388,€125189.75,2,Yes,9,Yes,0,11267077.5
15724623,€113034.22,1,No,7,No,1,10173079.8
15588537,€109013.23,1,No,9,No,0,9811190.7
15574692,€0.0,2,No,2,No,1,0
15611325,€57929.81,2,No,9,No,0,5213682.9
15587562,€130114.39,1,No,4,No,0,11710295.1
15613172,€95826.49,2,No,5,No,0,8624384.1
15651022,€129608.57,1,No,10,No,1,11664771.3
15586310,€169462.09,1,No,4,No,0,15251588.1
15625524,€0.0,2,Yes,5,Yes,0,0
15755209,€133868.21,1,Yes,7,Yes,0,12048138.9
15645248,€0.0,2,Yes,0,Yes,0,0
15790355,€190479.48,2,No,5,No,0,17143153.2
15762615,€101993.12,1,Yes,8,Yes,0,9179380.8
15625426,€161608.81,1,No,3,No,1,14544792.9
15716334,€122311.21,1,Yes,2,Yes,0,11008008.9
15789669,€0.0,2,Yes,2,Yes,0,0
15621075,€162150.42,2,No,1,No,0,14593537.8
15810845,€0.0,2,Yes,2,Yes,0,0
15719377,€0.0,1,Yes,4,Yes,1,0
15654506,€0.0,2,No,8,No,0,0
15771977,€99010.67,1,No,1,No,0,8910960.3
15708710,€0.0,1,Yes,0,Yes,0,0
15726676,€0.0,2,Yes,5,Yes,0,0
15587421,€111388.18,2,No,7,No,0,10024936.2
15726931,€56214.85,2,No,8,No,1,5059336.5
15771086,€84327.77,2,No,3,No,0,7589499.3
15756850,€0.0,2,No,1,No,0,0
15702741,€93012.89,1,No,8,No,0,8371160.1
15679200,€61710.44,2,No,9,No,0,5553939.6
15594815,€174790.15,1,Yes,3,Yes,0,15731113.5
15635905,€0.0,2,Yes,6,Yes,0,0
15777892,€107720.64,1,Yes,3,Yes,0,9694857.6
15656176,€0.0,2,Yes,10,Yes,0,0
15811127,€96423.84,1,No,6,No,0,8678145.6
15604482,€141040.01,1,Yes,2,Yes,0,12693600.9
15622911,€105420.18,1,Yes,4,Yes,0,9487816.2
15600974,€0.0,1,Yes,5,Yes,1,0
15727868,€129022.06,2,Yes,2,Yes,1,11611985.4
15627801,€176666.62,1,No,3,No,0,15899995.8
15773039,€0.0,1,Yes,3,Yes,0,0
15755262,€89763.84,1,No,3,No,1,8078745.6
15679531,€134954.53,1,Yes,5,Yes,0,12145907.7
15684181,€0.0,1,No,5,No,1,0
15612087,€106376.85,1,Yes,2,Yes,0,9573916.5
15752047,€161814.64,2,No,2,No,0,14563317.6
15624592,€0.0,2,Yes,8,Yes,0,0
15573152,€0.0,2,No,9,No,0,0
15594917,€63095.01,1,Yes,1,Yes,0,5678550.9
15785542,€118287.01,2,No,4,No,0,10645830.9
15723488,€106854.21,1,Yes,7,Yes,1,9616878.9
15680920,€49512.55,1,No,7,No,0,4456129.5
15786308,€0.0,2,No,9,No,0,0
15659366,€105799.32,2,No,1,No,1,9521938.8
15774854,€0.0,1,Yes,8,Yes,1,0
15725311,€114722.05,2,Yes,9,Yes,0,10324984.5
15787155,€0.0,1,Yes,7,Yes,0,0
15727829,€0.0,2,Yes,2,Yes,0,0
15733247,€0.0,1,No,10,No,1,0
15568748,€99564.22,1,Yes,6,Yes,1,8960779.8
15699029,€170557.91,2,No,4,No,0,15350211.9
15774393,€0.0,2,Yes,9,Yes,0,0
15676895,€74596.15,3,Yes,6,Yes,1,6713653.5
15637753,€96888.39,1,No,2,No,1,8719955.1
15605461,€130830.22,1,No,3,No,0,11774719.8
15808473,€0.0,2,Yes,1,Yes,0,0
15627000,€0.0,2,No,0,No,0,0
15787174,€0.0,2,Yes,1,Yes,0,0
15723886,€119714.25,2,Yes,3,Yes,0,10774282.5
15704769,€113978.97,2,Yes,5,Yes,0,10258107.3
15772896,€100160.75,1,No,6,No,1,9014467.5
15711540,€0.0,1,Yes,2,Yes,0,0
15764866,€116220.5,3,No,3,No,1,10459845
15794056,€0.0,3,No,2,No,1,0
15795149,€81173.83,2,Yes,2,Yes,0,7305644.7
15812009,€0.0,2,No,4,No,0,0
15651001,€116803.8,1,No,5,No,0,10512342
15813844,€105961.68,2,Yes,8,Yes,0,9536551.2
15596175,€117411.6,1,Yes,6,Yes,1,10567044
15576269,€0.0,2,No,7,No,0,0
15797219,€123497.58,1,No,10,No,1,11114782.2
15685500,€152400.51,2,No,7,No,0,13716045.9
15599792,€0.0,2,Yes,1,Yes,0,0
15657566,€103097.85,1,Yes,8,Yes,0,9278806.5
15772423,€126418.14,1,No,8,No,1,11377632.6
15628112,€77846.9,1,No,5,No,0,7006221
15753754,€0.0,2,Yes,1,Yes,0,0
15793726,€0.0,2,Yes,0,Yes,0,0
15694717,€79731.91,1,Yes,2,Yes,0,7175871.9
15665834,€0.0,1,No,8,No,0,0
15765297,€0.0,2,Yes,0,Yes,0,0
15636684,€0.0,2,Yes,10,Yes,0,0
15592979,€37266.67,2,No,6,No,0,3354000.3
15750803,€127992.25,1,Yes,6,Yes,0,11519302.5
15607178,€54901.01,1,Yes,3,Yes,0,4941090.9
15713853,€108748.08,2,Yes,9,Yes,0,9787327.2
15673481,€99906.19,1,No,6,No,0,8991557.1
15686776,€184686.41,2,No,6,No,0,16621776.9
15673693,€110654.02,1,Yes,0,Yes,0,9958861.8
15700696,€79019.8,1,Yes,9,Yes,0,7111782
15813163,€99240.51,1,No,9,No,0,8931645.9
15653857,€0.0,2,Yes,2,Yes,0,0
15777076,€0.0,2,No,7,No,0,0
15717398,€0.0,1,No,7,No,1,0
15799217,€52436.2,1,No,7,No,0,4719258
15787071,€0.0,2,Yes,9,Yes,0,0
15619955,€100337.96,3,No,3,No,1,9030416.4
15796505,€149297.19,2,Yes,1,Yes,0,13436747.1
15725166,€0.0,2,No,8,No,0,0
15800116,€145605.44,1,Yes,4,Yes,0,13104489.6
15758685,€0.0,2,Yes,7,Yes,0,0
15694456,€0.0,1,Yes,3,Yes,1,0
15767339,€0.0,2,No,10,No,0,0
15683562,€84026.86,1,Yes,6,Yes,0,7562417.4
15782210,€0.0,1,No,1,No,1,0
15668893,€0.0,2,Yes,8,Yes,0,0
15669169,€0.0,2,Yes,10,Yes,0,0
15643024,€138718.92,1,Yes,4,Yes,1,12484702.8
15699389,€118274.71,1,Yes,7,Yes,0,10644723.9
15708608,€174185.98,2,Yes,8,Yes,0,15676738.2
15626144,€113208.86,2,No,7,No,0,10188797.4
15573112,€103907.28,1,No,5,No,0,9351655.2
15790678,€119023.28,1,No,8,No,0,10712095.2
15727556,€166297.89,1,Yes,5,Yes,0,14966810.1
15697307,€0.0,2,No,10,No,0,0
15652266,€63227.0,1,Yes,9,Yes,0,5690430
15607098,€94521.17,2,No,5,No,0,8506905.3
15655774,€0.0,2,No,7,No,0,0
15590241,€112822.26,1,No,9,No,1,10154003.4
15785819,€0.0,2,Yes,3,Yes,0,0
15723654,€135903.33,1,No,2,No,0,12231299.7
15774510,€125169.26,1,Yes,4,Yes,0,11265233.4
15684173,€0.0,3,No,7,No,1,0
15650068,€149117.31,1,Yes,0,Yes,0,13420557.9
15811490,€0.0,2,Yes,5,Yes,0,0
15803976,€0.0,2,No,10,No,0,0
15682541,€132311.71,1,No,6,No,0,11908053.9
15695699,€0.0,2,No,8,No,0,0
15624188,€0.0,2,Yes,6,Yes,0,0
15812191,€118082.89,1,No,4,No,0,10627460.1
15636673,€119266.69,1,Yes,1,Yes,0,10734002.1
15594898,€0.0,1,Yes,2,Yes,1,0
15660211,€156847.29,2,No,7,No,0,14116256.1
15773972,€137104.47,1,No,4,No,1,12339402.3
15746726,€78398.69,1,No,8,No,0,7055882.1
15712287,€0.0,2,Yes,4,Yes,0,0
15702919,€63669.42,1,No,6,No,0,5730247.8
15674398,€0.0,2,No,3,No,0,0
15797960,€135296.33,1,No,0,No,0,12176669.7
15631868,€153804.44,1,Yes,2,Yes,0,13842399.6
15581539,€0.0,2,No,3,No,0,0
15662736,€147069.78,1,No,2,No,1,13236280.2
15666252,€0.0,2,Yes,9,Yes,0,0
15677512,€0.0,1,No,3,No,0,0
15626114,€95741.75,1,No,4,No,0,8616757.5
15810834,€145965.33,1,Yes,2,Yes,0,13136879.7
15678910,€141441.75,1,Yes,8,Yes,0,12729757.5
15694408,€139290.41,1,No,1,No,1,12536136.9
15585215,€0.0,2,No,4,No,0,0
15682757,€0.0,2,No,3,No,0,0
15736601,€144428.87,1,No,4,No,0,12998598.3
15601848,€0.0,2,No,2,No,0,0
15736008,€95441.27,1,No,9,No,1,8589714.3
15669064,€144848.74,1,Yes,1,Yes,0,13036386.6
15624528,€116244.14,2,Yes,7,Yes,0,10461972.6
15598493,€0.0,2,Yes,7,Yes,0,0
15601274,€146502.07,1,No,1,No,0,13185186.3
15702669,€117028.6,2,Yes,2,Yes,0,10532574
15728669,€112013.81,1,No,8,No,1,10081242.9
15742668,€108269.37,1,No,6,No,0,9744243.3
15697441,€182123.79,1,No,7,No,1,16391141.1
15740476,€150923.74,2,Yes,3,Yes,0,13583136.6
15648064,€0.0,2,No,2,No,0,0
15636624,€165272.13,1,No,5,No,1,14874491.7
15807923,€115301.31,1,No,10,No,1,10377117.9
15745844,€129502.49,2,Yes,6,Yes,1,11655224.1
15786170,€118342.26,1,No,4,No,0,10650803.4
15681081,€0.0,2,Yes,5,Yes,0,0
15684484,€0.0,2,No,8,No,0,0
15785869,€0.0,2,No,7,No,0,0
15763859,€0.0,2,No,7,No,0,0
15658935,€106937.05,2,No,9,No,0,9624334.5
15747358,€170331.37,1,Yes,3,Yes,0,15329823.3
15735203,€114510.85,1,Yes,1,Yes,0,10305976.5
15576256,€0.0,2,Yes,5,Yes,0,0
15659420,€107594.11,2,Yes,3,Yes,0,9683469.9
15593365,€81273.13,1,Yes,2,Yes,0,7314581.7
15777352,€169399.6,1,No,7,No,0,15245964
15812007,€0.0,2,Yes,6,Yes,0,0
15625461,€187841.99,2,Yes,1,Yes,0,16905779.1
15739438,€0.0,2,No,0,No,0,0
15611759,€126776.3,2,Yes,8,Yes,0,11409867
15661629,€126436.29,1,No,9,No,1,11379266.1
15633950,€101960.74,1,Yes,1,Yes,0,9176466.6
15592386,€0.0,2,Yes,3,Yes,0,0
15803716,€0.0,2,Yes,3,Yes,0,0
15696674,€150842.93,1,Yes,2,Yes,1,13575863.7
15706365,€102535.57,1,Yes,9,Yes,0,9228201.3
15745088,€99027.61,2,No,9,No,0,8912484.9
15676715,€0.0,2,Yes,9,Yes,0,0
15613085,€0.0,1,Yes,3,Yes,0,0
15633537,€87271.41,2,No,9,No,0,7854426.9
15594720,€102742.91,2,Yes,8,Yes,0,9246861.9
15684042,€40105.51,2,Yes,2,Yes,0,3609495.9
15583303,€152265.43,1,No,2,No,0,13703888.7
15611579,€141947.67,1,Yes,4,Yes,0,12775290.3
15774696,€106307.91,2,Yes,1,Yes,0,9567711.9
15694506,€107884.81,2,Yes,0,Yes,0,9709632.9
15688074,€125013.72,1,Yes,1,Yes,0,11251234.8
15759537,€58469.37,2,Yes,7,Yes,0,5262243.3
15758449,€0.0,1,Yes,8,Yes,0,0
15583456,€117231.63,3,Yes,10,Yes,1,10550846.7
15667871,€152390.26,1,No,4,No,0,13715123.4
15677371,€34013.63,1,No,2,No,0,3061226.7
15629677,€0.0,3,No,2,No,1,0
15713578,€0.0,2,Yes,9,Yes,0,0
15591509,€101583.11,2,No,7,No,0,9142479.9
15568240,€77168.87,2,Yes,10,Yes,0,6945198.3
15622993,€124695.72,2,No,8,No,0,11222614.8
15689294,€105934.96,1,No,3,No,0,9534146.4
15720910,€0.0,1,Yes,9,Yes,0,0
15721181,€0.0,2,No,6,No,0,0
15776433,€0.0,2,Yes,2,Yes,0,0
15748936,€0.0,2,Yes,2,Yes,0,0
15717225,€161525.96,2,No,10,No,0,14537336.4
15685226,€147199.07,1,Yes,7,Yes,0,13247916.3
15785611,€183102.29,1,Yes,3,Yes,0,16479206.1
15573456,€127209.0,2,No,9,No,1,11448810
15684548,€0.0,2,No,8,No,1,0
15620505,€97378.54,1,Yes,0,Yes,0,8764068.6
15807432,€136925.09,2,Yes,2,Yes,0,12323258.1
15584766,€54503.55,1,Yes,3,Yes,0,4905319.5
15612187,€155726.85,1,No,8,No,0,14015416.5
15762218,€0.0,2,Yes,9,Yes,0,0
15646372,€135842.41,1,No,1,No,1,12225816.9
15690452,€63349.75,1,No,1,No,0,5701477.5
15747795,€129499.42,1,Yes,4,Yes,0,11654947.8
15781589,€0.0,2,Yes,8,Yes,0,0
15732674,€70438.01,2,Yes,6,Yes,0,6339420.9
15642291,€0.0,2,Yes,8,Yes,0,0
15692761,€0.0,1,No,9,No,0,0
15578045,€141434.04,1,No,9,No,1,12729063.6
15745354,€0.0,2,No,4,No,0,0
15701376,€152958.29,2,Yes,10,Yes,0,13766246.1
15691625,€138306.34,1,No,3,No,0,12447570.6
15566594,€0.0,2,No,10,No,0,0
15760431,€0.0,2,Yes,1,Yes,0,0
15686302,€124328.84,1,Yes,3,Yes,0,11189595.6
15801559,€181461.48,3,Yes,9,Yes,1,16331533.2
15810432,€0.0,2,No,8,No,0,0
15809616,€0.0,2,No,8,No,0,0
15720559,€110368.03,1,No,5,No,1,9933122.7
15695632,€89588.35,1,Yes,9,Yes,0,8062951.5
15659843,€0.0,2,No,6,No,0,0
15615624,€0.0,2,No,6,No,0,0
15810418,€115924.89,1,No,3,No,1,10433240.1
15716186,€0.0,2,No,2,No,0,0
15674551,€111756.5,1,No,7,No,1,10058085
15622834,€0.0,1,No,4,No,0,0
15566111,€0.0,1,No,9,No,0,0
15784597,€162923.85,1,No,9,No,0,14663146.5
15652883,€124576.65,2,No,10,No,0,11211898.5
15806964,€80793.58,1,Yes,0,Yes,0,7271422.2
15576313,€71340.09,1,No,9,No,0,6420608.1
15806467,€99282.63,1,No,1,No,1,8935436.7
15597602,€137946.39,1,Yes,3,Yes,1,12415175.1
15743040,€127892.57,2,Yes,2,Yes,0,11510331.3
15705521,€101084.36,1,No,0,No,0,9097592.4
15595039,€114754.08,1,No,8,No,1,10327867.2
15799384,€0.0,1,No,8,No,0,0
15581197,€99286.98,1,Yes,3,Yes,0,8935828.2
15693737,€79871.02,2,No,4,No,0,7188391.8
15624623,€104088.59,2,No,10,No,0,9367973.1
15783501,€168190.33,2,No,2,No,0,15137129.7
15690134,€85679.25,1,Yes,3,Yes,0,7711132.5
15782735,€0.0,1,No,3,No,0,0
15611088,€0.0,2,No,9,No,0,0
15672145,€121551.58,2,Yes,7,Yes,0,10939642.2
15732628,€122220.19,1,Yes,2,Yes,0,10999817.1
15787470,€116528.15,1,No,3,No,1,10487533.5
15803406,€77780.29,1,Yes,1,Yes,0,7000226.1
15730460,€0.0,1,No,2,No,0,0
15644572,€125832.2,1,Yes,4,Yes,0,11324898
15694860,€68065.8,1,No,6,No,1,6125922
15658169,€127299.34,2,No,6,No,0,11456940.6
15794396,€174937.64,1,No,7,No,0,15744387.6
15785798,€0.0,2,Yes,9,Yes,0,0
15710825,€110071.1,1,No,7,No,0,9906399
15668444,€139432.37,1,No,3,No,0,12548913.3
15726631,€127357.76,1,Yes,6,Yes,0,11462198.4
15733797,€0.0,2,No,5,No,0,0
15747960,€0.0,1,Yes,3,Yes,0,0
15634632,€0.0,2,No,3,No,0,0
15707362,€95556.31,1,Yes,1,Yes,1,8600067.9
15662976,€0.0,1,Yes,8,Yes,0,0
15732778,€111681.98,2,Yes,1,Yes,0,10051378.2
15718443,€0.0,2,No,3,No,0,0
15670039,€108738.71,2,No,3,No,0,9786483.9
15773792,€133950.37,1,Yes,4,Yes,1,12055533.3
15613786,€0.0,2,Yes,4,Yes,0,0
15726032,€89968.69,1,No,9,No,0,8097182.1
15663252,€0.0,2,Yes,9,Yes,0,0
15593782,€130878.75,3,No,5,No,1,11779087.5
15633283,€0.0,2,No,8,No,0,0
15749167,€0.0,2,Yes,3,Yes,0,0
15759298,€134169.62,1,Yes,10,Yes,0,12075265.8
15683625,€149762.08,1,No,1,No,1,13478587.2
15635367,€93844.69,1,No,2,No,0,8446022.1
15681705,€0.0,2,No,8,No,0,0
15603156,€0.0,2,No,1,No,0,0
15591986,€141078.37,1,No,6,No,1,12697053.3
15798888,€117992.59,1,Yes,1,Yes,0,10619333.1
15809722,€100812.33,2,No,8,No,0,9073109.7
15677538,€0.0,1,Yes,7,Yes,0,0
15797736,€80262.6,1,Yes,4,Yes,0,7223634
15695585,€156478.62,1,Yes,6,Yes,0,14083075.8
15744398,€0.0,2,No,5,No,0,0
15750658,€0.0,3,No,8,No,0,0
15578186,€115217.99,2,No,9,No,0,10369619.1
15676519,€0.0,2,No,9,No,1,0
15637954,€155470.55,1,Yes,0,Yes,0,13992349.5
15758639,€0.0,2,No,7,No,0,0
15613772,€135096.77,1,Yes,3,Yes,1,12158709.3
15731744,€0.0,2,Yes,2,Yes,0,0
15807709,€180075.22,1,Yes,9,Yes,0,16206769.8
15714689,€97541.24,1,Yes,1,Yes,0,8778711.6
15699005,€156067.05,1,Yes,2,Yes,0,14046034.5
15624170,€81550.94,2,Yes,4,Yes,0,7339584.6
15725679,€0.0,1,No,6,No,1,0
15585865,€170061.92,2,No,2,No,1,15305572.8
15804256,€92310.54,2,Yes,8,Yes,0,8307948.6
15662403,€169089.38,2,No,6,No,0,15218044.2
15733616,€80613.93,1,Yes,5,Yes,0,7255253.7
15591995,€121581.56,2,Yes,8,Yes,0,10942340.4
15677020,€0.0,1,Yes,8,Yes,1,0
15727688,€0.0,2,Yes,4,Yes,0,0
15715941,€0.0,2,Yes,5,Yes,0,0
15714485,€85891.55,1,No,5,No,1,7730239.5
15730059,€77637.35,2,Yes,9,Yes,0,6987361.5
15715527,€0.0,1,No,4,No,0,0
15576623,€0.0,2,No,5,No,0,0
15805565,€116927.89,1,No,7,No,0,10523510.1
15677307,€137326.65,1,No,6,No,0,12359398.5
15773890,€0.0,2,Yes,5,Yes,0,0
15598883,€0.0,2,Yes,2,Yes,0,0
15568506,€67238.98,2,Yes,10,Yes,0,6051508.2
15761043,€86569.76,2,No,6,No,0,7791278.4
15782236,€0.0,2,No,5,No,0,0
15593601,€133598.4,1,Yes,6,Yes,0,12023856
15682048,€136188.78,1,Yes,3,Yes,1,12256990.2
15746902,€0.0,2,No,9,No,0,0
15752081,€0.0,3,Yes,10,Yes,1,0
15781307,€120092.52,2,No,7,No,0,10808326.8
15775912,€101238.24,2,Yes,4,Yes,1,9111441.6
15745417,€89685.92,1,Yes,6,Yes,0,8071732.8
15671256,€211774.31,1,No,1,No,1,19059687.9
15653547,€131317.48,1,Yes,7,Yes,0,11818573.2
15595766,€93722.73,2,Yes,5,Yes,0,8435045.7
15742358,€101160.99,1,Yes,8,Yes,0,9104489.1
15763274,€120320.54,1,No,3,No,0,10828848.6
15786063,€0.0,2,Yes,2,Yes,0,0
15600258,€0.0,2,Yes,2,Yes,0,0
15573318,€0.0,2,No,8,No,0,0
15653849,€152827.99,1,No,3,No,1,13754519.1
15694272,€64097.75,1,Yes,1,Yes,0,5768797.5
15736112,€119035.35,2,Yes,2,Yes,0,10713181.5
15749851,€135219.57,1,Yes,4,Yes,0,12169761.3
15663478,€93694.42,1,Yes,6,Yes,0,8432497.8
15592300,€59408.63,1,No,10,No,0,5346776.7
15567832,€114354.95,1,No,7,No,0,10291945.5
15776780,€0.0,1,No,1,No,1,0
15592846,€128173.9,2,No,10,No,0,11535651
15739803,€0.0,2,No,9,No,0,0
15794142,€114931.35,3,Yes,5,Yes,1,10343821.5
15762729,€111071.36,1,No,1,No,1,9996422.4
15667896,€151226.18,2,Yes,8,Yes,0,13610356.2
15626578,€0.0,2,Yes,9,Yes,0,0
15776223,€64740.12,1,Yes,4,Yes,0,5826610.8
15705953,€169312.13,1,No,0,No,1,15238091.7
15802593,€0.0,3,Yes,7,Yes,1,0
15615457,€112652.08,2,No,2,No,0,10138687.2
15708916,€0.0,2,No,0,No,0,0
15720187,€143964.36,2,No,7,No,0,12956792.4
15595440,€122451.46,2,Yes,7,Yes,0,11020631.4
15600651,€0.0,3,Yes,1,Yes,0,0
15750141,€65253.07,2,No,3,No,0,5872776.3
15657284,€106901.94,1,Yes,6,Yes,1,9621174.6
15763063,€128509.63,1,No,10,No,0,11565866.7
15709324,€0.0,2,No,7,No,0,0
15711309,€129834.67,1,No,3,No,0,11685120.3
15775318,€154962.99,3,Yes,3,Yes,1,13946669.1
15705515,€138241.9,2,No,5,No,0,12441771
15634844,€91536.93,1,No,3,No,1,8238323.7
15717046,€0.0,2,Yes,3,Yes,0,0
15571816,€0.0,1,Yes,5,Yes,0,0
15670080,€105204.01,1,Yes,7,Yes,0,9468360.9
15800440,€152968.73,1,Yes,1,Yes,0,13767185.7
15665678,€158261.68,1,Yes,8,Yes,0,14243551.2
15665956,€0.0,1,No,1,No,1,0
15788126,€121021.05,1,Yes,6,Yes,0,10891894.5
15811773,€0.0,2,Yes,4,Yes,0,0
15651674,€0.0,1,No,2,No,1,0
15689614,€137715.66,1,Yes,1,Yes,0,12394409.4
15795564,€121192.22,2,Yes,5,Yes,0,10907299.8
15706647,€0.0,3,Yes,7,Yes,0,0
15728505,€100486.18,2,Yes,1,Yes,0,9043756.2
15730076,€0.0,1,No,1,No,1,0
15622003,€92566.53,2,No,9,No,0,8330987.7
15607312,€0.0,2,Yes,10,Yes,1,0
15644753,€110929.96,1,Yes,3,Yes,0,9983696.4
15653620,€0.0,2,Yes,8,Yes,0,0
15761986,€138901.61,1,No,3,No,0,12501144.9
15633922,€123217.66,2,Yes,4,Yes,0,11089589.4
15734674,€0.0,1,No,6,No,0,0
15658032,€0.0,2,Yes,2,Yes,0,0
15692671,€0.0,2,No,8,No,0,0
15737741,€108431.87,2,Yes,2,Yes,1,9758868.3
15576352,€0.0,2,Yes,3,Yes,0,0
15753719,€72392.41,1,No,9,No,0,6515316.9
15803689,€119741.77,2,No,1,No,1,10776759.3
15718057,€100946.71,1,No,2,No,1,9085203.9
15722010,€170491.84,1,No,9,No,1,15344265.6
15680998,€0.0,1,Yes,5,Yes,0,0
15614782,€0.0,1,No,1,No,0,0
15591047,€157296.02,2,No,6,No,1,14156641.8
15788291,€144606.22,1,Yes,7,Yes,1,13014559.8
15604044,€134811.3,1,No,8,No,0,12133017
15679587,€115897.12,1,Yes,9,Yes,0,10430740.8
15775153,€82034.0,1,No,4,No,0,7383060
15603925,€174318.13,2,Yes,4,Yes,0,15688631.7
15680970,€114206.84,1,No,2,No,0,10278615.6
15697183,€0.0,2,No,9,No,0,0
15567446,€111574.41,1,Yes,9,Yes,0,10041696.9
15637476,€162448.69,1,No,5,No,1,14620382.1
15714939,€148249.54,1,Yes,4,Yes,0,13342458.6
15683503,€0.0,3,Yes,8,Yes,1,0
15645569,€123709.46,2,Yes,7,Yes,0,11133851.4
15782569,€0.0,1,Yes,9,Yes,0,0
15592387,€0.0,1,No,5,No,1,0
15609286,€150525.8,1,Yes,10,Yes,0,13547322
15814035,€0.0,1,Yes,9,Yes,0,0
15661249,€0.0,2,Yes,4,Yes,0,0
15629117,€0.0,2,No,10,No,0,0
15607170,€0.0,2,Yes,5,Yes,0,0
15586585,€111018.98,1,No,2,No,0,9991708.2
15686611,€129755.99,1,No,10,No,0,11678039.1
15603203,€0.0,2,No,6,No,0,0
15619857,€129555.7,1,Yes,2,Yes,0,11660013
15805062,€87202.38,1,Yes,1,Yes,0,7848214.2
15660271,€146133.39,1,Yes,8,Yes,0,13152005.1
15745295,€0.0,1,No,0,No,1,0
15719352,€170184.99,2,No,6,No,0,15316649.1
15766575,€140745.33,1,No,8,No,1,12667079.7
15594594,€139070.51,1,Yes,7,Yes,0,12516345.9
15646161,€0.0,2,Yes,8,Yes,0,0
15682585,€114193.24,1,No,9,No,0,10277391.6
15603134,€167878.5,1,Yes,10,Yes,0,15109065
15636444,€141616.55,2,Yes,5,Yes,0,12745489.5
15773456,€145747.67,2,Yes,3,Yes,0,13117290.3
15745307,€129120.64,1,Yes,2,Yes,0,11620857.6
15604119,€110349.82,1,No,7,No,0,9931483.8
15626900,€141325.56,1,Yes,1,Yes,0,12719300.4
15605447,€78653.84,1,No,2,No,0,7078845.6
15589030,€0.0,2,Yes,1,Yes,0,0
15692463,€142253.65,1,No,3,No,0,12802828.5
15712403,€0.0,1,No,1,No,1,0
15811762,€115988.86,1,No,6,No,1,10438997.4
15718673,€75592.43,1,No,10,No,0,6803318.7
15724282,€164113.04,2,Yes,3,Yes,0,14770173.6
15738181,€67996.23,2,No,6,No,1,6119660.7
15633648,€0.0,2,No,5,No,0,0
15603323,€0.0,2,No,1,No,0,0
15583725,€138778.15,1,Yes,1,Yes,0,12490033.5
15588350,€147832.15,1,Yes,10,Yes,0,13304893.5
15798398,€135438.4,1,No,4,No,0,12189456
15784844,€116060.08,1,No,5,No,1,10445407.2
15580684,€112564.62,1,No,5,No,0,10130815.8
15809663,€125406.58,1,Yes,1,Yes,0,11286592.2
15640078,€135134.99,1,No,5,No,1,12162149.1
15698786,€133102.92,1,No,9,No,1,11979262.8
15569807,€42157.08,1,No,8,No,1,3794137.2
15730830,€0.0,2,Yes,3,Yes,0,0
15805112,€82259.29,1,No,7,No,0,7403336.1
15633064,€0.0,2,No,4,No,0,0
15703119,€0.0,2,Yes,6,Yes,0,0
15730447,€0.0,2,Yes,4,Yes,0,0
15813850,€0.0,1,Yes,7,Yes,0,0
15711889,€150461.07,1,No,3,No,0,13541496.3
15664610,€133994.52,1,Yes,4,Yes,1,12059506.8
15751710,€164870.81,2,Yes,8,Yes,0,14838372.9
15692926,€121702.73,1,Yes,8,Yes,0,10953245.7
15813741,€193858.2,1,Yes,6,Yes,0,17447238
15698474,€131039.97,2,Yes,1,Yes,0,11793597.3
15568595,€113829.45,1,Yes,9,Yes,0,10244650.5
15603065,€0.0,2,No,6,No,0,0
15592937,€81877.38,1,Yes,3,Yes,0,7368964.2
15699637,€116326.07,1,Yes,8,Yes,0,10469346.3
15667215,€0.0,2,Yes,2,Yes,0,0
15788659,€0.0,2,Yes,4,Yes,0,0
15763218,€0.0,2,Yes,1,Yes,0,0
15645772,€0.0,2,Yes,9,Yes,0,0
15725511,€127070.73,1,Yes,3,Yes,0,11436365.7
15575024,€0.0,2,Yes,3,Yes,0,0
15640825,€122549.64,1,Yes,3,Yes,0,11029467.6
15662397,€176099.13,1,Yes,5,Yes,0,15848921.7
15576368,€122388.38,2,No,3,No,0,11014954.2
15674991,€0.0,2,Yes,9,Yes,0,0
15721024,€0.0,1,No,0,No,0,0
15745621,€118879.35,2,Yes,6,Yes,0,10699141.5
15642394,€0.0,2,Yes,5,Yes,0,0
15754605,€0.0,2,Yes,5,Yes,0,0
15607040,€88736.44,2,No,4,No,0,7986279.6
15715142,€102703.62,1,Yes,7,Yes,1,9243325.8
15810978,€0.0,2,Yes,1,Yes,0,0
15668886,€0.0,2,No,3,No,0,0
15780804,€97318.25,1,Yes,5,Yes,0,8758642.5
15613880,€128468.69,1,Yes,5,Yes,0,11562182.1
15775238,€133432.59,1,Yes,4,Yes,0,12008933.1
15786905,€141782.57,2,No,8,No,0,12760431.3
15747867,€135125.28,1,No,9,No,0,12161275.2
15600337,€178820.91,1,No,2,No,1,16093881.9
15801277,€112212.14,2,Yes,2,Yes,0,10099092.6
15579334,€126674.81,1,No,5,No,1,11400732.9
15802741,€136294.97,1,No,7,No,1,12266547.3
15720649,€66392.64,1,No,5,No,0,5975337.6
15589493,€122552.34,2,No,1,No,0,11029710.6
15688251,€76408.85,2,No,1,No,0,6876796.5
15665238,€145071.24,1,No,8,No,0,13056411.6
15740900,€0.0,2,Yes,6,Yes,0,0
15681068,€109730.22,1,Yes,2,Yes,0,9875719.8
15748625,€0.0,2,Yes,6,Yes,0,0
15727299,€64119.38,1,Yes,1,Yes,1,5770744.2
15620204,€106138.33,2,Yes,1,Yes,1,9552449.7
15669516,€0.0,2,Yes,2,Yes,0,0
15736534,€181656.51,1,Yes,0,Yes,0,16349085.9
15803457,€0.0,2,No,5,No,0,0
15659098,€95128.86,1,No,7,No,0,8561597.4
15603436,€126615.94,2,Yes,2,Yes,0,11395434.6
15566292,€0.0,2,Yes,1,Yes,0,0
15808621,€76190.48,2,Yes,2,Yes,0,6857143.2
15580148,€168286.81,3,No,5,No,1,15145812.9
15776231,€88109.81,1,Yes,4,Yes,0,7929882.9
15773809,€0.0,2,No,4,No,0,0
15649423,€0.0,2,Yes,8,Yes,0,0
15734886,€123971.51,2,No,3,No,0,11157435.9
15722548,€148116.48,1,No,0,No,0,13330483.2
15650288,€116269.01,1,No,6,No,0,10464210.9
15629448,€120599.21,1,No,1,No,0,10853928.9
15716164,€144260.5,1,No,3,No,0,12983445
15807609,€86605.5,3,No,3,No,1,7794495
15578977,€0.0,2,No,9,No,0,0
15677369,€58629.97,1,No,4,No,0,5276697.3
15804072,€0.0,2,No,5,No,0,0
15696859,€0.0,2,No,10,No,0,0
15653780,€0.0,1,Yes,5,Yes,0,0
15721658,€209767.31,2,Yes,2,Yes,1,18879057.9
15578761,€129634.25,2,Yes,6,Yes,1,11667082.5
15736879,€0.0,2,No,1,No,0,0
15571973,€169824.46,1,No,2,No,0,15284201.4
15626742,€97530.25,1,Yes,3,Yes,0,8777722.5
15672692,€145988.65,2,Yes,10,Yes,0,13138978.5
15673570,€0.0,2,Yes,9,Yes,0,0
15767432,€0.0,3,Yes,7,Yes,0,0
15654238,€137494.28,1,No,5,No,0,12374485.2
15612525,€0.0,1,No,1,No,1,0
15812750,€147360.0,1,Yes,6,Yes,0,13262400
15790757,€0.0,2,No,10,No,0,0
15723873,€125167.02,1,No,3,No,0,11265031.8
15744607,€121152.05,2,No,9,No,1,10903684.5
15612966,€128981.07,1,Yes,7,Yes,1,11608296.3
15784209,€0.0,1,Yes,6,Yes,0,0
15794278,€151858.98,1,Yes,6,Yes,0,13667308.2
15766741,€114628.4,1,Yes,2,Yes,0,10316556
15661036,€0.0,2,No,6,No,0,0
15705639,€95059.02,2,No,8,No,0,8555311.8
15637414,€128736.39,1,Yes,7,Yes,0,11586275.1
15716835,€156325.38,1,Yes,8,Yes,0,14069284.2
15696231,€105405.97,1,Yes,7,Yes,0,9486537.3
15641675,€88915.37,3,No,2,No,1,8002383.3
15670755,€0.0,2,Yes,8,Yes,0,0
15640059,€0.0,2,Yes,5,Yes,0,0
15787619,€160980.03,1,No,2,No,0,14488202.7
15587535,€177619.71,1,No,5,No,0,15985773.9
15813034,€62276.99,1,Yes,2,Yes,0,5604929.1
15698839,€127559.97,2,Yes,4,Yes,0,11480397.3
15790314,€0.0,2,Yes,0,Yes,0,0
15634245,€95523.16,1,No,9,No,0,8597084.4
15677305,€107749.03,1,Yes,7,Yes,0,9697412.7
15661526,€110777.26,2,No,2,No,0,9969953.4
15685997,€166733.92,2,No,5,No,0,15006052.8
15660101,€157120.86,2,No,9,No,0,14140877.4
15637979,€127160.78,2,No,2,No,0,11444470.2
15815364,€0.0,2,Yes,2,Yes,0,0
15647099,€156091.97,1,No,9,No,0,14048277.3
15625944,€98668.18,1,Yes,5,Yes,0,8880136.2
15583212,€134022.06,1,No,5,No,0,12061985.4
15582741,€124151.09,1,No,5,No,1,11173598.1
15637876,€77253.5,1,No,6,No,1,6952815
15622750,€114292.48,1,No,1,No,0,10286323.2
15672056,€140080.32,3,Yes,2,Yes,1,12607228.8
15812351,€135277.96,1,No,2,No,0,12175016.4
15810864,€0.0,2,Yes,2,Yes,0,0
15677921,€115920.62,2,No,9,No,1,10432855.8
15724296,€119782.72,2,No,2,No,0,10780444.8
15685329,€114715.71,1,Yes,1,Yes,1,10324413.9
15584091,€129748.54,2,No,2,No,1,11677368.6
15640442,€129722.57,1,No,4,No,0,11675031.3
15639314,€0.0,2,Yes,2,Yes,0,0
15685320,€139180.2,1,No,3,No,0,12526218
15789158,€113599.74,2,No,6,No,1,10223976.6
15752137,€134944.0,1,Yes,7,Yes,0,12144960
15712551,€116922.25,1,No,7,No,1,10523002.5
15628936,€118945.09,1,No,9,No,1,10705058.1
15797227,€0.0,2,Yes,8,Yes,0,0
15769974,€119182.73,1,No,8,No,0,10726445.7
15737051,€0.0,2,No,8,No,0,0
15585595,€71264.02,2,Yes,1,Yes,0,6413761.8
15654060,€0.0,2,Yes,2,Yes,0,0
15745196,€0.0,2,No,8,No,0,0
15571221,€116313.57,1,Yes,7,Yes,1,10468221.3
15660155,€92140.15,1,Yes,5,Yes,0,8292613.5
15605284,€0.0,2,Yes,1,Yes,0,0
15694366,€177640.09,1,Yes,2,Yes,0,15987608.1
15600739,€0.0,2,No,0,No,0,0
15653253,€167997.6,1,Yes,8,Yes,0,15119784
15763431,€82275.35,2,Yes,2,Yes,0,7404781.5
15643696,€0.0,2,Yes,3,Yes,0,0
15707473,€111962.99,1,No,6,No,0,10076669.1
15769504,€131736.88,1,Yes,1,Yes,0,11856319.2
15776807,€0.0,1,No,1,No,0,0
15686870,€108239.11,2,No,8,No,0,9741519.9
15668747,€98444.19,1,Yes,9,Yes,0,8859977.1
15766908,€114540.38,1,No,3,No,0,10308634.2
15570134,€187530.66,2,Yes,6,Yes,0,16877759.4
15567367,€133636.16,1,Yes,9,Yes,0,12027254.4
15747542,€0.0,2,Yes,7,Yes,0,0
15762238,€84745.03,2,Yes,0,Yes,0,7627052.7
15681554,€120599.38,2,Yes,7,Yes,0,10853944.2
15712825,€0.0,2,Yes,9,Yes,0,0
15640280,€127771.35,2,Yes,4,Yes,0,11499421.5
15756026,€0.0,1,No,9,No,1,0
15613319,€0.0,1,No,0,No,0,0
15798906,€0.0,2,Yes,5,Yes,0,0
15708917,€167772.96,1,Yes,10,Yes,0,15099566.4
15778463,€95845.6,1,No,6,No,0,8626104
15699430,€0.0,2,No,10,No,0,0
15649992,€134714.7,2,Yes,7,Yes,0,12124323
15578980,€0.0,2,Yes,3,Yes,0,0
15775306,€122384.22,3,Yes,8,Yes,1,11014579.8
15641655,€0.0,2,No,2,No,0,0
15619708,€157993.15,2,No,5,No,0,14219383.5
15734565,€0.0,2,No,8,No,0,0
15806438,€123331.36,1,No,2,No,1,11099822.4
15591969,€75263.16,1,Yes,9,Yes,0,6773684.4
15747807,€137824.03,2,No,6,No,0,12404162.7
15596939,€132578.92,2,No,4,No,0,11932102.8
15716155,€156021.31,1,No,5,No,0,14041917.9
15765311,€0.0,1,No,8,No,0,0
15757811,€137453.43,1,Yes,9,Yes,1,12370808.7
15603830,€0.0,2,No,4,No,0,0
15660602,€164284.72,2,Yes,8,Yes,0,14785624.8
15660535,€0.0,2,Yes,5,Yes,0,0
15666633,€0.0,2,Yes,1,Yes,0,0
15596914,€112373.49,2,Yes,2,Yes,0,10113614.1
15639788,€0.0,2,No,10,No,0,0
15695846,€0.0,2,Yes,6,Yes,0,0
15726234,€0.0,1,Yes,5,Yes,0,0
15797964,€154333.82,1,Yes,1,Yes,0,13890043.8
15625881,€111432.77,2,Yes,3,Yes,0,10028949.3
15780628,€0.0,2,No,6,No,0,0
15575883,€137390.11,2,No,2,No,0,12365109.9
15585036,€0.0,2,Yes,3,Yes,0,0
15589488,€111642.08,1,Yes,5,Yes,0,10047787.2
15585888,€0.0,1,Yes,3,Yes,1,0
15727915,€83543.37,1,No,4,No,0,7518903.3
15707567,€145338.76,1,No,6,No,1,13080488.4
15737792,€186796.37,1,No,1,No,0,16811673.3
15599433,€58641.43,1,Yes,8,Yes,0,5277728.7
15672012,€0.0,1,No,5,No,1,0
15806983,€137148.68,1,No,3,No,0,12343381.2
15592222,€80001.23,1,No,7,No,0,7200110.7
15608968,€86402.52,2,No,6,No,0,7776226.8
15586959,€0.0,2,No,5,No,0,0
15646558,€122874.74,1,Yes,1,Yes,0,11058726.6
15725811,€97544.29,1,Yes,0,Yes,0,8778986.1
15572265,€170826.55,2,No,1,No,0,15374389.5
15794048,€97133.92,2,No,1,No,1,8742052.8
15677610,€153895.65,1,Yes,8,Yes,0,13850608.5
15745012,€0.0,2,Yes,6,Yes,0,0
15601589,€0.0,2,Yes,8,Yes,0,0
15686436,€0.0,2,No,4,No,0,0
15693864,€134956.02,1,No,5,No,1,12146041.8
15760550,€143637.58,2,Yes,7,Yes,0,12927382.2
15686137,€147506.25,1,Yes,9,Yes,0,13275562.5
15809087,€0.0,2,No,1,No,1,0
15807663,€190227.46,1,No,8,No,1,17120471.4
15809100,€172448.77,1,No,2,No,1,15520389.3
15794916,€113980.21,1,Yes,7,Yes,0,10258218.9
15614215,€0.0,2,Yes,6,Yes,0,0
15805449,€0.0,2,No,4,No,0,0
15686983,€76968.12,2,Yes,10,Yes,0,6927130.8
15808017,€88293.13,2,Yes,1,Yes,0,7946381.7
15756804,€170833.46,1,No,1,No,1,15375011.4
15646810,€108122.39,2,No,6,No,1,9731015.1
15710424,€0.0,1,Yes,4,Yes,0,0
15799422,€0.0,1,Yes,8,Yes,0,0
15692750,€129818.39,3,No,7,No,1,11683655.1
15794549,€163943.89,2,Yes,2,Yes,0,14754950.1
15803764,€0.0,2,No,7,No,0,0
15674840,€101430.3,2,Yes,5,Yes,0,9128727
15653762,€117301.66,1,No,9,No,0,10557149.4
15581229,€173340.83,1,Yes,1,Yes,0,15600674.7
15800228,€0.0,2,Yes,4,Yes,0,0
15656333,€134348.57,1,No,3,No,0,12091371.3
15697497,€105525.65,2,Yes,9,Yes,0,9497308.5
15585362,€0.0,1,No,6,No,1,0
15571928,€0.0,3,No,4,No,1,0
15785519,€106192.1,1,No,6,No,0,9557289
15743007,€45144.43,1,No,4,No,1,4062998.7
15777211,€92113.61,1,Yes,7,Yes,0,8290224.9
15721935,€0.0,2,Yes,7,Yes,0,0
15591711,€128366.44,1,No,0,No,0,11552979.6
15625021,€0.0,2,Yes,2,Yes,0,0
15702968,€106545.53,1,Yes,3,Yes,0,9589097.7
15600462,€145618.37,1,Yes,8,Yes,0,13105653.3
15768104,€141541.25,1,No,8,No,0,12738712.5
15780140,€57017.06,2,Yes,2,Yes,0,5131535.4
15585255,€0.0,1,No,9,No,0,0
15772781,€0.0,3,Yes,3,Yes,1,0
15669987,€125884.95,2,No,8,No,1,11329645.5
15697000,€61825.5,1,Yes,5,Yes,0,5564295
15733119,€0.0,2,No,8,No,0,0
15782390,€0.0,1,No,6,No,0,0
15654700,€102967.41,1,No,2,No,1,9267066.9
15632210,€171770.55,1,No,2,No,0,15459349.5
15642041,€93051.64,2,No,1,No,1,8374647.6
15709737,€161064.64,2,Yes,7,Yes,0,14495817.6
15792388,€90612.34,1,Yes,7,Yes,0,8155110.6
15786014,€145105.64,2,No,5,No,0,13059507.6
15794580,€0.0,1,No,4,No,1,0
15675964,€0.0,1,Yes,9,Yes,1,0
15814275,€174912.72,1,Yes,6,Yes,0,15742144.8
15724848,€104947.72,1,No,1,No,1,9445294.8
15754713,€135213.71,1,Yes,10,Yes,0,12169233.9
15693814,€0.0,2,No,7,No,0,0
15599660,€116229.85,2,Yes,6,Yes,0,10460686.5
15746490,€111201.41,1,Yes,6,Yes,0,10008126.9
15566091,€0.0,1,No,4,No,0,0
15655961,€131899.0,1,No,1,No,0,11870910
15710404,€124525.52,1,Yes,10,Yes,0,11207296.8
15775625,€0.0,1,No,6,No,0,0
15792328,€0.0,1,Yes,6,Yes,1,0
15719856,€47134.75,1,Yes,3,Yes,0,4242127.5
15593773,€0.0,2,No,3,No,0,0
15733114,€0.0,2,No,9,No,0,0
15797748,€0.0,2,Yes,5,Yes,0,0
15743411,€0.0,1,No,1,No,1,0
15753337,€0.0,3,No,5,No,1,0
15601026,€138657.08,1,Yes,1,Yes,0,12479137.2
15658485,€70302.48,1,Yes,9,Yes,0,6327223.2
15636731,€101609.01,2,Yes,1,Yes,0,9144810.9
15628303,€0.0,1,Yes,3,Yes,0,0
15633461,€130170.82,1,Yes,5,Yes,0,11715373.8
15677135,€133802.29,2,Yes,8,Yes,0,12042206.1
15590876,€106234.02,1,No,7,No,0,9561061.8
15790782,€132628.98,1,No,6,No,0,11936608.2
15700476,€103522.75,2,Yes,9,Yes,0,9317047.5
15634141,€192390.52,2,No,8,No,0,17315146.8
15737795,€0.0,1,Yes,1,Yes,1,0
15790299,€0.0,3,Yes,9,Yes,0,0
15675316,€0.0,2,Yes,3,Yes,0,0
15613630,€109922.61,1,Yes,8,Yes,1,9893034.9
15662100,€128605.32,1,Yes,5,Yes,0,11574478.8
15668032,€0.0,1,Yes,4,Yes,0,0
15599289,€68598.56,1,No,10,No,0,6173870.4
15754084,€106518.52,1,Yes,1,Yes,0,9586666.8
15676521,€0.0,2,No,8,No,0,0
15804586,€0.0,1,No,6,No,1,0
15781465,€121326.42,1,No,8,No,0,10919377.8
15729362,€67226.37,1,No,8,No,0,6050373.3
15709295,€82931.85,2,Yes,5,Yes,0,7463866.5
15745324,€0.0,1,No,4,No,1,0
15741336,€118590.41,1,Yes,5,Yes,1,10673136.9
15783659,€145981.87,1,Yes,4,Yes,0,13138368.3
15620981,€73309.38,1,No,3,No,1,6597844.2
15630328,€130796.33,2,Yes,8,Yes,0,11771669.7
15785899,€151607.56,1,No,8,No,0,13644680.4
15606149,€111577.01,1,Yes,9,Yes,0,10041930.9
15671139,€107042.74,1,Yes,0,Yes,0,9633846.6
15660429,€156371.61,2,Yes,2,Yes,1,14073444.9
15571002,€129605.99,1,No,4,No,0,11664539.1
15631681,€0.0,2,Yes,0,Yes,0,0
15731522,€0.0,2,Yes,8,Yes,0,0
15619529,€132576.25,1,No,8,No,0,11931862.5
15628034,€129101.3,1,Yes,6,Yes,0,11619117
15686164,€108822.4,1,Yes,1,Yes,0,9794016
15582797,€137948.51,1,No,4,No,0,12415365.9
15753831,€100433.8,1,Yes,7,Yes,0,9039042
15731815,€96134.11,3,No,4,No,1,8652069.9
15580956,€115888.04,1,Yes,4,Yes,1,10429923.6
15602084,€124626.07,1,Yes,5,Yes,0,11216346.3
15589805,€139810.34,1,Yes,6,Yes,0,12582930.6
15720893,€0.0,2,No,9,No,0,0
15641009,€84496.71,1,No,3,No,0,7604703.9
15605926,€116854.71,2,Yes,9,Yes,0,10516923.9
15805955,€138333.03,1,Yes,10,Yes,0,12449972.7
15801488,€0.0,2,Yes,3,Yes,0,0
15605918,€78992.75,2,No,5,No,0,7109347.5
15779711,€97257.41,2,Yes,7,Yes,0,8753166.9
15705620,€122453.37,2,No,5,No,0,11020803.3
15685357,€112940.07,1,Yes,8,Yes,0,10164606.3
15570060,€132558.26,1,No,8,No,1,11930243.4
15582616,€0.0,2,No,4,No,0,0
15799515,€133297.24,1,No,8,No,0,11996751.6
15642937,€0.0,2,No,7,No,0,0
15624729,€197041.8,1,No,0,No,0,17733762
15566156,€71497.79,2,No,0,No,0,6434801.1
15792360,€0.0,2,Yes,7,Yes,0,0
15807008,€128100.28,1,No,6,No,1,11529025.2
15704770,€124532.78,2,Yes,1,Yes,0,11207950.2
15756475,€82293.82,2,Yes,9,Yes,0,7406443.8
15655339,€142120.91,1,No,1,No,0,12790881.9
15613749,€151839.26,1,No,0,No,1,13665533.4
15664521,€149620.88,2,Yes,7,Yes,0,13465879.2
15681206,€168197.66,1,No,3,No,1,15137789.4
15745527,€93147.0,2,No,5,No,0,8383230
15806926,€97440.02,2,Yes,2,Yes,0,8769601.8
15724563,€65046.08,2,Yes,3,Yes,0,5854147.2
15782899,€95357.49,1,No,7,No,0,8582174.1
15623521,€123105.88,2,No,9,No,0,11079529.2
15810218,€0.0,3,Yes,9,Yes,0,0
15645621,€0.0,2,Yes,3,Yes,0,0
15608114,€121286.27,1,Yes,7,Yes,0,10915764.3
15659557,€167738.82,2,Yes,4,Yes,0,15096493.8
15787772,€104091.29,1,No,1,No,0,9368216.1
15691111,€121980.56,2,No,8,No,0,10978250.4
15592089,€0.0,2,Yes,10,Yes,0,0
15633897,€50880.98,2,Yes,1,Yes,0,4579288.2
15701301,€175159.9,2,No,3,No,1,15764391
15723685,€105514.69,2,No,7,No,0,9496322.1
15701602,€116497.31,3,No,5,No,1,10484757.9
15739189,€0.0,2,No,6,No,0,0
15573086,€99824.45,1,Yes,7,Yes,0,8984200.5
15569050,€0.0,1,No,6,No,1,0
15750765,€0.0,1,Yes,0,Yes,0,0
15799811,€0.0,1,No,10,No,1,0
15698442,€122964.88,1,Yes,3,Yes,0,11066839.2
15655274,€0.0,2,Yes,4,Yes,0,0
15603594,€0.0,2,Yes,4,Yes,0,0
15585961,€0.0,2,Yes,3,Yes,0,0
15686936,€89634.69,1,Yes,5,Yes,1,8067122.1
15770424,€95710.11,2,No,7,No,0,8613909.9
15587451,€139706.31,1,No,7,No,0,12573567.9
15602010,€103909.86,1,No,5,No,1,9351887.4
15600583,€0.0,1,No,1,No,0,0
15654673,€173434.9,1,No,6,No,1,15609141
15717164,€102238.01,2,Yes,6,Yes,0,9201420.9
15765014,€179380.74,2,Yes,1,Yes,0,16144266.6
15682639,€0.0,2,Yes,3,Yes,0,0
15729279,€108691.95,1,No,4,No,0,9782275.5
15759805,€0.0,2,No,4,No,0,0
15767864,€0.0,2,No,6,No,0,0
15769948,€133377.8,1,Yes,0,Yes,0,12004002
15686345,€0.0,2,Yes,9,Yes,0,0
15688071,€0.0,1,Yes,10,Yes,0,0
15681174,€116537.6,1,No,1,No,0,10488384
15667521,€0.0,2,No,3,No,0,0
15750243,€0.0,2,Yes,4,Yes,0,0
15695475,€130131.08,2,Yes,1,Yes,0,11711797.2
15689176,€0.0,2,Yes,3,Yes,0,0
15652955,€0.0,1,No,0,No,0,0
15668958,€107316.09,1,No,2,No,0,9658448.1
15631054,€0.0,2,Yes,1,Yes,0,0
15581479,€83181.29,1,Yes,1,Yes,0,7486316.1
15577478,€0.0,1,Yes,3,Yes,0,0
15780870,€153946.14,1,Yes,3,Yes,0,13855152.6
15692317,€0.0,2,No,5,No,0,0
15593969,€135483.17,1,No,7,No,1,12193485.3
15570417,€0.0,2,No,1,No,0,0
15779059,€119624.54,2,Yes,4,Yes,0,10766208.6
15785980,€121132.26,2,No,6,No,0,10901903.4
15644200,€0.0,1,No,1,No,1,0
15793949,€0.0,1,No,4,No,1,0
15645103,€54817.55,1,No,5,No,0,4933579.5
15705860,€107949.45,1,No,3,No,1,9715450.5
15623828,€0.0,1,Yes,4,Yes,0,0
15715003,€80816.45,1,Yes,2,Yes,0,7273480.5
15623471,€98205.77,1,No,3,No,0,8838519.3
15798348,€94684.27,1,Yes,6,Yes,0,8521584.3
15743016,€141604.76,1,No,7,No,0,12744428.4
15769499,€0.0,2,Yes,3,Yes,0,0
15798521,€0.0,2,No,3,No,0,0
15706534,€122949.14,1,No,1,No,1,11065422.6
15706186,€81677.22,2,No,8,No,0,7350949.8
15812197,€80293.98,1,No,7,No,0,7226458.2
15650933,€155413.06,1,No,8,No,0,13987175.4
15692991,€0.0,2,Yes,4,Yes,0,0
15631189,€67111.65,1,No,9,No,1,6040048.5
15762198,€103818.43,1,Yes,5,Yes,0,9343658.7
15699598,€0.0,2,Yes,4,Yes,0,0
15692744,€152169.12,2,No,4,No,1,13695220.8
15688963,€0.0,1,Yes,10,Yes,1,0
15599131,€214346.96,2,No,4,No,0,19291226.4
15680303,€0.0,1,No,6,No,1,0
15628674,€113348.14,1,No,7,No,1,10201332.6
15648075,€170935.94,1,No,5,No,1,15384234.6
15586970,€103023.26,1,Yes,8,Yes,0,9272093.4
15625698,€0.0,2,Yes,6,Yes,0,0
15790497,€0.0,2,No,6,No,0,0
15682618,€111855.04,2,Yes,7,Yes,0,10066953.6
15762937,€140348.56,2,Yes,6,Yes,0,12631370.4
15750929,€0.0,2,No,8,No,0,0
15729832,€145512.84,1,No,3,No,0,13096155.6
15633650,€146720.98,2,Yes,8,Yes,0,13204888.2
15748856,€107209.73,1,Yes,10,Yes,0,9648875.7
15589195,€130933.74,1,Yes,7,Yes,0,11784036.6
15699911,€0.0,1,No,8,No,0,0
15663438,€89772.3,1,No,0,No,1,8079507
15692583,€0.0,2,No,5,No,0,0
15591257,€0.0,2,No,8,No,0,0
15646513,€0.0,1,No,5,No,1,0
15708063,€100749.5,3,No,2,No,1,9067455
15696098,€0.0,2,No,10,No,0,0
15645517,€0.0,2,Yes,2,Yes,0,0
15649744,€123981.31,2,Yes,3,Yes,0,11158317.9
15604304,€91622.42,1,Yes,4,Yes,0,8246017.8
15784092,€126195.81,1,Yes,7,Yes,0,11357622.9
15585198,€94267.9,1,Yes,4,Yes,1,8484111
15624347,€0.0,2,Yes,4,Yes,0,0
15621687,€0.0,2,No,0,No,0,0
15689081,€0.0,1,No,4,No,1,0
15813168,€100717.85,3,Yes,3,Yes,1,9064606.5
15604295,€0.0,2,No,6,No,0,0
15724127,€141581.71,2,No,4,No,0,12742353.9
15673055,€0.0,2,Yes,7,Yes,0,0
15768201,€148586.64,1,Yes,2,Yes,0,13372797.6
15782219,€0.0,2,No,9,No,0,0
15746410,€0.0,2,No,7,No,0,0
15780144,€123403.85,2,No,2,No,0,11106346.5
15590476,€0.0,2,No,7,No,0,0
15624293,€106511.85,1,No,3,No,0,9586066.5
15618182,€0.0,2,No,2,No,0,0
15660316,€135549.9,1,No,1,No,1,12199491
15678886,€110555.37,2,No,7,No,0,9949983.3
15616330,€0.0,2,No,4,No,0,0
15592229,€185891.54,1,Yes,0,Yes,1,16730238.6
15798424,€130854.59,1,Yes,1,Yes,1,11776913.1
15714750,€92578.14,2,No,3,No,0,8332032.6
15648800,€132312.06,1,No,8,No,1,11908085.4
15626147,€144976.5,1,No,8,No,1,13047885
15626608,€87070.23,1,Yes,5,Yes,0,7836320.7
15723250,€0.0,2,Yes,8,Yes,0,0
15592583,€115414.19,3,No,1,No,1,10387277.1
15759381,€91070.43,1,Yes,7,Yes,0,8196338.7
15585241,€117412.19,2,No,2,No,0,10567097.1
15589358,€90018.45,2,No,4,No,0,8101660.5
15672704,€0.0,2,No,4,No,0,0
15789955,€112414.81,2,No,1,No,1,10117332.9
15596800,€158456.76,1,Yes,1,Yes,1,14261108.4
15627305,€0.0,1,No,7,No,1,0
15645316,€149641.53,1,Yes,1,Yes,0,13467737.7
15593973,€122528.18,1,No,8,No,0,11027536.2
15647301,€143734.01,2,Yes,3,Yes,0,12936060.9
15750258,€155663.31,1,No,2,No,0,14009697.9
15685309,€0.0,1,Yes,7,Yes,1,0
15628205,€101736.66,1,Yes,1,Yes,0,9156299.4
15733974,€125822.21,1,No,9,No,0,11323998.9
15762110,€0.0,2,Yes,0,Yes,0,0
15706899,€0.0,2,Yes,4,Yes,0,0
15732660,€0.0,1,Yes,2,Yes,0,0
15656121,€157791.07,2,No,6,No,0,14201196.3
15614220,€0.0,2,Yes,5,Yes,0,0
15645269,€0.0,2,No,4,No,0,0
15698510,€181627.14,2,No,9,No,0,16346442.6
15569247,€109679.72,1,Yes,1,Yes,0,9871174.8
15566251,€96652.86,1,No,5,No,1,8698757.4
15716134,€190008.32,2,Yes,5,Yes,0,17100748.8
15763625,€0.0,2,No,9,No,0,0
15605965,€0.0,2,Yes,9,Yes,0,0
15694821,€148962.76,1,Yes,4,Yes,1,13406648.4
15601688,€0.0,1,No,8,No,0,0
15575581,€131344.52,2,No,3,No,0,11821006.8
15671209,€101713.84,3,No,5,No,0,9154245.6
15616529,€0.0,1,Yes,3,Yes,0,0
15773906,€0.0,2,No,4,No,0,0
15722993,€137963.07,1,No,6,No,0,12416676.3
15752463,€129938.07,1,Yes,4,Yes,0,11694426.3
15589754,€151421.44,1,Yes,2,Yes,0,13627929.6
15669899,€135643.0,1,No,7,No,1,12207870
15766887,€122773.5,2,Yes,2,Yes,0,11049615
15768006,€152303.8,1,No,3,No,0,13707342
15741295,€0.0,2,Yes,3,Yes,0,0
15811327,€79415.67,1,Yes,1,Yes,0,7147410.3
15690007,€125801.03,2,No,9,No,1,11322092.7
15690664,€0.0,2,No,10,No,0,0
15719348,€0.0,1,No,8,No,1,0
15781802,€104817.41,1,No,6,No,1,9433566.9
15752731,€0.0,1,No,9,No,0,0
15600997,€67495.04,2,Yes,5,Yes,0,6074553.6
15750776,€164850.54,1,Yes,0,Yes,0,14836548.6
15723907,€154776.42,2,No,5,No,0,13929877.8
15633419,€143124.63,2,No,1,No,0,12881216.7
15702430,€0.0,1,Yes,10,Yes,0,0
15710456,€0.0,2,No,2,No,0,0
15650351,€102133.38,1,Yes,8,Yes,0,9192004.2
15590820,€79932.41,1,No,6,No,0,7193916.9
15640454,€120711.73,1,No,0,No,1,10864055.7
15697789,€122717.53,2,Yes,3,Yes,0,11044577.7
15808182,€92363.3,2,No,3,No,0,8312697
15588670,€203715.15,1,No,5,No,1,18334363.5
15721292,€0.0,2,No,5,No,0,0
15604217,€0.0,2,No,9,No,0,0
15651369,€0.0,2,No,1,No,0,0
15782454,€0.0,1,Yes,4,Yes,1,0
15814032,€93460.47,2,No,1,No,0,8411442.3
15570326,€0.0,2,Yes,6,Yes,0,0
15624428,€40224.7,1,Yes,7,Yes,0,3620223
15755638,€168069.73,1,Yes,5,Yes,1,15126275.7
15600992,€0.0,2,Yes,1,Yes,0,0
15755649,€130538.77,1,No,7,No,0,11748489.3
15795228,€132623.6,1,Yes,3,Yes,0,11936124
15589257,€103465.02,2,Yes,3,Yes,0,9311851.8
15719302,€126547.8,1,Yes,9,Yes,1,11389302
15639882,€128262.72,2,No,2,No,0,11543644.8
15791279,€169742.64,1,Yes,5,Yes,1,15276837.6
15636935,€0.0,2,Yes,1,Yes,0,0
15686909,€150795.81,1,Yes,3,Yes,0,13571622.9
15589572,€129855.72,2,No,4,No,1,11687014.8
15779947,€146098.43,3,No,6,No,1,13148858.7
15573769,€0.0,2,No,7,No,0,0
15578866,€0.0,1,Yes,2,Yes,0,0
15739131,€65643.3,1,No,4,No,0,5907897
15813444,€0.0,2,No,6,No,0,0
15678058,€104584.16,1,No,9,No,0,9412574.4
15769169,€0.0,1,Yes,7,Yes,0,0
15804602,€99785.28,2,No,6,No,0,8980675.2
15651052,€127655.22,1,No,2,No,1,11488969.8
15724334,€0.0,1,No,5,No,0,0
15569451,€101257.16,1,Yes,2,Yes,0,9113144.4
15650098,€0.0,2,Yes,7,Yes,0,0
15724307,€121313.88,1,Yes,10,Yes,0,10918249.2
15599268,€0.0,2,No,5,No,0,0
15594864,€81523.38,1,Yes,4,Yes,0,7337104.2
15616451,€128252.66,1,Yes,6,Yes,0,11542739.4
15715667,€0.0,2,No,7,No,0,0
15658969,€0.0,3,No,7,No,1,0
15738174,€0.0,2,Yes,5,Yes,0,0
15813590,€0.0,2,No,6,No,1,0
15624229,€0.0,2,Yes,4,Yes,0,0
15674148,€0.0,1,No,6,No,1,0
15625080,€0.0,1,No,8,No,1,0
15682528,€0.0,1,Yes,5,Yes,0,0
15696900,€145541.56,2,Yes,3,Yes,0,13098740.4
15730038,€0.0,1,No,5,No,1,0
15812272,€124601.58,2,Yes,5,Yes,1,11214142.2
15654654,€115182.84,2,Yes,7,Yes,0,10366455.6
15697625,€163789.49,2,No,2,No,0,14741054.1
15616280,€65733.41,1,No,1,No,0,5916006.9
15654229,€0.0,2,Yes,1,Yes,0,0
15628298,€128486.11,1,No,8,No,0,11563749.9
15733387,€109663.47,1,Yes,6,Yes,0,9869712.3
15775572,€88324.31,2,No,6,No,0,7949187.9
15613844,€146445.24,2,No,7,No,0,13180071.6
15578515,€0.0,2,No,3,No,0,0
15607598,€0.0,2,Yes,6,Yes,0,0
15742480,€109949.05,2,Yes,2,Yes,0,9895414.5
15749482,€78653.05,1,No,4,No,0,7078774.5
15607537,€107850.82,1,No,9,No,1,9706573.8
15575410,€83765.35,2,No,4,No,0,7538881.5
15684865,€143773.07,1,Yes,7,Yes,0,12939576.3
15600700,€116227.27,1,Yes,6,Yes,0,10460454.3
15774155,€103471.52,1,Yes,0,Yes,0,9312436.8
15634267,€0.0,2,No,5,No,0,0
15619626,€137492.35,2,Yes,3,Yes,0,12374311.5
15660422,€0.0,2,No,7,No,0,0
15617934,€129829.59,1,Yes,9,Yes,0,11684663.1
15760774,€146329.57,2,Yes,1,Yes,0,13169661.3
15813132,€114027.7,1,Yes,4,Yes,0,10262493
15593331,€146580.69,1,Yes,6,Yes,0,13192262.1
15616709,€132122.42,2,No,0,No,0,11891017.8
15658052,€81553.93,1,No,10,No,1,7339853.7
15721189,€0.0,2,Yes,7,Yes,0,0
15711288,€0.0,2,No,6,No,0,0
15770030,€0.0,2,Yes,3,Yes,0,0
15803681,€0.0,2,Yes,4,Yes,0,0
15702789,€175214.71,1,Yes,5,Yes,0,15769323.9
15814930,€125534.51,1,No,10,No,1,11298105.9
15658306,€97705.99,1,Yes,4,Yes,0,8793539.1
15699523,€126817.65,2,No,4,No,0,11413588.5
15610383,€46870.43,4,No,1,No,1,4218338.7
15615032,€0.0,2,Yes,3,Yes,0,0
15781989,€120094.93,1,No,9,No,0,10808543.7
15647402,€0.0,2,Yes,3,Yes,0,0
15740494,€0.0,2,No,3,No,0,0
15701265,€104356.94,2,Yes,1,Yes,0,9392124.6
15743532,€147004.34,1,No,5,No,1,13230390.6
15794870,€73023.17,2,No,6,No,0,6572085.3
15747591,€173432.55,1,Yes,1,Yes,0,15608929.5
15726557,€165679.92,1,No,7,No,0,14911192.8
15732199,€104678.62,1,Yes,9,Yes,0,9421075.8
15662291,€116973.26,3,No,8,No,1,10527593.4
15749050,€0.0,1,No,3,No,0,0
15781586,€126732.85,1,Yes,2,Yes,0,11405956.5
15617078,€148481.09,1,No,6,No,0,13363298.1
15723339,€137654.05,2,Yes,4,Yes,0,12388864.5
15671322,€115315.04,1,No,7,No,0,10378353.6
15793854,€99095.73,1,Yes,2,Yes,0,8918615.7
15756539,€165610.41,2,No,7,No,0,14904936.9
15612064,€0.0,2,No,5,No,1,0
15625916,€161628.66,1,No,6,No,0,14546579.4
15683195,€146605.27,1,Yes,9,Yes,0,13194474.3
15690182,€113488.68,1,No,5,No,1,10213981.2
15721719,€77002.2,2,Yes,7,Yes,0,6930198
15641690,€0.0,2,Yes,7,Yes,0,0
15634896,€0.0,2,Yes,6,Yes,0,0
15671590,€0.0,2,Yes,4,Yes,0,0
15779182,€182364.53,1,No,8,No,1,16412807.7
15778287,€0.0,2,Yes,8,Yes,0,0
15609510,€149364.58,1,Yes,7,Yes,0,13442812.2
15742229,€127450.14,1,Yes,7,Yes,0,11470512.6
15658532,€162278.32,1,Yes,5,Yes,0,14605048.8
15590993,€152212.88,2,No,5,No,0,13699159.2
15565701,€161993.89,1,No,9,No,0,14579450.1
15597239,€131468.44,1,No,7,No,0,11832159.6
15688880,€102980.44,1,No,10,No,1,9268239.6
15813917,€143321.97,1,No,9,No,0,12898977.3
15679611,€130404.92,1,No,2,No,0,11736442.8
15636589,€0.0,2,Yes,7,Yes,0,0
15687752,€87505.47,2,Yes,2,Yes,0,7875492.3
15584363,€133634.02,1,Yes,0,Yes,0,12027061.8
15737748,€151233.62,1,No,3,No,0,13611025.8
15803365,€70263.83,1,Yes,2,Yes,0,6323744.7
15793247,€0.0,2,Yes,5,Yes,0,0
15572360,€57657.49,1,No,10,No,0,5189174.1
15795166,€153572.31,2,Yes,8,Yes,0,13821507.9
15724620,€134752.08,1,No,1,No,0,12127687.2
15800856,€83132.09,1,Yes,3,Yes,0,7481888.1
15671097,€0.0,2,No,2,No,0,0
15683930,€134096.53,2,No,9,No,1,12068687.7
15749004,€118100.59,2,No,0,No,0,10629053.1
15800434,€76915.4,1,No,10,No,1,6922386
15709117,€81576.75,1,Yes,3,Yes,1,7341907.5
15638806,€0.0,2,No,2,No,0,0
15662294,€118327.17,2,Yes,10,Yes,0,10649445.3
15690079,€124857.69,2,No,8,No,0,11237192.1
15759317,€90971.85,1,Yes,2,Yes,0,8187466.5
15750497,€153147.75,1,Yes,7,Yes,0,13783297.5
15596181,€65942.26,1,Yes,8,Yes,1,5934803.4
15576602,€0.0,2,Yes,3,Yes,0,0
15644833,€0.0,1,No,2,No,1,0
15734634,€100912.19,1,No,5,No,0,9082097.1
15808689,€0.0,2,Yes,4,Yes,0,0
15720702,€0.0,1,No,3,No,1,0
15665077,€0.0,3,Yes,5,Yes,1,0
15763612,€124439.49,2,Yes,2,Yes,0,11199554.1
15596493,€0.0,2,Yes,7,Yes,0,0
15704483,€0.0,2,No,6,No,0,0
15598846,€58781.76,1,No,2,No,0,5290358.4
15629244,€159453.64,2,No,7,No,1,14350827.6
15765537,€142721.52,1,Yes,2,Yes,0,12844936.8
15729975,€167795.6,1,Yes,8,Yes,0,15101604
15682773,€128345.69,2,No,3,No,0,11551112.1
15688007,€165260.98,1,Yes,3,Yes,0,14873488.2
15574331,€118233.81,1,Yes,3,Yes,1,10641042.9
15645572,€0.0,1,No,6,No,1,0
15742854,€0.0,2,No,8,No,0,0
15575417,€143452.74,2,Yes,7,Yes,0,12910746.6
15796721,€145018.49,2,Yes,3,Yes,0,13051664.1
15734942,€82407.51,1,No,8,No,0,7416675.9
15664772,€79460.98,2,Yes,1,Yes,0,7151488.2
15576683,€0.0,1,No,9,No,1,0
15682563,€126473.99,1,No,5,No,0,11382659.1
15650889,€133537.1,2,No,10,No,0,12018339
15612108,€164978.01,1,Yes,5,Yes,0,14848020.9
15761132,€128029.72,1,Yes,7,Yes,0,11522674.8
15645511,€97403.18,1,Yes,2,Yes,1,8766286.2
15609824,€176845.41,3,No,7,No,1,15916086.9
15640268,€0.0,1,Yes,4,Yes,0,0
15645778,€81589.04,1,No,3,No,0,7343013.6
15691104,€119507.58,2,No,6,No,1,10755682.2
15714567,€0.0,2,No,6,No,0,0
15777826,€94443.77,1,Yes,5,Yes,0,8499939.3
15668445,€0.0,2,Yes,2,Yes,0,0
15576162,€92199.84,1,Yes,7,Yes,0,8297985.6
15778135,€0.0,1,No,3,No,0,0
15613141,€135756.96,1,Yes,3,Yes,0,12218126.4
15635435,€120633.42,1,No,9,No,1,10857007.8
15596552,€134542.73,1,Yes,5,Yes,1,12108845.7
15623644,€0.0,2,No,7,No,0,0
15683403,€0.0,1,Yes,7,Yes,1,0
15615029,€0.0,1,Yes,6,Yes,0,0
15769005,€154344.49,2,Yes,4,Yes,0,13891004.1
15746326,€0.0,2,Yes,3,Yes,0,0
15722364,€189026.53,2,Yes,9,Yes,0,17012387.7
15704954,€120764.08,1,Yes,0,Yes,0,10868767.2
15694409,€97975.82,2,Yes,3,Yes,0,8817823.8
15754068,€0.0,2,Yes,4,Yes,0,0
15683841,€113270.2,2,Yes,10,Yes,0,10194318
15789095,€0.0,2,Yes,4,Yes,0,0
15719958,€124548.99,2,Yes,3,Yes,0,11209409.1
15689514,€201696.07,1,No,8,No,1,18152646.3
15621353,€0.0,2,No,7,No,0,0
15627232,€114203.47,1,Yes,7,Yes,1,10278312.3
15745843,€0.0,2,Yes,4,Yes,0,0
15722902,€125437.64,1,Yes,8,Yes,1,11289387.6
15791767,€0.0,2,No,7,No,0,0
15792722,€64897.75,1,No,8,No,0,5840797.5
15723006,€0.0,2,Yes,8,Yes,0,0
15771942,€135555.66,1,No,9,No,1,12200009.4
15774738,€107764.75,1,No,3,No,0,9698827.5
15574004,€117307.44,2,Yes,6,Yes,0,10557669.6
15587233,€73700.12,3,Yes,8,Yes,1,6633010.8
15808228,€60603.4,1,Yes,6,Yes,0,5454306
15682834,€40169.88,2,Yes,4,Yes,0,3615289.2
15571752,€92041.87,1,Yes,10,Yes,0,8283768.3
15743067,€130483.95,1,No,3,No,0,11743555.5
15714466,€0.0,3,No,5,No,1,0
15617982,€0.0,2,No,3,No,0,0
15696637,€151097.28,1,Yes,10,Yes,0,13598755.2
15690647,€67563.31,1,No,8,No,1,6080697.9
15672756,€112808.18,1,Yes,8,Yes,0,10152736.2
15704586,€0.0,2,Yes,7,Yes,0,0
15674526,€86459.8,1,Yes,4,Yes,0,7781382
15775295,€118633.08,1,Yes,0,Yes,1,10676977.2
15684196,€159441.27,1,No,2,No,1,14349714.3
15727281,€0.0,2,No,9,No,0,0
15787835,€125212.65,2,Yes,4,Yes,1,11269138.5
15730540,€88656.37,2,No,8,No,0,7979073.3
15646276,€146033.62,1,No,2,No,0,13143025.8
15582180,€120268.13,1,Yes,9,Yes,0,10824131.7
15697095,€0.0,2,No,7,No,0,0
15748797,€0.0,1,No,0,No,1,0
15754796,€135070.58,2,Yes,4,Yes,1,12156352.2
15628947,€0.0,2,No,3,No,1,0
15775546,€0.0,2,No,5,No,0,0
15670481,€122550.05,2,Yes,9,Yes,0,11029504.5
15619029,€0.0,2,No,2,No,0,0
15613282,€130306.49,1,No,8,No,0,11727584.1
15721487,€0.0,1,Yes,6,Yes,0,0
15797276,€90350.77,1,No,4,No,1,8131569.3
15612494,€128747.69,1,No,6,No,1,11587292.1
15629617,€126873.52,1,Yes,2,Yes,0,11418616.8
15600821,€108424.19,1,Yes,2,Yes,0,9758177.1
15579062,€0.0,2,No,9,No,0,0
15814268,€84350.07,1,No,5,No,0,7591506.3
15710164,€0.0,2,No,7,No,1,0
15693904,€84958.6,2,Yes,4,Yes,0,7646274
15588986,€99097.36,1,Yes,4,Yes,0,8918762.4
15797733,€136622.55,2,No,10,No,0,12296029.5
15620507,€156771.68,1,Yes,5,Yes,0,14109451.2
15685150,€167658.33,2,Yes,7,Yes,0,15089249.7
15667651,€0.0,2,No,8,No,0,0
15774166,€109483.54,2,Yes,2,Yes,0,9853518.6
15649280,€134504.78,1,No,9,No,0,12105430.2
15705657,€114427.86,1,Yes,2,Yes,0,10298507.4
15753969,€83888.54,1,Yes,5,Yes,0,7549968.6
15742378,€110029.77,1,No,5,No,0,9902679.3
15794874,€127523.75,1,Yes,9,Yes,0,11477137.5
15589221,€139762.13,2,Yes,1,Yes,0,12578591.7
15596671,€91611.12,1,No,8,No,1,8245000.8
15583668,€109471.79,1,Yes,2,Yes,0,9852461.1
15710206,€150500.64,1,No,4,No,0,13545057.6
15799966,€101609.77,1,No,9,No,1,9144879.3
15794560,€0.0,1,Yes,5,Yes,0,0
15626485,€78892.23,1,Yes,8,Yes,0,7100300.7
15703143,€82344.84,1,Yes,3,Yes,0,7411035.6
15809772,€0.0,1,No,2,No,0,0
15687959,€0.0,1,Yes,4,Yes,0,0
15585282,€127706.33,2,Yes,1,Yes,0,11493569.7
15714993,€124349.34,1,No,9,No,0,11191440.6
15596021,€0.0,2,No,8,No,0,0
15646615,€119336.29,2,Yes,1,Yes,0,10740266.1
15742632,€0.0,1,Yes,9,Yes,0,0
15574068,€104217.3,1,No,9,No,1,9379557
15806967,€0.0,1,Yes,7,Yes,0,0
15796334,€144757.02,1,No,10,No,1,13028131.8
15688713,€0.0,1,Yes,6,Yes,0,0
15796179,€0.0,1,No,8,No,0,0
15598751,€0.0,3,No,6,No,1,0
15703019,€0.0,2,Yes,10,Yes,0,0
15646302,€100169.51,1,No,7,No,0,9015255.9
15680855,€145731.83,1,Yes,2,Yes,0,13115864.7
15697311,€110802.03,1,Yes,5,Yes,1,9972182.7
15585367,€120392.99,1,No,4,No,1,10835369.1
15726556,€135067.52,2,No,6,No,0,12156076.8
15676242,€136556.44,1,No,3,No,1,12290079.6
15684198,€0.0,2,Yes,10,Yes,0,0
15774882,€99587.43,1,Yes,3,Yes,1,8962868.7
15714227,€0.0,1,Yes,7,Yes,0,0
15608653,€70731.07,1,Yes,7,Yes,1,6365796.3
15784280,€109342.82,2,Yes,2,Yes,0,9840853.8
15789546,€0.0,2,No,8,No,0,0
15590320,€0.0,2,Yes,4,Yes,0,0
15678385,€78247.31,2,Yes,2,Yes,0,7042257.9
15571778,€117561.49,1,No,10,No,1,10580534.1
15657085,€88980.32,1,Yes,10,Yes,0,8008228.8
15640627,€0.0,2,No,4,No,0,0
15566211,€103560.57,1,No,1,No,1,9320451.3
15669293,€113308.84,1,Yes,5,Yes,0,10197795.6
15595067,€0.0,2,Yes,6,Yes,0,0
15753566,€63763.49,1,No,3,No,0,5738714.1
15650391,€169988.35,1,No,7,No,0,15298951.5
15681843,€180303.24,2,No,0,No,0,16227291.6
15814846,€0.0,1,No,3,No,1,0
15670374,€120656.86,4,No,1,No,1,10859117.4
15762332,€61592.14,2,Yes,1,Yes,0,5543292.6
15700223,€164701.68,1,Yes,4,Yes,0,14823151.2
15729956,€80780.16,1,Yes,1,Yes,0,7270214.4
15594862,€0.0,2,No,8,No,0,0
15598782,€154221.37,2,Yes,6,Yes,0,13879923.3
15745080,€0.0,1,No,8,No,0,0
15703399,€101641.14,2,Yes,5,Yes,0,9147702.6
15732175,€0.0,1,Yes,2,Yes,0,0
15630725,€92786.66,1,No,5,No,1,8350799.4
15640260,€131081.66,2,Yes,8,Yes,0,11797349.4
15716822,€98014.74,1,Yes,5,Yes,0,8821326.6
15583748,€0.0,2,No,8,No,0,0
15605968,€97460.1,1,Yes,8,Yes,0,8771409
15790683,€104077.19,2,Yes,1,Yes,0,9366947.1
15607713,€0.0,2,Yes,1,Yes,0,0
15700212,€0.0,2,No,10,No,1,0
15626710,€0.0,1,Yes,4,Yes,0,0
15716491,€93656.95,1,Yes,4,Yes,1,8429125.5
15625824,€121345.88,4,No,6,No,1,10921129.2
15617705,€141675.23,1,Yes,8,Yes,0,12750770.7
15761976,€0.0,2,No,8,No,0,0
15634891,€102365.49,1,No,7,No,1,9212894.1
15744517,€0.0,1,No,9,No,1,0
15686963,€0.0,1,No,3,No,0,0
15808189,€0.0,2,Yes,6,Yes,0,0
15580845,€101868.51,1,Yes,7,Yes,0,9168165.9
15799156,€0.0,2,No,8,No,0,0
15694296,€112392.45,2,No,9,No,0,10115320.5
15677049,€106570.34,2,Yes,7,Yes,0,9591330.6
15583595,€0.0,1,Yes,8,Yes,0,0
15590146,€81947.76,1,Yes,1,Yes,1,7375298.4
15801548,€144162.3,2,Yes,7,Yes,0,12974607
15660833,€86350.87,2,No,5,No,0,7771578.3
15762277,€158623.14,1,No,5,No,1,14276082.6
15791302,€0.0,2,No,8,No,0,0
15798975,€132403.56,1,No,4,No,1,11916320.4
15599956,€0.0,2,No,10,No,0,0
15577274,€134985.66,1,No,3,No,0,12148709.4
15701200,€0.0,2,Yes,6,Yes,0,0
15638149,€103772.45,1,No,6,No,0,9339520.5
15786199,€133040.32,1,Yes,2,Yes,0,11973628.8
15701765,€0.0,2,No,0,No,0,0
15586974,€0.0,2,Yes,10,Yes,0,0
15729040,€0.0,2,No,2,No,0,0
15788676,€71460.67,2,Yes,8,Yes,0,6431460.3
15602497,€133214.13,1,Yes,6,Yes,0,11989271.7
15701333,€96558.66,1,No,7,No,0,8690279.4
15812071,€93806.31,2,Yes,6,Yes,0,8442567.9
15634375,€0.0,2,No,8,No,0,0
15738267,€124043.8,1,Yes,3,Yes,1,11163942
15786800,€131694.97,1,Yes,5,Yes,1,11852547.3
15591130,€0.0,2,Yes,6,Yes,0,0
15720662,€106266.8,1,Yes,1,Yes,0,9564012
15751531,€0.0,2,Yes,8,Yes,0,0
15653595,€0.0,2,Yes,6,Yes,0,0
15568360,€139840.36,1,Yes,4,Yes,0,12585632.4
15781210,€0.0,2,No,8,No,0,0
15668058,€124098.54,1,No,8,No,0,11168868.6
15597131,€145807.59,1,Yes,5,Yes,0,13122683.1
15697283,€0.0,2,No,8,No,0,0
15640953,€107508.93,2,Yes,2,Yes,0,9675803.7
15715031,€0.0,2,Yes,6,Yes,0,0
15589660,€145980.23,1,Yes,1,Yes,0,13138220.7
15769818,€212778.2,1,Yes,3,Yes,0,19150038
15782736,€152522.47,1,Yes,4,Yes,1,13727022.3
15614818,€168964.77,1,Yes,9,Yes,0,15206829.3
15794014,€0.0,2,No,8,No,0,0
15732448,€0.0,1,Yes,8,Yes,0,0
15723411,€98266.3,1,Yes,4,Yes,0,8843967
15797686,€113000.92,1,Yes,8,Yes,0,10170082.8
15605950,€137060.88,2,Yes,1,Yes,0,12335479.2
15812497,€112146.12,1,No,5,No,0,10093150.8
15690678,€129307.32,1,Yes,4,Yes,0,11637658.8
15747677,€163975.09,1,Yes,6,Yes,0,14757758.1
15618926,€0.0,2,Yes,7,Yes,0,0
15673908,€158414.85,1,Yes,6,Yes,0,14257336.5
15727944,€92072.68,1,Yes,1,Yes,0,8286541.2
15807294,€88243.29,2,Yes,2,Yes,0,7941896.1
15618581,€0.0,2,Yes,8,Yes,0,0
15584364,€59486.31,1,No,4,No,1,5353767.9
15599552,€0.0,2,Yes,2,Yes,0,0
15749177,€0.0,2,Yes,7,Yes,0,0
15718779,€0.0,1,Yes,1,Yes,0,0
15568106,€119278.01,2,Yes,8,Yes,0,10735020.9
15779481,€158741.43,2,Yes,4,Yes,0,14286728.7
15709994,€140596.95,1,Yes,7,Yes,1,12653725.5
15772777,€0.0,2,Yes,10,Yes,0,0
15706815,€90432.92,1,Yes,2,Yes,1,8138962.8
15618018,€104783.81,2,Yes,1,Yes,0,9430542.9
15671032,€77992.97,2,Yes,0,Yes,0,7019367.3
15634281,€110822.9,1,No,10,No,0,9974061
15766374,€119624.6,2,Yes,4,Yes,0,10766214
15600991,€109052.59,2,Yes,6,Yes,1,9814733.1
15777576,€139129.44,1,Yes,5,Yes,0,12521649.6
15742613,€152324.66,2,No,8,No,0,13709219.4
15649523,€0.0,2,No,1,No,0,0
15651063,€127480.58,2,No,9,No,0,11473252.2
15683124,€115029.4,1,No,6,No,1,10352646
15618314,€114005.78,1,Yes,8,Yes,0,10260520.2
15670823,€116646.76,1,No,1,No,1,10498208.4
15607133,€110864.38,2,Yes,1,Yes,1,9977794.2
15615012,€156267.59,1,No,5,No,0,14064083.1
15725141,€109528.28,1,No,3,No,1,9857545.2
15623560,€102482.76,1,Yes,6,Yes,0,9223448.4
15693018,€115563.71,1,Yes,10,Yes,0,10400733.9
15636756,€0.0,2,No,2,No,0,0
15647474,€95624.36,2,Yes,9,Yes,0,8606192.4
15576714,€0.0,2,Yes,8,Yes,0,0
15585047,€160376.61,1,No,7,No,0,14433894.9
15743976,€37702.79,1,Yes,8,Yes,0,3393251.1
15793881,€118273.83,1,Yes,6,Yes,0,10644644.7
15576517,€131082.17,2,Yes,7,Yes,0,11797395.3
15631072,€94456.0,2,Yes,1,Yes,0,8501040
15730394,€0.0,2,No,8,No,1,0
15631460,€0.0,2,Yes,3,Yes,0,0
15692002,€93791.38,1,Yes,6,Yes,0,8441224.2
15595282,€0.0,2,No,4,No,0,0
15789548,€0.0,2,Yes,7,Yes,0,0
15758035,€155973.13,1,Yes,7,Yes,0,14037581.7
15617518,€89409.95,1,Yes,7,Yes,0,8046895.5
15651802,€97854.37,2,No,5,No,0,8806893.3
15631813,€0.0,2,Yes,6,Yes,0,0
15729668,€60280.62,1,No,3,No,0,5425255.8
15741728,€135216.8,1,Yes,7,Yes,0,12169512
15576676,€124923.35,2,Yes,6,Yes,0,11243101.5
15711378,€0.0,2,No,4,No,0,0
15765520,€188614.07,1,No,7,No,0,16975266.3
15656726,€62321.62,1,Yes,5,Yes,0,5608945.8
15647842,€120782.7,1,No,8,No,1,10870443
15719309,€115961.58,2,Yes,1,Yes,0,10436542.2
15748718,€115062.61,1,No,2,No,0,10355634.9
15594404,€160602.25,2,No,8,No,0,14454202.5
15751158,€108825.34,3,No,4,No,1,9794280.6
15593470,€166287.85,1,Yes,8,Yes,0,14965906.5
15695129,€152663.77,1,Yes,1,Yes,0,13739739.3
15640865,€80844.69,2,Yes,9,Yes,0,7276022.1
15714080,€97001.36,2,No,2,No,0,8730122.4
15648721,€0.0,2,Yes,4,Yes,0,0
15801466,€122524.61,2,No,2,No,0,11027214.9
15750248,€132292.63,1,No,8,No,0,11906336.7
15758726,€0.0,2,Yes,0,Yes,0,0
15781553,€91502.99,1,No,9,No,1,8235269.1
15649121,€0.0,1,No,3,No,1,0
15674811,€59385.98,2,Yes,3,Yes,0,5344738.2
15646037,€0.0,3,Yes,9,Yes,0,0
15722578,€97956.5,1,Yes,6,Yes,0,8816085
15665695,€0.0,2,Yes,4,Yes,0,0
15801062,€0.0,2,Yes,4,Yes,0,0
15662955,€141223.68,2,No,8,No,0,12710131.2
15770309,€151762.74,1,Yes,10,Yes,0,13658646.6
15657386,€141749.74,2,Yes,1,Yes,0,12757476.6
15777797,€75075.14,1,Yes,5,Yes,1,6756762.6
15783955,€165686.11,2,No,4,No,0,14911749.9
15804516,€0.0,1,No,2,No,0,0
15681758,€0.0,2,No,10,No,0,0
15630321,€0.0,2,No,3,No,0,0
15588248,€0.0,2,Yes,0,Yes,1,0
15591932,€92961.61,1,No,5,No,0,8366544.9
15810347,€0.0,2,Yes,9,Yes,0,0
15595303,€130812.91,1,Yes,5,Yes,1,11773161.9
15634950,€107174.58,1,Yes,8,Yes,1,9645712.2
15685372,€152677.48,1,Yes,1,Yes,1,13740973.2
15745827,€132005.77,1,No,3,No,0,11880519.3
15755868,€0.0,1,No,7,No,0,0
15735222,€0.0,2,Yes,5,Yes,0,0
15604804,€127305.5,1,Yes,7,Yes,0,11457495
15718944,€0.0,2,No,6,No,0,0
15678626,€0.0,2,No,0,No,0,0
15571550,€0.0,1,No,9,No,0,0
15723053,€170291.22,2,Yes,8,Yes,0,15326209.8
15661528,€102562.23,1,No,5,No,0,9230600.7
15754177,€111061.01,2,No,2,No,0,9995490.9
15683544,€0.0,1,Yes,3,Yes,0,0
15708048,€124379.14,1,No,4,No,0,11194122.6
15701109,€0.0,1,Yes,7,Yes,0,0
15600110,€57745.76,1,No,3,No,0,5197118.4
15651533,€129293.74,1,No,5,No,1,11636436.6
15777904,€0.0,2,Yes,7,Yes,0,0
15655574,€150777.1,1,No,8,No,0,13569939
15569423,€0.0,2,No,4,No,0,0
15718106,€0.0,2,No,6,No,0,0
15585067,€108632.48,1,Yes,9,Yes,1,9776923.2
15675501,€153861.1,1,Yes,5,Yes,0,13847499
15633233,€100374.58,1,No,1,No,1,9033712.2
15667134,€0.0,2,No,8,No,0,0
15659105,€61196.54,1,No,9,No,0,5507688.6
15575409,€116891.72,1,No,6,No,0,10520254.8
15752342,€133656.91,3,No,6,No,1,12029121.9
15654851,€92911.52,1,Yes,2,Yes,0,8362036.8
15741429,€119825.75,2,Yes,9,Yes,0,10784317.5
15682356,€111852.84,2,No,7,No,0,10066755.6
15806447,€106683.52,2,Yes,0,Yes,0,9601516.8
15800229,€139022.24,1,Yes,7,Yes,0,12512001.6
15663441,€148571.07,1,No,4,No,1,13371396.3
15791991,€0.0,1,Yes,4,Yes,0,0
15775082,€129776.72,2,Yes,1,Yes,0,11679904.8
15579706,€0.0,1,No,5,No,1,0
15718247,€0.0,2,Yes,8,Yes,0,0
15755722,€0.0,1,No,10,No,0,0
15582259,€0.0,2,Yes,7,Yes,0,0
15716994,€114739.92,1,No,3,No,1,10326592.8
15586880,€122545.65,2,Yes,2,Yes,0,11029108.5
15713854,€0.0,2,No,6,No,0,0
15780835,€131908.35,1,Yes,1,Yes,0,11871751.5
15675896,€105722.69,1,Yes,7,Yes,1,9515042.1
15658459,€0.0,2,No,10,No,0,0
15658057,€0.0,3,No,8,No,1,0
15801767,€0.0,2,No,8,No,0,0
15569178,€82767.42,1,No,4,No,0,7449067.8
15731478,€87842.98,1,No,1,No,0,7905868.2
15811236,€133261.13,1,Yes,6,Yes,0,11993501.7
15746749,€0.0,2,Yes,3,Yes,0,0
15662758,€97925.11,1,No,0,No,0,8813259.9
15709387,€0.0,1,Yes,5,Yes,0,0
15572093,€140453.91,1,No,7,No,0,12640851.9
15713826,€117356.19,1,No,0,No,1,10562057.1
15570205,€0.0,2,Yes,5,Yes,0,0
15589348,€137204.77,1,Yes,4,Yes,0,12348429.3
15804610,€0.0,2,Yes,1,Yes,0,0
15700854,€0.0,1,No,8,No,1,0
15758836,€54098.18,2,Yes,3,Yes,0,4868836.2
15772933,€0.0,1,Yes,8,Yes,0,0
15809006,€113758.48,2,No,7,No,0,10238263.2
15689612,€0.0,1,Yes,8,Yes,0,0
15744614,€118636.92,1,Yes,9,Yes,0,10677322.8
15704250,€0.0,2,No,7,No,0,0
15700255,€95488.82,2,No,8,No,0,8593993.8
15669410,€110829.52,2,No,8,No,0,9974656.8
15807595,€144244.59,2,No,7,No,0,12982013.1
15664523,€122021.92,2,No,8,No,0,10981972.8
15642833,€0.0,2,No,8,No,0,0
15605279,€0.0,4,Yes,9,Yes,1,0
15713644,€0.0,2,No,5,No,0,0
15750466,€85839.62,1,No,1,No,0,7725565.8
15739054,€96974.97,1,Yes,4,Yes,0,8727747.3
15612771,€148172.44,1,Yes,4,Yes,0,13335519.6
15788483,€0.0,1,No,0,No,0,0
15732832,€0.0,2,No,5,No,0,0
15772892,€0.0,1,No,2,No,0,0
15713843,€0.0,2,Yes,2,Yes,0,0
15567993,€134766.85,1,No,8,No,0,12129016.5
15617603,€123210.56,2,Yes,5,Yes,0,11088950.4
15744983,€139887.01,1,Yes,1,Yes,0,12589830.9
15630419,€149961.11,1,No,9,No,0,13496499.9
15738828,€152880.97,1,No,6,No,0,13759287.3
15778025,€108589.47,2,Yes,9,Yes,0,9773052.3
15799479,€0.0,1,Yes,9,Yes,0,0
15684269,€56674.48,1,No,3,No,1,5100703.2
15762745,€0.0,1,No,8,No,0,0
15746970,€0.0,2,Yes,1,Yes,0,0
15725024,€105663.56,2,Yes,3,Yes,0,9509720.4
15592116,€0.0,2,No,7,No,0,0
15624391,€100683.54,1,Yes,5,Yes,0,9061518.6
15567422,€0.0,2,No,6,No,0,0
15612627,€139541.58,2,No,5,No,0,12558742.2
15574879,€121801.72,2,Yes,2,Yes,0,10962154.8
15745107,€112281.7,1,Yes,5,Yes,0,10105353
15734491,€0.0,2,Yes,4,Yes,0,0
15675320,€93499.82,2,No,5,No,0,8414983.8
15643824,€132255.99,2,Yes,0,Yes,0,11903039.1
15643438,€0.0,2,No,7,No,0,0
15721730,€0.0,2,No,4,No,0,0
15680727,€121973.28,1,No,5,No,0,10977595.2
15752508,€99462.8,2,Yes,7,Yes,0,8951652
15808846,€165878.76,2,Yes,3,Yes,0,14929088.4
15727251,€117494.27,1,No,8,No,0,10574484.3
15663489,€138577.34,1,No,0,No,0,12471960.6
15683677,€0.0,1,Yes,9,Yes,0,0
15596414,€107525.07,1,No,8,No,0,9677256.3
15730639,€139224.92,2,No,7,No,0,12530242.8
15672132,€121453.63,1,No,7,No,0,10930826.7
15742638,€0.0,2,Yes,4,Yes,0,0
15578603,€77354.37,1,No,1,No,1,6961893.3
15726088,€0.0,1,Yes,6,Yes,0,0
15682533,€79259.99,1,Yes,7,Yes,0,7133399.1
15772995,€116295.29,1,No,2,No,0,10466576.1
15765694,€0.0,1,Yes,1,Yes,1,0
15659486,€74309.81,1,No,9,No,0,6687882.9
15568963,€152797.9,1,No,2,No,1,13751811
15703820,€133701.07,2,No,9,No,1,12033096.3
15569410,€114430.18,2,Yes,7,Yes,0,10298716.2
15632256,€127504.57,1,No,7,No,0,11475411.3
15724466,€84113.41,1,No,2,No,0,7570206.9
15777639,€101126.66,2,No,10,No,0,9101399.4
15802501,€103564.83,2,No,5,No,0,9320834.7
15778410,€0.0,1,Yes,7,Yes,1,0
15670702,€168178.21,2,Yes,2,Yes,0,15136038.9
15704763,€143903.11,1,Yes,1,Yes,1,12951279.9
15645544,€129753.69,1,No,5,No,0,11677832.1
15757646,€0.0,2,No,9,No,0,0
15701121,€110641.18,1,Yes,5,Yes,1,9957706.2
15796313,€166909.2,2,No,4,No,1,15021828
15815660,€154139.45,1,Yes,1,Yes,0,13872550.5
15602844,€97459.06,1,No,7,No,0,8771315.4
15636238,€0.0,2,Yes,1,Yes,0,0
15770101,€112088.04,2,Yes,6,Yes,0,10087923.6
15645543,€0.0,2,Yes,3,Yes,0,0
15596397,€0.0,2,Yes,7,Yes,0,0
15770525,€141038.57,2,No,1,No,0,12693471.3
15684267,€84468.67,2,Yes,2,Yes,0,7602180.3
15689980,€118520.26,1,No,4,No,1,10666823.4
15633260,€142663.46,1,Yes,1,Yes,0,12839711.4
15756471,€118627.16,2,Yes,4,Yes,0,10676444.4
15721303,€137523.02,1,No,1,No,0,12377071.8
15802256,€110976.23,2,No,7,No,0,9987860.7
15725664,€107283.4,1,No,8,No,0,9655506
15674851,€0.0,2,No,5,No,0,0
15701946,€124314.45,1,No,4,No,0,11188300.5
15748947,€95858.37,1,Yes,5,Yes,0,8627253.3
15673342,€0.0,2,No,2,No,0,0
15601008,€0.0,2,No,8,No,0,0
15771636,€0.0,1,No,0,No,0,0
15642002,€117707.18,2,No,6,No,1,10593646.2
15693381,€135289.33,2,Yes,1,Yes,0,12176039.7
15607691,€174060.46,1,Yes,8,Yes,0,15665441.4
15589380,€114446.84,2,Yes,3,Yes,0,10300215.6
15603846,€0.0,2,No,2,No,1,0
15753549,€157848.53,1,No,1,No,1,14206367.7
15725355,€0.0,1,Yes,8,Yes,0,0
15773017,€0.0,2,Yes,6,Yes,0,0
15625641,€108071.36,2,Yes,3,Yes,0,9726422.4
15776467,€14262.8,2,No,8,No,0,1283652
15746451,€102749.72,1,Yes,7,Yes,0,9247474.8
15777922,€161757.87,2,Yes,1,Yes,0,14558208.3
15606841,€0.0,2,No,1,No,0,0
15757648,€95698.79,1,Yes,5,Yes,0,8612891.1
15677173,€124969.13,1,No,9,No,0,11247221.7
15764170,€93960.35,1,No,4,No,1,8456431.5
15610446,€88308.87,3,No,4,No,1,7947798.3
15612776,€0.0,2,Yes,10,Yes,0,0
15794122,€0.0,2,Yes,3,Yes,0,0
15774931,€112935.87,1,Yes,7,Yes,0,10164228.3
15779247,€98567.1,1,No,8,No,0,8871039
15707078,€180530.51,1,No,1,No,0,16247745.9
15605263,€140931.57,1,Yes,5,Yes,0,12683841.3
15607381,€148913.72,2,No,7,No,0,13402234.8
15683471,€0.0,2,No,7,No,0,0
15605037,€0.0,1,Yes,2,Yes,1,0
15576085,€0.0,2,No,5,No,0,0
15770435,€115335.32,2,Yes,6,Yes,0,10380178.8
15592994,€0.0,2,Yes,0,Yes,0,0
15624068,€0.0,2,Yes,0,Yes,0,0
15595221,€134678.13,1,No,7,No,0,12121031.7
15637131,€0.0,2,No,9,No,0,0
15613471,€90547.48,2,Yes,2,Yes,0,8149273.2
15583499,€103324.78,1,Yes,9,Yes,0,9299230.2
15752816,€114590.58,1,No,3,No,0,10313152.2
15804075,€91286.51,1,No,3,No,0,8215785.9
15800517,€163340.12,2,Yes,5,Yes,0,14700610.8
15712319,€150900.29,2,Yes,8,Yes,0,13581026.1
15797389,€124577.33,1,Yes,9,Yes,0,11211959.7
15621432,€0.0,2,No,1,No,0,0
15779390,€91292.7,1,Yes,4,Yes,0,8216343
15711219,€93716.72,1,Yes,8,Yes,1,8434504.8
15770498,€111723.08,1,Yes,4,Yes,0,10055077.2
15678727,€110765.68,1,No,4,No,1,9968911.2
15573893,€173459.45,2,Yes,9,Yes,0,15611350.5
15740104,€169649.73,2,Yes,7,Yes,1,15268475.7
15792649,€0.0,2,No,9,No,0,0
15605275,€116917.07,1,No,8,No,1,10522536.3
15572467,€0.0,2,Yes,5,Yes,0,0
15738219,€0.0,2,Yes,7,Yes,0,0
15600710,€0.0,1,No,0,No,0,0
15804394,€130627.66,1,No,8,No,1,11756489.4
15694188,€56580.95,2,Yes,5,Yes,0,5092285.5
15583718,€142316.14,1,Yes,6,Yes,0,12808452.6
15802478,€0.0,2,Yes,6,Yes,0,0
15619343,€152759.0,2,No,7,No,1,13748310
15758813,€109733.2,2,No,0,No,1,9875988
15761374,€117444.51,1,Yes,9,Yes,0,10570005.9
15569209,€76001.57,1,Yes,5,Yes,0,6840141.3
15788539,€107747.57,1,No,3,No,0,9697281.3
15747222,€0.0,2,Yes,8,Yes,0,0
15769346,€134997.49,2,No,1,No,0,12149774.1
15699634,€0.0,2,Yes,2,Yes,0,0
15589076,€0.0,1,Yes,9,Yes,1,0
15812338,€0.0,1,No,7,No,0,0
15758845,€64345.21,1,Yes,0,Yes,1,5791068.9
15685844,€141665.63,1,Yes,8,Yes,0,12749906.7
15583090,€0.0,2,No,8,No,0,0
15587581,€136624.6,2,Yes,5,Yes,0,12296214
15633640,€161209.66,1,Yes,4,Yes,0,14508869.4
15573741,€95010.92,1,Yes,10,Yes,0,8550982.8
15633574,€167545.32,1,No,4,No,0,15079078.8
15711455,€109044.6,1,No,4,No,1,9814014
15570601,€122031.55,1,Yes,9,Yes,1,10982839.5
15690925,€27755.97,1,No,2,No,1,2498037.3
15709338,€118560.55,1,Yes,1,Yes,0,10670449.5
15780746,€0.0,2,Yes,4,Yes,0,0
15681956,€0.0,2,Yes,9,Yes,0,0
15778190,€97840.72,1,Yes,8,Yes,0,8805664.8
15786852,€158651.29,2,Yes,2,Yes,0,14278616.1
15726494,€175303.06,1,No,9,No,1,15777275.4
15641183,€96950.21,1,No,8,No,0,8725518.9
15805312,€123859.6,1,Yes,7,Yes,0,11147364
15636572,€0.0,2,Yes,7,Yes,0,0
15632575,€0.0,1,Yes,9,Yes,0,0
15740164,€85227.84,1,Yes,3,Yes,0,7670505.6
15574947,€97786.08,2,Yes,8,Yes,0,8800747.2
15597909,€128135.99,1,No,7,No,0,11532239.1
15782574,€0.0,2,No,6,No,0,0
15734999,€85996.19,1,No,2,No,0,7739657.1
15706593,€0.0,2,Yes,10,Yes,0,0
15766686,€104502.11,1,No,1,No,0,9405189.9
15590268,€95772.97,1,Yes,5,Yes,0,8619567.3
15763055,€98108.79,1,Yes,5,Yes,0,8829791.1
15664754,€131607.28,4,Yes,9,Yes,1,11844655.2
15643630,€63127.41,2,No,9,No,1,5681466.9
15641043,€0.0,2,Yes,7,Yes,0,0
15768095,€0.0,1,Yes,9,Yes,0,0
15811314,€140355.56,2,No,9,No,0,12632000.4
15669922,€0.0,2,Yes,2,Yes,0,0
15707114,€0.0,2,Yes,2,Yes,0,0
15670602,€107418.27,1,Yes,7,Yes,0,9667644.3
15713479,€0.0,2,No,6,No,0,0
15663830,€0.0,2,Yes,6,Yes,0,0
15566958,€167557.12,1,Yes,7,Yes,0,15080140.8
15680918,€117300.02,1,No,8,No,0,10557001.8
15663921,€0.0,2,Yes,7,Yes,0,0
15716324,€143672.9,1,Yes,9,Yes,0,12930561
15796969,€0.0,2,Yes,4,Yes,0,0
15574783,€0.0,2,Yes,1,Yes,0,0
15773487,€76798.92,1,No,8,No,0,6911902.8
15802486,€0.0,2,Yes,3,Yes,0,0
15783398,€115309.75,1,No,7,No,0,10377877.5
15649418,€178171.04,2,Yes,7,Yes,0,16035393.6
15604588,€0.0,2,Yes,3,Yes,0,0
15735428,€0.0,2,No,0,No,0,0
15629078,€127258.79,1,Yes,5,Yes,1,11453291.1
15806880,€0.0,1,Yes,6,Yes,0,0
15754999,€0.0,1,Yes,8,Yes,0,0
15781034,€0.0,2,Yes,5,Yes,0,0
15622017,€0.0,1,Yes,10,Yes,0,0
15705885,€0.0,2,Yes,2,Yes,0,0
15677382,€107569.96,1,Yes,1,Yes,0,9681296.4
15566843,€134874.4,1,Yes,9,Yes,0,12138696
15608387,€0.0,2,No,4,No,0,0
15810786,€0.0,2,Yes,3,Yes,0,0
15626983,€0.0,2,Yes,6,Yes,0,0
15773605,€0.0,2,No,3,No,0,0
15811261,€70105.87,1,Yes,0,Yes,0,6309528.3
15590606,€0.0,2,No,9,No,0,0
15576644,€78939.15,1,No,4,No,1,7104523.5
15750264,€105128.85,2,Yes,6,Yes,0,9461596.5
15741554,€113836.27,1,Yes,2,Yes,0,10245264.3
15769051,€0.0,1,Yes,7,Yes,0,0
15812198,€100900.5,1,No,1,No,1,9081045
15699772,€129248.11,2,No,3,No,1,11632329.9
15744105,€109118.05,2,Yes,3,Yes,0,9820624.5
15739858,€0.0,1,Yes,7,Yes,1,0
15723720,€0.0,2,Yes,7,Yes,0,0
15638355,€126397.66,1,No,5,No,1,11375789.4
15805637,€108546.16,3,No,9,No,1,9769154.4
15629575,€148061.89,1,No,2,No,1,13325570.1
15586243,€122277.87,1,Yes,8,Yes,0,11005008.3
15757931,€0.0,2,No,3,No,0,0
15716023,€0.0,2,Yes,1,Yes,0,0
15647782,€152899.24,2,No,8,No,0,13760931.6
15716609,€134388.11,1,No,3,No,1,12094929.9
15623791,€109740.62,1,No,3,No,0,9876655.8
15627262,€92366.72,2,No,6,No,0,8313004.8
15652693,€129109.02,1,No,4,No,1,11619811.8
15586993,€0.0,2,Yes,5,Yes,0,0
15815560,€105102.5,1,Yes,7,Yes,0,9459225
15584930,€111375.32,2,No,5,No,0,10023778.8
15799031,€0.0,2,No,3,No,0,0
15810457,€150412.14,2,No,9,No,0,13537092.6
15697879,€156660.72,2,No,3,No,0,14099464.8
15594902,€90957.81,1,Yes,3,Yes,0,8186202.9
15799710,€104960.46,1,Yes,7,Yes,0,9446441.4
15659651,€117052.82,1,No,7,No,1,10534753.8
15645956,€88915.85,1,No,3,No,0,8002426.5
15651713,€148071.39,1,No,6,No,0,13326425.1
15737265,€152182.83,1,No,6,No,0,13696454.7
15687310,€0.0,2,No,9,No,0,0
15607347,€130056.23,1,No,5,No,1,11705060.7
15698321,€95039.73,2,Yes,3,Yes,0,8553575.7
15657812,€0.0,2,Yes,1,Yes,0,0
15569187,€0.0,2,No,9,No,0,0
15681562,€112773.73,2,Yes,2,Yes,0,10149635.7
15615456,€123806.28,1,No,10,No,1,11142565.2
15589793,€144453.75,1,No,8,No,1,13000837.5
15781884,€94667.29,2,Yes,9,Yes,0,8520056.1
15675190,€0.0,2,Yes,10,Yes,0,0
15600734,€174397.21,2,Yes,5,Yes,0,15695748.9
15779176,€108888.24,3,Yes,3,Yes,1,9799941.6
15605286,€118803.35,2,Yes,4,Yes,1,10692301.5
15674922,€171137.62,1,Yes,6,Yes,1,15402385.8
15737506,€0.0,1,No,6,No,0,0
15780514,€136678.52,1,No,8,No,0,12301066.8
15623647,€135515.76,1,No,1,No,0,12196418.4
15668472,€177799.83,2,No,5,No,0,16001984.7
15692416,€143542.36,3,No,8,No,1,12918812.4
15771139,€147487.23,2,No,8,No,0,13273850.7
15738318,€97764.41,1,No,5,No,1,8798796.9
15772243,€0.0,1,No,9,No,1,0
15638463,€139480.18,1,Yes,8,Yes,0,12553216.2
15598088,€0.0,2,Yes,5,Yes,0,0
15693468,€140553.46,1,No,9,No,0,12649811.4
15671930,€0.0,2,Yes,5,Yes,0,0
15762268,€141162.08,1,No,10,No,0,12704587.2
15780954,€65848.36,2,No,4,No,0,5926352.4
15700174,€83319.28,1,No,0,No,0,7498735.2
15635728,€0.0,2,No,4,No,0,0
15679283,€129731.64,2,No,4,No,0,11675847.6
15591386,€0.0,2,No,5,No,0,0
15694192,€0.0,2,No,6,No,0,0
15585901,€0.0,3,No,1,No,1,0
15792329,€107106.33,2,No,5,No,0,9639569.7
15635597,€0.0,2,Yes,8,Yes,0,0
15775880,€0.0,2,Yes,9,Yes,0,0
15630913,€105303.73,1,Yes,1,Yes,0,9477335.7
15756680,€165798.1,1,No,6,No,0,14921829
15587913,€0.0,2,No,4,No,0,0
15737605,€126495.57,2,Yes,1,Yes,0,11384601.3
15627876,€116393.59,1,No,9,No,1,10475423.1
15772601,€81733.74,2,No,2,No,0,7356036.6
15758606,€0.0,1,Yes,4,Yes,1,0
15657107,€106171.68,1,No,8,No,1,9555451.2
15622454,€96020.86,1,Yes,0,Yes,0,8641877.4
15775803,€0.0,2,Yes,1,Yes,0,0
15570859,€181671.16,2,Yes,2,Yes,0,16350404.4
15748381,€185709.28,2,Yes,6,Yes,0,16713835.2
15787189,€134250.17,3,No,8,No,1,12082515.3
15666055,€0.0,1,No,7,No,1,0
15617648,€95671.75,2,Yes,5,Yes,0,8610457.5
15755678,€0.0,2,No,2,No,1,0
15624781,€142151.75,2,Yes,1,Yes,0,12793657.5
15779497,€127823.93,1,Yes,5,Yes,0,11504153.7
15567399,€144164.29,1,Yes,3,Yes,0,12974786.1
15613656,€63492.94,1,Yes,1,Yes,0,5714364.6
15734311,€0.0,2,Yes,3,Yes,0,0
15657214,€0.0,2,Yes,2,Yes,0,0
15799350,€106134.46,1,Yes,0,Yes,0,9552101.4
15729970,€127269.75,1,Yes,8,Yes,0,11454277.5
15725835,€124493.03,2,Yes,3,Yes,1,11204372.7
15745543,€0.0,2,No,7,No,0,0
15727384,€146547.78,1,Yes,10,Yes,1,13189300.2
15666916,€99610.92,2,No,6,No,0,8964982.8
15732917,€117837.43,1,No,5,No,1,10605368.7
15612050,€168522.37,1,Yes,8,Yes,0,15167013.3
15726267,€117337.54,2,Yes,9,Yes,0,10560378.6
15780124,€108131.53,1,Yes,9,Yes,0,9731837.7
15742238,€136496.12,2,No,4,No,0,12284650.8
15679024,€116324.53,1,No,3,No,0,10469207.7
15715297,€75470.23,1,Yes,2,Yes,0,6792320.7
15633612,€172646.82,1,Yes,4,Yes,0,15538213.8
15602929,€0.0,1,No,4,No,0,0
15696703,€160358.68,2,No,3,No,0,14432281.2
15756668,€98415.37,1,Yes,3,Yes,0,8857383.3
15565779,€57809.32,1,No,6,No,0,5202838.8
15795519,€128743.8,1,No,3,No,0,11586942
15761477,€130806.42,2,No,4,No,0,11772577.8
15731890,€123971.16,1,Yes,1,Yes,0,11157404.4
15633043,€0.0,1,No,6,No,1,0
15752953,€0.0,2,No,9,No,0,0
15603088,€0.0,2,Yes,9,Yes,0,0
15606613,€0.0,1,No,7,No,1,0
15635939,€0.0,2,No,9,No,0,0
15666043,€156297.58,2,Yes,4,Yes,0,14066782.2
15746190,€0.0,2,Yes,2,Yes,0,0
15591357,€123372.3,1,Yes,3,Yes,0,11103507
15658716,€92171.35,3,No,5,No,1,8295421.5
15679909,€0.0,2,No,8,No,0,0
15634262,€148375.19,2,Yes,4,Yes,0,13353767.1
15799825,€0.0,2,Yes,8,Yes,0,0
15756875,€147422.44,1,Yes,6,Yes,0,13268019.6
15678146,€173962.32,1,No,7,No,1,15656608.8
15710743,€0.0,1,Yes,0,Yes,1,0
15595831,€145215.43,1,Yes,6,Yes,0,13069388.7
15626684,€167539.97,1,Yes,5,Yes,0,15078597.3
15709846,€94968.97,1,No,1,No,0,8547207.3
15635459,€106116.5,2,No,3,No,0,9550485
15642544,€0.0,2,Yes,5,Yes,0,0
15566494,€0.0,2,No,2,No,0,0
15655238,€0.0,2,No,9,No,0,0
15733429,€120018.86,2,Yes,8,Yes,0,10801697.4
15814536,€112541.54,2,No,2,No,0,10128738.6
15771702,€166118.45,2,No,5,No,0,14950660.5
15723008,€102882.4,2,Yes,1,Yes,1,9259416
15797160,€0.0,1,Yes,8,Yes,1,0
15792222,€106881.5,2,No,1,No,0,9619335
15644765,€120727.97,1,Yes,4,Yes,0,10865517.3
15610686,€169832.57,1,No,8,No,1,15284931.3
15730868,€0.0,2,Yes,5,Yes,0,0
15705991,€113599.42,1,No,9,No,0,10223947.8
15577078,€0.0,1,Yes,6,Yes,1,0
15679550,€0.0,2,No,9,No,0,0
15787655,€0.0,2,No,3,No,0,0
15668081,€0.0,2,Yes,4,Yes,0,0
15747980,€146282.79,2,No,6,No,0,13165451.1
15710295,€119413.62,2,No,6,No,0,10747225.8
15724443,€122084.63,1,Yes,3,Yes,0,10987616.7
15571305,€103060.63,1,No,1,No,1,9275456.7
15569503,€0.0,2,Yes,6,Yes,0,0
15581840,€0.0,2,No,8,No,0,0
15772262,€110483.86,1,Yes,9,Yes,0,9943547.4
15767794,€120718.28,1,Yes,9,Yes,0,10864645.2
15629338,€36566.96,1,No,2,No,1,3291026.4
15790379,€108601.0,1,Yes,8,Yes,0,9774090
15750684,€0.0,1,No,4,No,1,0
15697214,€0.0,2,Yes,5,Yes,0,0
15711015,€0.0,2,Yes,4,Yes,0,0
15573309,€0.0,2,Yes,2,Yes,0,0
15805303,€141136.62,1,No,1,No,1,12702295.8
15741385,€108231.37,1,Yes,9,Yes,0,9740823.3
15780254,€0.0,1,No,6,No,1,0
15744843,€144855.34,1,No,6,No,0,13036980.6
15815626,€68432.45,2,Yes,2,Yes,1,6158920.5
15784736,€136855.24,1,No,6,No,0,12316971.6
15813412,€44020.89,1,No,3,No,1,3961880.1
15809143,€133060.63,1,Yes,9,Yes,0,11975456.7
15617617,€0.0,2,Yes,7,Yes,0,0
15779738,€0.0,1,Yes,1,Yes,0,0
15668669,€97665.61,1,No,5,No,1,8789904.9
15687477,€185013.02,1,No,5,No,0,16651171.8
15578908,€0.0,2,Yes,0,Yes,0,0
15687658,€65971.61,2,No,7,No,1,5937444.9
15615020,€150463.11,2,Yes,9,Yes,0,13541679.9
15608886,€0.0,2,No,1,No,0,0
15602551,€0.0,2,No,9,No,0,0
15672945,€136425.18,1,No,5,No,0,12278266.2
15757408,€250898.09,3,Yes,3,Yes,1,22580828.1
15806132,€146798.81,1,Yes,4,Yes,0,13211892.9
15813022,€0.0,2,No,1,No,0,0
15673578,€128486.91,2,No,7,No,0,11563821.9
15757916,€0.0,2,Yes,9,Yes,0,0
15689168,€143407.29,2,Yes,1,Yes,0,12906656.1
15769216,€0.0,1,No,2,No,1,0
15593295,€76165.65,1,Yes,6,Yes,0,6854908.5
15804814,€0.0,2,No,4,No,0,0
15778934,€0.0,2,Yes,8,Yes,0,0
15802351,€90560.3,2,Yes,6,Yes,0,8150427
15630241,€62391.22,1,Yes,3,Yes,0,5615209.8
15719561,€0.0,3,No,5,No,0,0
15615096,€0.0,2,Yes,7,Yes,0,0
15659931,€123378.2,1,No,1,No,1,11104038
15714586,€99836.47,1,Yes,3,Yes,0,8985282.3
15634949,€161434.36,2,Yes,5,Yes,0,14529092.4
15589224,€0.0,2,Yes,5,Yes,0,0
15795990,€138311.76,1,Yes,10,Yes,1,12448058.4
15603216,€0.0,2,No,7,No,0,0
15631201,€0.0,2,No,4,No,0,0
15686255,€101744.84,1,No,6,No,0,9157035.6
15746594,€0.0,1,No,8,No,0,0
15718893,€125456.07,1,No,4,No,1,11291046.3
15671609,€0.0,2,No,7,No,0,0
15652540,€0.0,2,Yes,2,Yes,0,0
15774857,€0.0,2,No,7,No,1,0
15791836,€0.0,2,No,5,No,0,0
15651554,€118449.21,1,Yes,4,Yes,1,10660428.9
15583576,€0.0,1,Yes,2,Yes,0,0
15732740,€178095.55,1,No,9,No,0,16028599.5
15723320,€109175.14,2,No,2,No,0,9825762.6
15603851,€127785.17,4,No,7,No,1,11500665.3
15777923,€0.0,2,Yes,6,Yes,0,0
15735719,€0.0,2,Yes,9,Yes,0,0
15703482,€134260.36,2,No,9,No,0,12083432.4
15605835,€69143.91,2,Yes,8,Yes,0,6222951.9
15664881,€100054.77,1,No,4,No,0,9004929.3
15757568,€0.0,1,Yes,6,Yes,0,0
15792660,€116248.88,1,No,2,No,0,10462399.2
15599722,€86053.52,2,Yes,6,Yes,1,7744816.8
15726354,€123157.95,1,No,6,No,0,11084215.5
15610355,€63438.91,1,No,1,No,0,5709501.9
15704284,€95295.39,1,No,9,No,1,8576585.1
15621893,€133550.67,1,Yes,4,Yes,0,12019560.3
15588219,€106871.81,2,No,1,No,0,9618462.9
15688619,€105266.32,2,Yes,3,Yes,0,9473968.8
15765518,€105229.53,1,No,2,No,1,9470657.7
15616931,€102768.42,1,No,8,No,0,9249157.8
15758372,€0.0,2,Yes,7,Yes,1,0
15782591,€112689.95,1,No,6,No,0,10142095.5
15612109,€122334.26,2,Yes,9,Yes,0,11010083.4
15613712,€0.0,2,No,1,No,0,0
15639322,€137847.41,2,No,4,No,0,12406266.9
15594349,€122486.47,1,Yes,5,Yes,0,11023782.3
15574167,€101286.11,1,Yes,2,Yes,0,9115749.9
15811842,€0.0,2,Yes,7,Yes,0,0
15648794,€101247.06,1,No,4,No,1,9112235.4
15771211,€86977.96,1,Yes,10,Yes,0,7828016.4
15588614,€0.0,1,No,7,No,1,0
15630698,€110123.59,1,Yes,9,Yes,1,9911123.1
15694200,€178111.82,1,No,8,No,1,16030063.8
15721426,€126306.64,3,No,10,No,1,11367597.6
15725997,€100768.77,1,No,6,No,0,9069189.3
15762138,€0.0,2,No,5,No,0,0
15750649,€0.0,2,Yes,3,Yes,0,0
15685706,€118991.79,1,Yes,7,Yes,0,10709261.1
15641835,€140997.26,1,Yes,3,Yes,0,12689753.4
15586821,€0.0,2,Yes,5,Yes,0,0
15569678,€166824.59,1,No,6,No,0,15014213.1
15793842,€76322.69,1,No,2,No,0,6869042.1
15667554,€0.0,2,Yes,6,Yes,0,0
15794479,€149083.7,1,Yes,8,Yes,0,13417533
15585041,€0.0,2,Yes,7,Yes,0,0
15780650,€0.0,1,Yes,9,Yes,0,0
15780846,€126588.81,2,Yes,1,Yes,0,11392992.9
15805260,€143249.67,1,No,2,No,1,12892470.3
15621629,€81844.91,2,Yes,8,Yes,0,7366041.9
15662151,€0.0,1,Yes,4,Yes,0,0
15747174,€190298.89,2,Yes,9,Yes,0,17126900.1
15651585,€117212.18,1,Yes,2,Yes,0,10549096.2
15649738,€0.0,2,Yes,0,Yes,0,0
15633108,€139848.17,1,No,4,No,0,12586335.3
15769254,€101861.36,2,No,9,No,0,9167522.4
15704746,€167455.66,2,Yes,2,Yes,0,15071009.4
15637644,€0.0,2,Yes,4,Yes,0,0
15609562,€116360.07,1,No,1,No,0,10472406.3
15787459,€88466.82,1,No,3,No,0,7962013.8
15762902,€0.0,2,Yes,7,Yes,0,0
15738605,€123642.36,1,Yes,5,Yes,1,11127812.4
15724889,€0.0,1,Yes,9,Yes,0,0
15730735,€72286.84,2,Yes,9,Yes,0,6505815.6
15689147,€0.0,2,No,1,No,0,0
15730397,€109681.61,1,Yes,1,Yes,0,9871344.9
15762169,€145018.64,2,No,9,No,1,13051677.6
15589320,€0.0,1,Yes,8,Yes,0,0
15799211,€187487.63,1,Yes,8,Yes,0,16873886.7
15798310,€165692.91,1,Yes,2,Yes,0,14912361.9
15609998,€137648.41,1,No,5,No,1,12388356.9
15583548,€118560.0,1,No,6,No,1,10670400
15761763,€164385.53,1,No,8,No,0,14794697.7
15764409,€108286.5,1,Yes,9,Yes,0,9745785
15710161,€0.0,2,Yes,2,Yes,0,0
15735246,€0.0,2,No,9,No,1,0
15791700,€118079.47,4,Yes,2,Yes,1,10627152.3
15670753,€127283.78,1,Yes,2,Yes,0,11455540.2
15573876,€0.0,2,No,8,No,0,0
15770174,€141389.06,1,No,6,No,0,12725015.4
15641114,€130091.5,1,Yes,8,Yes,0,11708235
15682435,€143744.77,2,No,4,No,0,12937029.3
15751788,€97408.03,1,Yes,9,Yes,0,8766722.7
15672598,€111927.45,1,Yes,9,Yes,0,10073470.5
15762803,€0.0,2,No,3,No,0,0
15812982,€0.0,1,No,2,No,0,0
15597901,€0.0,1,Yes,1,Yes,0,0
15731507,€188285.68,1,No,1,No,0,16945711.2
15809826,€109705.52,1,No,2,No,1,9873496.8
15764237,€0.0,2,No,9,No,0,0
15769917,€127122.79,3,Yes,1,Yes,0,11441051.1
15641850,€98241.04,1,No,0,No,0,8841693.6
15770974,€170840.08,2,No,8,No,0,15375607.2
15803749,€87541.06,2,Yes,4,Yes,1,7878695.4
15684999,€62610.96,2,Yes,4,Yes,0,5634986.4
15770225,€0.0,2,Yes,9,Yes,0,0
15627484,€113328.93,1,No,5,No,0,10199603.7
15610337,€104832.49,1,No,2,No,0,9434924.1
15752488,€102289.85,1,Yes,9,Yes,0,9206086.5
15610056,€125227.82,2,Yes,6,Yes,0,11270503.8
15806049,€140510.89,1,No,5,No,0,12645980.1
15736069,€132253.22,1,No,6,No,1,11902789.8
15763662,€39043.29,2,Yes,2,Yes,0,3513896.1
15615575,€0.0,2,Yes,8,Yes,0,0
15691723,€99685.06,1,No,9,No,0,8971655.4
15774098,€125385.49,2,Yes,3,Yes,0,11284694.1
15750808,€131365.37,2,Yes,2,Yes,0,11822883.3
15744368,€98308.51,1,Yes,6,Yes,0,8847765.9
15610594,€0.0,2,No,8,No,0,0
15756125,€140856.16,2,No,5,No,0,12677054.4
15623277,€0.0,2,Yes,8,Yes,0,0
15795954,€172274.01,1,No,2,No,0,15504660.9
15671969,€0.0,2,No,8,No,0,0
15791268,€122447.76,1,No,0,No,0,11020298.4
15713655,€0.0,2,Yes,10,Yes,1,0
15633930,€157559.59,2,No,6,No,1,14180363.1
15712849,€126550.7,1,No,3,No,1,11389563
15639077,€158584.82,3,No,2,No,1,14272633.8
15808784,€163569.61,2,Yes,2,Yes,0,14721264.9
15648577,€0.0,1,Yes,3,Yes,1,0
15670345,€127211.45,1,No,6,No,0,11449030.5
15633112,€118199.97,2,No,3,No,1,10637997.3
15714397,€101014.08,2,Yes,2,Yes,0,9091267.2
15780038,€119208.85,1,No,6,No,1,10728796.5
15756305,€0.0,2,Yes,6,Yes,0,0
15578799,€53772.73,1,Yes,10,Yes,1,4839545.7
15800326,€0.0,2,No,6,No,0,0
15785485,€138878.81,1,Yes,2,Yes,0,12499092.9
15783958,€130922.81,2,No,1,No,0,11783052.9
15727546,€0.0,2,Yes,9,Yes,0,0
15739576,€0.0,2,Yes,8,Yes,0,0
15631333,€130866.19,1,No,8,No,0,11777957.1
15604782,€187257.94,1,Yes,7,Yes,0,16853214.6
15589643,€0.0,1,Yes,7,Yes,0,0
15585533,€147733.64,1,Yes,6,Yes,0,13296027.6
15681506,€0.0,2,Yes,1,Yes,0,0
15630551,€163139.27,1,Yes,2,Yes,0,14682534.3
15698349,€0.0,2,Yes,4,Yes,0,0
15776631,€119540.15,1,Yes,5,Yes,0,10758613.5
15762216,€129553.76,2,No,4,No,0,11659838.4
15623927,€0.0,2,Yes,9,Yes,0,0
15681402,€66101.89,1,Yes,1,Yes,0,5949170.1
15586264,€140431.98,1,No,2,No,1,12638878.2
15594685,€0.0,2,No,2,No,0,0
15812945,€0.0,1,Yes,0,Yes,0,0
15734628,€0.0,2,No,5,No,0,0
15629323,€116471.43,2,No,4,No,1,10482428.7
15666823,€0.0,2,No,4,No,0,0
15777553,€123785.24,1,No,9,No,1,11140671.6
15613097,€0.0,2,Yes,4,Yes,0,0
15622217,€88758.95,2,No,8,No,1,7988305.5
15703588,€153611.83,2,No,5,No,0,13825064.7
15570835,€112044.72,1,Yes,4,Yes,1,10084024.8
15679299,€123826.07,1,Yes,7,Yes,0,11144346.3
15808044,€106804.26,3,No,9,No,1,9612383.4
15579208,€0.0,2,Yes,6,Yes,0,0
15684951,€68892.77,2,No,2,No,1,6200349.3
15667620,€0.0,2,No,6,No,0,0
15582960,€125827.43,1,Yes,5,Yes,0,11324468.7
15590730,€0.0,2,No,9,No,0,0
15763747,€0.0,2,Yes,7,Yes,0,0
15778320,€148495.64,1,No,5,No,0,13364607.6
15642787,€133043.66,1,No,1,No,0,11973929.4
15624633,€74989.58,1,Yes,9,Yes,0,6749062.2
15766765,€60263.23,1,No,7,No,0,5423690.7
15783615,€129370.91,4,Yes,3,Yes,1,11643381.9
15640161,€157955.83,2,No,5,No,0,14216024.7
15619889,€0.0,1,No,4,No,0,0
15579166,€70729.17,1,Yes,7,Yes,0,6365625.3
15789097,€0.0,2,Yes,8,Yes,1,0
15674880,€0.0,2,No,2,No,0,0
15778157,€90721.52,2,No,8,No,0,8164936.8
15779064,€0.0,2,Yes,2,Yes,0,0
15801265,€57784.22,1,No,0,No,1,5200579.8
15589204,€131765.72,1,No,9,No,0,11858914.8
15664543,€0.0,1,Yes,7,Yes,1,0
15582714,€110022.74,1,Yes,9,Yes,1,9902046.6
15797595,€131569.63,1,Yes,9,Yes,0,11841266.7
15614034,€164523.5,2,Yes,2,Yes,0,14807115
15763171,€114330.95,1,Yes,2,Yes,0,10289785.5
15647266,€135923.16,1,No,10,No,0,12233084.4
15757577,€0.0,2,Yes,8,Yes,0,0
15736656,€0.0,2,Yes,4,Yes,0,0
15635078,€124693.48,1,Yes,0,Yes,0,11222413.2
15680141,€147936.42,1,Yes,7,Yes,0,13314277.8
15576945,€0.0,1,No,0,No,0,0
15602034,€126558.92,1,No,2,No,0,11390302.8
15732020,€106938.11,2,Yes,6,Yes,0,9624429.9
15611029,€140002.35,1,No,4,No,0,12600211.5
15621210,€123444.72,1,Yes,9,Yes,1,11110024.8
15569222,€147107.91,1,Yes,6,Yes,0,13239711.9
15664639,€128514.84,1,No,9,No,0,11566335.6
15724223,€0.0,1,No,5,No,1,0
15644621,€106756.01,2,No,9,No,0,9608040.9
15756056,€0.0,2,No,3,No,0,0
15700353,€0.0,2,No,6,No,0,0
15624388,€155393.32,1,Yes,5,Yes,1,13985398.8
15627212,€110414.48,1,Yes,2,Yes,0,9937303.2
15648005,€0.0,2,Yes,2,Yes,0,0
15681446,€157098.52,1,Yes,9,Yes,0,14138866.8
15775888,€85626.6,1,Yes,5,Yes,0,7706394
15749019,€93796.42,2,Yes,6,Yes,0,8441677.8
15709928,€0.0,2,No,1,No,0,0
15784676,€125268.03,2,No,6,No,0,11274122.7
15748116,€148143.84,1,Yes,2,Yes,0,13332945.6
15612193,€115545.33,2,No,10,No,0,10399079.7
15762984,€0.0,2,No,7,No,0,0
15613713,€44928.88,1,Yes,5,Yes,0,4043599.2
15664204,€0.0,2,Yes,2,Yes,0,0
15639415,€162442.35,1,No,3,No,0,14619811.5
15806332,€0.0,2,Yes,5,Yes,0,0
15614929,€96213.82,2,No,0,No,0,8659243.8
15695492,€156569.43,1,No,6,No,0,14091248.7
15635972,€0.0,2,No,8,No,0,0
15616380,€0.0,2,No,1,No,0,0
15581440,€110463.25,2,Yes,6,Yes,1,9941692.5
15654390,€154575.76,1,No,7,No,1,13911818.4
15660688,€0.0,2,No,9,No,0,0
15806307,€0.0,2,Yes,3,Yes,0,0
15647975,€147037.32,1,No,5,No,0,13233358.8
15595728,€119276.31,1,No,0,No,1,10734867.9
15735388,€108664.85,2,No,7,No,0,9779836.5
15788535,€0.0,1,No,5,No,0,0
15765902,€163034.82,2,Yes,5,Yes,0,14673133.8
15642345,€93059.34,1,No,4,No,1,8375340.6
15641250,€179581.31,1,No,9,No,0,16162317.9
15706163,€113625.93,1,No,4,No,1,10226333.7
15746708,€119961.48,1,No,7,No,1,10796533.2
15775203,€129209.48,1,No,3,No,0,11628853.2
15787907,€137227.04,3,No,5,No,1,12350433.6
15646764,€119024.75,2,No,3,No,1,10712227.5
15678284,€74623.5,3,No,7,No,1,6716115
15726791,€157929.45,1,Yes,2,Yes,1,14213650.5
15813144,€92606.86,2,No,7,No,0,8334617.4
15669342,€127862.93,2,No,2,No,0,11507663.7
15710366,€0.0,1,Yes,1,Yes,1,0
15614934,€142711.81,1,No,4,No,0,12844062.9
15588701,€0.0,2,No,4,No,0,0
15665438,€163159.85,1,Yes,1,Yes,0,14684386.5
15644896,€108586.86,1,Yes,3,Yes,0,9772817.4
15670205,€110624.99,1,No,5,No,0,9956249.1
15635776,€154846.24,2,Yes,5,Yes,0,13936161.6
15791053,€122917.71,1,Yes,4,Yes,1,11062593.9
15644005,€0.0,2,Yes,9,Yes,0,0
15796343,€82787.93,2,No,2,No,0,7450913.7
15751057,€102500.34,1,No,5,No,0,9225030.6
15623430,€0.0,2,No,9,No,0,0
15682600,€159492.79,1,No,9,No,1,14354351.1
15769312,€0.0,2,Yes,10,Yes,0,0
15708212,€118241.02,1,No,7,No,1,10641691.8
15650258,€113090.4,1,No,2,No,0,10178136
15604345,€65763.57,1,Yes,9,Yes,0,5918721.3
15578297,€125537.38,1,No,1,No,1,11298364.2
15671789,€94263.91,2,No,3,No,0,8483751.9
15726186,€133434.57,2,No,4,No,0,12009111.3
15764618,€0.0,1,Yes,6,Yes,0,0
15730738,€0.0,2,Yes,9,Yes,0,0
15637650,€94748.76,2,Yes,9,Yes,0,8527388.4
15606267,€98640.74,1,Yes,4,Yes,0,8877666.6
15625904,€74681.9,2,No,9,No,0,6721371
15654463,€0.0,2,No,4,No,0,0
15774151,€179915.85,1,No,7,No,1,16192426.5
15693259,€128207.23,1,Yes,1,Yes,0,11538650.7
15642468,€132739.26,2,No,9,No,0,11946533.4
15758531,€0.0,2,No,10,No,0,0
15728352,€120509.81,1,No,4,No,0,10845882.9
15637240,€124547.13,2,No,4,No,0,11209241.7
15595588,€0.0,2,Yes,4,Yes,0,0
15778395,€88815.56,2,No,4,No,1,7993400.4
15711825,€82231.51,2,No,1,No,0,7400835.9
15599251,€184715.86,2,No,7,No,0,16624427.4
15570004,€0.0,2,No,3,No,0,0
15656912,€0.0,1,Yes,4,Yes,0,0
15657342,€147972.19,1,No,4,No,1,13317497.1
15716284,€0.0,2,Yes,9,Yes,0,0
15672374,€170008.84,1,No,8,No,1,15300795.6
15732476,€0.0,2,Yes,3,Yes,0,0
15747724,€0.0,1,No,10,No,0,0
15633877,€95386.82,1,Yes,8,Yes,0,8584813.8
15672516,€90373.28,2,No,7,No,0,8133595.2
15607827,€133467.77,2,Yes,4,Yes,0,12012099.3
15751336,€0.0,2,Yes,3,Yes,0,0
15646539,€96288.26,1,No,3,No,0,8665943.4
15756901,€91547.84,2,Yes,4,Yes,0,8239305.6
15809286,€138292.64,2,No,8,No,1,12446337.6
15759021,€0.0,1,No,9,No,0,0
15725039,€71667.74,1,Yes,8,Yes,0,6450096.6
15579130,€118994.84,1,No,0,No,1,10709535.6
15754112,€0.0,2,Yes,7,Yes,0,0
15735522,€145610.07,2,No,2,No,0,13104906.3
15613326,€138162.81,1,No,1,No,0,12434652.9
15739502,€135020.21,2,Yes,9,Yes,0,12151818.9
15670914,€0.0,2,No,2,No,0,0
15604073,€135161.67,1,Yes,8,Yes,0,12164550.3
15806027,€0.0,1,No,9,No,1,0
15574886,€94486.47,1,Yes,6,Yes,0,8503782.3
15707120,€117640.39,1,No,9,No,0,10587635.1
15800845,€111379.55,1,Yes,8,Yes,0,10024159.5
15603914,€0.0,1,Yes,6,Yes,1,0
15722765,€136820.99,1,Yes,0,Yes,0,12313889.1
15783305,€98752.51,1,No,7,No,0,8887725.9
15574842,€158266.42,3,Yes,2,Yes,0,14243977.8
15607837,€105599.67,1,Yes,4,Yes,0,9503970.3
15714877,€0.0,2,No,10,No,0,0
15782941,€0.0,2,Yes,2,Yes,0,0
15630167,€139723.9,1,Yes,4,Yes,0,12575151
15759038,€141806.46,1,No,3,No,0,12762581.4
15661821,€132571.67,1,Yes,5,Yes,1,11931450.3
15728006,€180516.9,1,No,2,No,0,16246521
15712176,€0.0,2,Yes,8,Yes,0,0
15689351,€92805.72,1,Yes,4,Yes,1,8352514.8
15782247,€0.0,3,Yes,4,Yes,1,0
15769064,€135309.36,1,No,3,No,1,12177842.4
15718153,€128917.84,1,Yes,6,Yes,0,11602605.6
15613189,€56580.93,1,No,2,No,1,5092283.7
15661734,€131390.75,2,No,8,No,0,11825167.5
15592645,€0.0,2,No,4,No,0,0
15768387,€0.0,2,No,8,No,0,0
15792525,€97361.66,1,Yes,1,Yes,1,8762549.4
15586976,€0.0,1,No,6,No,1,0
15790659,€0.0,2,Yes,7,Yes,0,0
15691446,€0.0,2,Yes,10,Yes,0,0
15772632,€0.0,2,No,1,No,0,0
15706587,€0.0,2,Yes,0,Yes,0,0
15572461,€102714.65,2,No,4,No,0,9244318.5
15654409,€67816.72,1,Yes,5,Yes,0,6103504.8
15568025,€81710.46,1,Yes,8,Yes,0,7353941.4
15715769,€75237.54,1,Yes,2,Yes,0,6771378.6
15667458,€124023.18,1,No,10,No,0,11162086.2
15567980,€100727.5,1,Yes,5,Yes,1,9065475
15679294,€107238.85,2,No,10,No,0,9651496.5
15606507,€0.0,2,No,5,No,0,0
15578825,€139994.66,1,No,0,No,0,12599519.4
15619935,€126224.87,1,Yes,9,Yes,0,11360238.3
15636089,€145751.03,1,No,1,No,1,13117592.7
15727490,€0.0,1,Yes,5,Yes,1,0
15591766,€121166.89,1,Yes,4,Yes,0,10905020.1
15641629,€0.0,2,Yes,1,Yes,0,0
15813303,€0.0,2,Yes,10,Yes,0,0
15756920,€70655.48,1,No,9,No,1,6358993.2
15726403,€129901.21,1,No,1,No,1,11691108.9
15592765,€125470.81,1,Yes,8,Yes,0,11292372.9
15704442,€169406.33,4,Yes,9,Yes,1,15246569.7
15641136,€0.0,2,Yes,2,Yes,0,0
15725818,€107041.3,1,Yes,4,Yes,0,9633717
15612071,€95153.77,1,Yes,10,Yes,0,8563839.3
15719809,€145166.09,2,No,3,No,0,13064948.1
15716518,€0.0,2,No,4,No,0,0
15742210,€65962.63,1,Yes,9,Yes,0,5936636.7
15630617,€140418.81,1,Yes,6,Yes,1,12637692.9
15720838,€139799.63,1,Yes,3,Yes,0,12581966.7
15595537,€171787.84,2,No,9,No,0,15460905.6
15623196,€149238.97,1,Yes,6,Yes,0,13431507.3
15679249,€163146.46,1,No,4,No,1,14683181.4
15693199,€0.0,2,No,8,No,1,0
15661219,€0.0,2,No,10,No,0,0
15617136,€61482.47,1,Yes,9,Yes,0,5533422.3
15760294,€145150.28,1,No,8,No,1,13063525.2
15652808,€126670.37,1,No,5,No,0,11400333.3
15657139,€84390.8,2,Yes,8,Yes,0,7595172
15803790,€89728.86,2,Yes,2,Yes,0,8075597.4
15764105,€0.0,2,No,1,No,0,0
15672610,€118628.8,1,No,4,No,0,10676592
15766896,€0.0,2,No,3,No,0,0
15587735,€96863.13,1,Yes,6,Yes,0,8717681.7
15659501,€142263.45,1,Yes,6,Yes,0,12803710.5
15745001,€0.0,2,No,7,No,0,0
15651140,€0.0,1,No,3,No,0,0
15571148,€0.0,2,No,1,No,0,0
15776824,€122724.37,1,Yes,6,Yes,0,11045193.3
15633141,€174902.26,1,No,4,No,0,15741203.4
15764174,€0.0,2,Yes,4,Yes,0,0
15778155,€108914.17,1,Yes,3,Yes,1,9802275.3
15715920,€98052.66,1,Yes,10,Yes,0,8824739.4
15671917,€123873.19,1,Yes,5,Yes,0,11148587.1
15666548,€111920.13,3,No,2,No,1,10072811.7
15625623,€0.0,2,Yes,4,Yes,0,0
15748123,€0.0,2,Yes,3,Yes,0,0
15648735,€0.0,2,Yes,8,Yes,0,0
15634974,€75150.34,4,Yes,8,Yes,1,6763530.6
15713378,€0.0,2,No,10,No,0,0
15753370,€114753.76,1,No,5,No,0,10327838.4
15782659,€0.0,1,No,0,No,0,0
15583364,€111871.93,1,No,6,No,0,10068473.7
15625942,€0.0,2,No,0,No,0,0
15720284,€135927.06,1,No,4,No,0,12233435.4
15679642,€0.0,2,Yes,8,Yes,0,0
15628007,€0.0,2,No,1,No,0,0
15661974,€57037.74,1,Yes,2,Yes,0,5133396.6
15689341,€0.0,4,No,10,No,1,0
15607993,€79468.96,1,Yes,2,Yes,0,7152206.4
15693267,€121063.85,1,No,7,No,0,10895746.5
15769522,€118537.47,1,Yes,1,Yes,0,10668372.3
15755825,€0.0,2,No,10,No,0,0
15598175,€105082.07,2,No,4,No,0,9457386.3
15744327,€0.0,1,No,4,No,1,0
15798666,€0.0,2,Yes,6,Yes,0,0
15577064,€104702.65,2,No,2,No,0,9423238.5
15759436,€95813.76,3,Yes,2,Yes,1,8623238.4
15690231,€167026.61,2,Yes,0,Yes,0,15032394.9
15751561,€102453.26,1,No,7,No,1,9220793.4
15739068,€148045.45,2,Yes,4,Yes,0,13324090.5
15758056,€0.0,2,No,1,No,0,0
15742269,€0.0,2,No,1,No,0,0
15726490,€0.0,1,Yes,4,Yes,1,0
15738411,€104498.79,1,Yes,10,Yes,0,9404891.1
15727919,€0.0,2,No,6,No,0,0
15709396,€0.0,2,Yes,6,Yes,0,0
15654106,€149542.52,2,Yes,8,Yes,0,13458826.8
15621653,€87946.39,1,Yes,10,Yes,0,7915175.1
15598086,€68639.57,1,No,3,No,1,6177561.3
15752300,€148826.32,1,Yes,4,Yes,0,13394368.8
15658693,€0.0,2,Yes,2,Yes,0,0
15631838,€108166.09,2,Yes,5,Yes,0,9734948.1
15803804,€103214.71,1,No,5,No,0,9289323.9
15578809,€134760.21,2,No,1,No,1,12128418.9
15752026,€0.0,1,Yes,3,Yes,1,0
15723706,€90124.64,1,No,0,No,0,8111217.6
15752838,€0.0,2,Yes,6,Yes,0,0
15569571,€87361.02,2,No,6,No,1,7862491.8
15769703,€111257.59,1,No,8,No,1,10013183.1
15679770,€131583.59,4,Yes,3,Yes,1,11842523.1
15791102,€95020.8,3,Yes,9,Yes,1,8551872
15655192,€0.0,2,Yes,1,Yes,0,0
15709487,€80242.37,2,No,5,No,0,7221813.3
15687130,€0.0,1,Yes,0,Yes,0,0
15755178,€0.0,3,Yes,1,Yes,1,0
15634772,€122661.39,1,Yes,0,Yes,0,11039525.1
15617197,€0.0,2,Yes,4,Yes,1,0
15631240,€0.0,2,Yes,8,Yes,1,0
15784301,€0.0,2,No,0,No,0,0
15631310,€0.0,1,Yes,3,Yes,0,0
15756560,€81742.84,2,No,7,No,0,7356855.6
15732270,€0.0,1,Yes,8,Yes,1,0
15739357,€145127.85,1,No,2,No,0,13061506.5
15771540,€148912.44,1,No,9,No,0,13402119.6
15567486,€0.0,2,Yes,4,Yes,0,0
15714634,€89900.24,2,No,4,No,0,8091021.6
15727021,€119027.28,2,Yes,8,Yes,0,10712455.2
15650670,€105222.86,2,No,2,No,0,9470057.4
15711834,€0.0,1,No,6,No,1,0
15729763,€116114.93,1,Yes,1,Yes,0,10450343.7
15646566,€187911.55,1,Yes,9,Yes,0,16912039.5
15645463,€0.0,2,Yes,5,Yes,0,0
15672144,€144432.04,1,Yes,6,Yes,1,12998883.6
15596088,€77065.9,2,Yes,4,Yes,0,6935931
15614878,€180520.29,1,Yes,6,Yes,0,16246826.1
15635240,€0.0,2,No,1,No,0,0
15775905,€130024.87,1,Yes,6,Yes,1,11702238.3
15700657,€110086.69,1,No,2,No,0,9907802.1
15611905,€174853.46,1,No,5,No,0,15736811.4
15652527,€108724.98,1,Yes,7,Yes,0,9785248.2
15785865,€91285.13,2,Yes,9,Yes,0,8215661.7
15645942,€0.0,2,Yes,2,Yes,0,0
15688691,€110610.41,2,Yes,9,Yes,1,9954936.9
15592736,€102994.04,1,No,5,No,1,9269463.6
15673529,€59893.85,2,No,4,No,0,5390446.5
15724145,€149318.55,1,No,8,No,0,13438669.5
15704629,€116409.55,1,Yes,1,Yes,0,10476859.5
15597896,€127760.07,1,No,0,No,1,11498406.3
15731790,€132591.36,1,Yes,6,Yes,1,11933222.4
15634719,€0.0,2,No,0,No,0,0
15703205,€113402.14,2,Yes,5,Yes,0,10206192.6
15567333,€0.0,2,No,7,No,0,0
15754537,€0.0,1,No,0,No,0,0
15612030,€0.0,2,Yes,9,Yes,0,0
15573242,€136953.47,1,Yes,6,Yes,0,12325812.3
15601892,€0.0,2,Yes,8,Yes,0,0
15663885,€0.0,1,Yes,5,Yes,0,0
15701096,€123863.64,1,No,8,No,0,11147727.6
15710450,€120811.89,1,Yes,7,Yes,0,10873070.1
15790846,€148430.55,1,Yes,2,Yes,0,13358749.5
15658956,€47869.69,2,Yes,6,Yes,0,4308272.1
15755223,€150926.99,2,No,7,No,0,13583429.1
15787318,€103163.35,1,No,6,No,1,9284701.5
15737310,€130206.28,1,No,10,No,0,11718565.2
15763665,€136674.51,2,No,4,No,0,12300705.9
15668818,€200322.45,1,Yes,2,Yes,0,18029020.5
15765812,€0.0,2,Yes,1,Yes,0,0
15704844,€80927.56,1,Yes,7,Yes,0,7283480.4
15744582,€0.0,3,No,10,No,1,0
15616700,€0.0,2,Yes,9,Yes,0,0
15683521,€142574.71,2,No,0,No,0,12831723.9
15583049,€160426.07,1,Yes,7,Yes,0,14438346.3
15643752,€116160.23,1,No,5,No,0,10454420.7
15620398,€98683.47,2,No,5,No,0,8881512.3
15715707,€118829.03,2,Yes,3,Yes,0,10694612.7
15814209,€118870.92,1,No,1,No,0,10698382.8
15733768,€0.0,1,Yes,1,Yes,0,0
15755242,€0.0,1,Yes,2,Yes,0,0
15729412,€107192.38,1,Yes,4,Yes,0,9647314.2
15746564,€108010.78,1,Yes,3,Yes,0,9720970.2
15588446,€0.0,2,No,3,No,0,0
15665221,€129837.72,2,Yes,7,Yes,0,11685394.8
15640846,€106458.31,4,No,3,No,1,9581247.9
15700209,€97009.15,1,Yes,9,Yes,0,8730823.5
15658360,€122929.42,2,No,9,No,0,11063647.8
15602735,€152296.83,4,Yes,6,Yes,1,13706714.7
15724834,€0.0,2,No,1,No,0,0
15800062,€0.0,1,No,8,No,1,0
15685300,€128993.76,2,No,6,No,0,11609438.4
15760102,€0.0,1,No,5,No,0,0
15787026,€185267.45,2,Yes,0,Yes,0,16674070.5
15653696,€0.0,2,No,9,No,0,0
15788946,€116805.82,1,No,3,No,0,10512523.8
15600724,€129750.68,1,No,5,No,0,11677561.2
15574324,€129177.01,2,Yes,2,Yes,0,11625930.9
15707144,€82506.72,2,No,6,No,0,7425604.8
15775891,€107247.69,1,Yes,2,Yes,1,9652292.1
15711789,€0.0,1,No,3,No,1,0
15600879,€157780.93,2,No,3,No,0,14200283.7
15681196,€172170.36,1,Yes,1,Yes,0,15495332.4
15716000,€0.0,2,Yes,2,Yes,0,0
15766776,€0.0,1,Yes,1,Yes,0,0
15680278,€75361.44,1,No,9,No,1,6782529.6
15688637,€0.0,2,Yes,4,Yes,0,0
15591179,€0.0,2,Yes,2,Yes,0,0
15677435,€98263.46,2,No,0,No,0,8843711.4
15698619,€0.0,2,Yes,9,Yes,0,0
15581036,€109308.79,2,No,3,No,1,9837791.1
15622117,€0.0,2,No,8,No,0,0
15599301,€164365.44,1,Yes,6,Yes,0,14792889.6
15581548,€98800.0,1,No,5,No,0,8892000
15586870,€193125.85,1,Yes,4,Yes,0,17381326.5
15735263,€51522.75,1,Yes,5,Yes,0,4637047.5
15765322,€84284.48,2,Yes,5,Yes,0,7585603.2
15582944,€0.0,2,No,5,No,0,0
15687162,€119889.84,1,No,9,No,1,10790085.6
15644962,€137910.45,1,Yes,4,Yes,0,12411940.5
15612615,€0.0,2,No,6,No,0,0
15813439,€100116.82,1,No,5,No,0,9010513.8
15604544,€166082.15,2,Yes,4,Yes,0,14947393.5
15761348,€0.0,2,No,0,No,0,0
15785078,€0.0,1,No,3,No,0,0
15759874,€148595.55,1,No,3,No,1,13373599.5
15643658,€94078.97,2,No,2,No,0,8467107.3
15713267,€0.0,2,Yes,5,Yes,0,0
15737782,€0.0,1,Yes,9,Yes,0,0
15815490,€164948.98,3,No,2,No,1,14845408.2
15679410,€140549.4,1,No,4,No,1,12649446
15756241,€152509.25,1,Yes,2,Yes,0,13725832.5
15688409,€191864.51,1,No,2,No,1,17267805.9
15742272,€96418.09,1,No,8,No,1,8677628.1
15717898,€131945.94,1,Yes,2,Yes,0,11875134.6
15769582,€0.0,2,Yes,3,Yes,0,0
15635660,€142910.15,1,No,9,No,1,12861913.5
15576723,€0.0,2,Yes,7,Yes,0,0
15591577,€146311.58,1,Yes,3,Yes,0,13168042.2
15582325,€87894.26,1,No,2,No,1,7910483.4
15693947,€97445.49,2,No,5,No,0,8770094.1
15760446,€0.0,1,Yes,9,Yes,1,0
15611105,€0.0,2,Yes,7,Yes,0,0
15630920,€154485.74,2,No,2,No,0,13903716.6
15574910,€115625.07,1,No,2,No,0,10406256.3
15756472,€108396.67,1,No,7,No,0,9755700.3
15682890,€65095.41,2,Yes,5,Yes,0,5858586.9
15641994,€103018.45,1,No,1,No,1,9271660.5
15733297,€84764.79,1,Yes,10,Yes,0,7628831.1
15767793,€0.0,2,No,10,No,0,0
15725698,€115680.81,1,Yes,4,Yes,0,10411272.9
15813532,€0.0,2,No,5,No,0,0
15576760,€73088.06,2,No,5,No,0,6577925.4
15732102,€150905.03,2,No,3,No,0,13581452.7
15739046,€143054.85,1,Yes,9,Yes,0,12874936.5
15631927,€0.0,2,No,7,No,0,0
15672115,€0.0,2,Yes,6,Yes,0,0
15618765,€99948.45,1,Yes,0,Yes,0,8995360.5
15679148,€115451.05,2,No,3,No,0,10390594.5
15728474,€108235.91,1,Yes,4,Yes,0,9741231.9
15636999,€0.0,1,Yes,8,Yes,1,0
15754261,€98795.61,2,No,2,No,0,8891604.9
15629150,€0.0,2,No,1,No,0,0
15736274,€0.0,2,No,8,No,0,0
15627697,€0.0,2,Yes,2,Yes,0,0
15721585,€113146.98,2,Yes,3,Yes,0,10183228.2
15639946,€162532.14,3,No,8,No,1,14627892.6
15792176,€92053.44,1,Yes,0,Yes,0,8284809.6
15699450,€0.0,2,Yes,7,Yes,0,0
15729954,€0.0,3,No,5,No,1,0
15600103,€104944.1,1,Yes,8,Yes,0,9444969
15786200,€0.0,2,No,4,No,0,0
15797010,€0.0,2,No,2,No,0,0
15670172,€107879.04,1,Yes,4,Yes,0,9709113.6
15627352,€110356.42,1,No,7,No,1,9932077.8
15622494,€0.0,2,No,2,No,0,0
15585835,€109783.69,2,No,4,No,0,9880532.1
15595071,€149777.0,1,Yes,9,Yes,0,13479930
15628203,€104339.56,1,No,3,No,0,9390560.4
15667190,€85818.18,1,Yes,1,Yes,0,7723636.2
15780212,€212692.97,1,No,4,No,0,19142367.3
15766869,€89696.84,2,Yes,1,Yes,0,8072715.6
15775741,€0.0,2,Yes,9,Yes,0,0
15628170,€68067.24,1,No,9,No,0,6126051.6
15701318,€148564.66,1,Yes,9,Yes,0,13370819.4
15710928,€136354.16,1,Yes,8,Yes,0,12271874.4
15682547,€122214.0,1,Yes,1,Yes,0,10999260
15631170,€0.0,2,Yes,3,Yes,0,0
15648702,€119684.88,2,Yes,6,Yes,0,10771639.2
15783444,€135139.33,1,Yes,3,Yes,0,12162539.7
15809178,€146100.75,1,No,9,No,1,13149067.5
15806688,€123110.9,3,Yes,8,Yes,1,11079981
15576824,€111760.4,3,Yes,3,Yes,1,10058436
15675422,€110728.39,1,Yes,9,Yes,0,9965555.1
15681550,€121558.46,1,Yes,8,Yes,0,10940261.4
15812628,€120623.21,1,No,8,No,0,10856088.9
15597951,€114713.57,1,Yes,4,Yes,0,10324221.3
15807045,€103457.76,1,No,3,No,0,9311198.4
15581748,€101134.87,2,Yes,2,Yes,0,9102138.3
15770420,€78136.36,2,Yes,10,Yes,0,7032272.4
15608230,€0.0,2,No,1,No,0,0
15730339,€133446.34,1,No,3,No,0,12010170.6
15712584,€0.0,2,Yes,7,Yes,0,0
15592816,€108076.33,1,No,1,No,1,9726869.7
15641480,€131354.25,1,No,5,No,0,11821882.5
15708505,€62974.64,2,Yes,7,Yes,0,5667717.6
15791131,€143340.44,1,No,2,No,0,12900639.6
15618225,€116993.43,2,No,8,No,0,10529408.7
15644724,€58662.92,2,Yes,4,Yes,0,5279662.8
15662098,€128808.65,3,No,3,No,1,11592778.5
15723894,€137555.44,1,No,7,No,0,12379989.6
15787699,€142393.11,1,Yes,4,Yes,0,12815379.9
15687738,€0.0,2,No,8,No,0,0
15576126,€125785.23,1,Yes,2,Yes,0,11320670.7
15658889,€136444.25,1,No,4,No,1,12279982.5
15667046,€121527.4,1,No,7,No,0,10937466
15669957,€144696.75,1,Yes,9,Yes,0,13022707.5
15655794,€0.0,2,Yes,8,Yes,0,0
15599829,€0.0,2,Yes,10,Yes,0,0
15753332,€128140.17,1,No,8,No,1,11532615.3
15671124,€120383.41,1,Yes,6,Yes,0,10834506.9
15767474,€0.0,3,Yes,9,Yes,1,0
15720671,€129735.3,2,Yes,8,Yes,0,11676177
15626787,€185078.26,1,No,8,No,1,16657043.4
15774491,€0.0,2,No,6,No,0,0
15579647,€0.0,1,Yes,0,Yes,0,0
15625522,€0.0,2,Yes,7,Yes,0,0
15765806,€144591.96,1,Yes,1,Yes,0,13013276.4
15566708,€0.0,2,No,4,No,1,0
15668347,€0.0,2,No,6,No,0,0
15575214,€0.0,1,No,7,No,0,0
15591123,€100194.44,1,Yes,2,Yes,0,9017499.6
15573280,€145295.31,2,Yes,6,Yes,0,13076577.9
15589018,€106070.29,2,Yes,3,Yes,0,9546326.1
15654495,€120621.89,1,Yes,6,Yes,0,10855970.1
15597265,€0.0,2,Yes,7,Yes,0,0
15733876,€0.0,2,Yes,9,Yes,0,0
15677217,€0.0,1,Yes,1,Yes,0,0
15747265,€171283.91,1,Yes,10,Yes,0,15415551.9
15713379,€0.0,2,Yes,4,Yes,0,0
15730433,€128218.47,1,No,1,No,1,11539662.3
15693347,€0.0,2,Yes,5,Yes,0,0
15715465,€77776.39,1,No,7,No,0,6999875.1
15680736,€124978.19,2,Yes,6,Yes,0,11248037.1
15610765,€0.0,2,No,1,No,0,0
15650034,€0.0,1,Yes,1,Yes,0,0
15782468,€109799.55,2,Yes,3,Yes,1,9881959.5
15685109,€0.0,2,No,7,No,0,0
15776233,€125397.21,1,No,8,No,1,11285748.9
15761141,€0.0,2,Yes,10,Yes,0,0
15781702,€111347.37,2,Yes,9,Yes,0,10021263.3
15790235,€104291.41,2,Yes,8,Yes,0,9386226.9
15641416,€94867.18,2,Yes,9,Yes,1,8538046.2
15775234,€0.0,2,No,8,No,0,0
15659475,€135703.59,2,No,6,No,0,12213323.1
15642202,€106453.53,2,Yes,5,Yes,0,9580817.7
15771417,€132412.38,1,No,7,No,1,11917114.2
15585100,€124401.6,1,No,9,No,1,11196144
15700487,€118022.06,3,No,6,No,1,10621985.4
15726589,€82531.11,1,No,1,No,0,7427799.9
15747503,€184552.12,1,No,0,No,1,16609690.8
15595883,€127278.31,1,Yes,4,Yes,0,11455047.9
15663826,€0.0,1,Yes,3,Yes,0,0
15742820,€0.0,2,Yes,2,Yes,0,0
15624793,€184244.86,1,No,5,No,0,16582037.4
15597930,€59669.43,1,No,8,No,1,5370248.7
15665110,€79543.59,1,Yes,7,Yes,0,7158923.1
15770719,€151553.19,1,Yes,6,Yes,0,13639787.1
15731327,€166527.88,2,Yes,2,Yes,0,14987509.2
15576044,€150329.15,1,No,6,No,0,13529623.5
15775662,€121911.59,1,No,8,No,0,10972043.1
15646817,€156773.78,2,No,9,No,0,14109640.2
15596060,€127864.26,1,Yes,8,Yes,0,11507783.4
15723299,€113709.28,1,Yes,4,Yes,1,10233835.2
15636982,€79974.55,1,Yes,7,Yes,0,7197709.5
15751175,€0.0,2,Yes,2,Yes,0,0
15618936,€0.0,1,No,5,No,1,0
15787529,€0.0,1,No,0,No,1,0
15780128,€144427.96,2,No,3,No,0,12998516.4
15615991,€99263.09,1,Yes,7,Yes,0,8933678.1
15757001,€79368.87,2,Yes,2,Yes,0,7143198.3
15595388,€0.0,2,Yes,10,Yes,0,0
15699550,€0.0,2,Yes,9,Yes,0,0
15581620,€0.0,3,Yes,2,Yes,0,0
15600934,€125095.94,1,No,7,No,1,11258634.6
15738672,€162485.8,2,No,2,No,0,14623722
15721307,€95668.82,2,No,1,No,0,8610193.8
15619280,€0.0,2,No,4,No,0,0
15768244,€0.0,2,Yes,8,Yes,0,0
15806837,€0.0,1,No,4,No,0,0
15643496,€74197.38,2,No,5,No,0,6677764.2
15813916,€89688.94,1,Yes,1,Yes,0,8072004.6
15626385,€103121.33,2,Yes,10,Yes,0,9280919.7
15603582,€0.0,1,No,3,No,0,0
15764351,€120170.07,1,Yes,5,Yes,0,10815306.3
15667938,€149136.31,2,Yes,9,Yes,0,13422267.9
15576360,€141136.79,1,Yes,1,Yes,0,12702311.1
15628813,€152341.55,1,No,4,No,0,13710739.5
15584190,€120026.98,2,Yes,7,Yes,0,10802428.2
15716449,€132168.28,1,No,9,No,0,11895145.2
15759913,€85200.82,2,Yes,6,Yes,0,7668073.8
15701555,€84903.33,2,Yes,1,Yes,0,7641299.7
15758482,€0.0,2,No,0,No,0,0
15758171,€0.0,1,Yes,4,Yes,0,0
15680346,€0.0,1,No,8,No,0,0
15649124,€121535.18,1,No,9,No,0,10938166.2
15812917,€116662.96,2,Yes,6,Yes,0,10499666.4
15768455,€0.0,2,Yes,8,Yes,0,0
15703059,€124829.16,1,Yes,6,Yes,0,11234624.4
15646196,€155180.56,2,No,2,No,0,13966250.4
15585451,€108262.87,1,Yes,1,Yes,0,9743658.3
15714057,€0.0,2,No,4,No,0,0
15748473,€0.0,2,No,5,No,0,0
15785782,€0.0,1,Yes,2,Yes,1,0
15693233,€99812.88,2,Yes,6,Yes,0,8983159.2
15757521,€132164.26,1,Yes,2,Yes,0,11894783.4
15812513,€103583.05,1,No,10,No,1,9322474.5
15674950,€142406.43,2,No,4,No,0,12816578.7
15678572,€99842.5,2,No,7,No,1,8985825
15713608,€0.0,2,Yes,5,Yes,0,0
15579262,€0.0,1,No,9,No,0,0
15610426,€81042.42,1,Yes,5,Yes,0,7293817.8
15776454,€0.0,1,No,5,No,1,0
15771483,€0.0,2,Yes,6,Yes,0,0
15648489,€199689.49,1,Yes,4,Yes,1,17972054.1
15646609,€142645.43,1,No,1,No,0,12838088.7
15693203,€0.0,2,Yes,5,Yes,0,0
15813067,€110219.14,1,No,3,No,1,9919722.6
15769829,€0.0,2,Yes,3,Yes,0,0
15662434,€0.0,2,No,3,No,0,0
15773503,€0.0,2,No,4,No,0,0
15705890,€142072.02,1,No,7,No,0,12786481.8
15711398,€0.0,2,No,6,No,0,0
15752375,€149564.61,1,No,8,No,0,13460814.9
15659175,€0.0,2,No,9,No,0,0
15597033,€153366.13,1,Yes,8,Yes,0,13802951.7
15590228,€76467.16,1,Yes,6,Yes,0,6882044.4
15631848,€121508.28,1,Yes,9,Yes,0,10935745.2
15654211,€0.0,1,Yes,1,Yes,0,0
15707968,€73211.12,2,No,8,No,1,6589000.8
15594084,€0.0,2,No,9,No,0,0
15651093,€0.0,2,Yes,1,Yes,0,0
15798824,€92674.94,2,No,0,No,0,8340744.6
15671591,€96196.24,4,No,3,No,1,8657661.6
15707189,€114391.62,1,Yes,1,Yes,0,10295245.8
15733581,€80262.66,1,No,9,No,0,7223639.4
15641640,€173331.52,1,No,7,No,0,15599836.8
15585284,€147285.52,1,Yes,7,Yes,0,13255696.8
15617866,€119785.47,2,Yes,5,Yes,0,10780692.3
15667751,€140137.15,1,No,1,No,0,12612343.5
15669411,€107467.56,1,No,6,No,1,9672080.4
15789425,€98218.04,2,No,8,No,1,8839623.6
15570943,€133607.75,1,Yes,2,Yes,0,12024697.5
15685829,€0.0,2,Yes,3,Yes,0,0
15721917,€95139.41,1,Yes,8,Yes,0,8562546.9
15776047,€0.0,2,Yes,3,Yes,0,0
15716024,€0.0,2,No,5,No,0,0
15675328,€0.0,2,No,6,No,0,0
15604314,€97331.19,1,No,1,No,0,8759807.1
15658339,€139265.63,2,Yes,2,Yes,0,12533906.7
15630402,€0.0,1,Yes,9,Yes,0,0
15689616,€168094.01,1,No,5,No,0,15128460.9
15774224,€131563.88,2,No,5,No,0,11840749.2
15701291,€0.0,2,No,3,No,0,0
15719606,€0.0,2,No,9,No,0,0
15644119,€0.0,1,Yes,3,Yes,0,0
15646859,€107363.29,1,Yes,7,Yes,0,9662696.1
15606836,€94493.03,1,Yes,2,Yes,0,8504372.7
15664150,€170214.23,2,No,9,No,0,15319280.7
15624510,€139781.06,1,No,6,No,1,12580295.4
15810944,€0.0,2,No,7,No,0,0
15668575,€148610.41,3,Yes,8,Yes,1,13374936.9
15603246,€170241.7,2,Yes,2,Yes,0,15321753
15804002,€128306.83,1,Yes,1,Yes,0,11547614.7
15728773,€0.0,2,Yes,7,Yes,0,0
15598044,€0.0,1,Yes,3,Yes,0,0
15694829,€175454.0,1,Yes,7,Yes,0,15790860
15600575,€0.0,2,No,6,No,0,0
15727311,€100885.93,2,Yes,0,Yes,0,9079733.7
15570769,€93320.8,1,Yes,9,Yes,0,8398872
15606274,€63176.44,2,Yes,6,Yes,0,5685879.6
15746139,€139451.67,1,No,2,No,0,12550650.3
15704987,€49113.75,1,No,8,No,0,4420237.5
15628972,€123906.22,3,Yes,1,Yes,1,11151559.8
15697686,€0.0,2,Yes,6,Yes,0,0
15733883,€0.0,2,No,7,No,0,0
15617482,€131441.51,1,No,1,No,1,11829735.9
15704583,€0.0,1,No,2,No,1,0
15621083,€136325.48,2,Yes,6,Yes,1,12269293.2
15649487,€113150.44,2,No,4,No,1,10183539.6
15736760,€0.0,1,No,9,No,0,0
15714658,€0.0,2,Yes,4,Yes,0,0
15599081,€102785.16,1,Yes,8,Yes,0,9250664.4
15705113,€83264.28,1,No,6,No,0,7493785.2
15631159,€72252.64,2,Yes,4,Yes,0,6502737.6
15792818,€148051.52,1,No,6,No,0,13324636.8
15633531,€138489.66,1,Yes,9,Yes,0,12464069.4
15744529,€0.0,2,Yes,8,Yes,0,0
15669656,€111589.33,1,Yes,6,Yes,0,10043039.7
15581198,€122104.79,1,No,0,No,1,10989431.1
15729054,€96106.83,1,Yes,4,Yes,0,8649614.7
15573452,€115930.87,1,No,7,No,0,10433778.3
15776733,€124513.66,2,No,7,No,0,11206229.4
15724858,€0.0,1,No,9,No,1,0
15713144,€0.0,1,No,8,No,0,0
15690188,€0.0,1,Yes,7,Yes,1,0
15689425,€100988.39,2,No,8,No,0,9088955.1
15671766,€118577.24,1,Yes,10,Yes,0,10671951.6
15782806,€0.0,2,No,6,No,0,0
15764419,€0.0,2,Yes,5,Yes,0,0
15591915,€0.0,1,Yes,2,Yes,1,0
15772798,€0.0,2,Yes,5,Yes,0,0
15792008,€0.0,2,Yes,9,Yes,0,0
15715541,€113311.11,1,Yes,9,Yes,0,10197999.9
15639277,€0.0,1,No,9,No,0,0
15798850,€0.0,2,No,7,No,0,0
15776348,€124365.42,1,No,4,No,1,11192887.8
15727696,€147249.29,2,Yes,1,Yes,0,13252436.1
15793813,€103688.19,1,Yes,7,Yes,0,9331937.1
15694395,€138740.24,2,No,1,No,0,12486621.6
15764195,€111900.14,1,Yes,4,Yes,0,10071012.6
15744919,€152760.24,1,Yes,0,Yes,0,13748421.6
15671655,€143966.3,2,Yes,7,Yes,1,12956967
15654901,€141556.96,1,No,10,No,0,12740126.4
15649136,€0.0,2,Yes,6,Yes,0,0
15775562,€0.0,2,No,5,No,0,0
15807481,€0.0,1,Yes,1,Yes,0,0
15642885,€0.0,2,No,8,No,0,0
15789109,€0.0,1,Yes,10,Yes,1,0
15814004,€0.0,2,Yes,2,Yes,0,0
15673619,€162560.32,1,No,9,No,0,14630428.8
15595135,€123229.46,1,No,7,No,0,11090651.4
15583681,€76665.71,2,Yes,7,Yes,0,6899913.9
15605000,€140278.99,3,Yes,9,Yes,1,12625109.1
15718071,€0.0,2,Yes,3,Yes,0,0
15679760,€115764.32,2,No,1,No,0,10418788.8
15654574,€131142.53,2,No,5,No,0,11802827.7
15577178,€68375.27,1,No,5,No,1,6153774.3
15595324,€117833.3,3,No,5,No,1,10604997
15756932,€0.0,2,Yes,7,Yes,0,0
15726358,€0.0,2,No,7,No,0,0
15595228,€0.0,1,Yes,7,Yes,1,0
15782530,€111093.01,1,No,2,No,0,9998370.9
15592877,€132657.55,1,No,9,No,0,11939179.5
15651983,€128882.49,1,Yes,9,Yes,1,11599424.1
15746737,€69129.59,1,Yes,9,Yes,0,6221663.1
15774179,€0.0,2,Yes,6,Yes,0,0
15667265,€121404.64,1,Yes,4,Yes,0,10926417.6
15655123,€131355.3,3,No,9,No,1,11821977
15595917,€102097.33,1,Yes,1,Yes,0,9188759.7
15668385,€154863.15,1,Yes,1,Yes,0,13937683.5
15709476,€99945.93,2,No,3,No,0,8995133.7
15711218,€121704.32,2,No,2,No,0,10953388.8
15798659,€0.0,2,No,3,No,0,0
15663939,€138782.76,1,Yes,8,Yes,0,12490448.4
15694946,€0.0,2,Yes,9,Yes,0,0
15631912,€136291.71,1,No,8,No,0,12266253.9
15768816,€107856.57,2,No,0,No,0,9707091.3
15682268,€108348.66,1,No,1,No,1,9751379.4
15684801,€93871.95,3,No,1,No,1,8448475.5
15636428,€0.0,1,No,1,No,1,0
15809823,€125860.2,1,No,2,No,0,11327418
15699284,€172713.44,1,No,8,No,0,15544209.6
15786993,€0.0,2,Yes,5,Yes,0,0
15709441,€0.0,1,Yes,8,Yes,0,0
15710257,€130786.92,1,Yes,3,Yes,0,11770822.8
15582492,€112367.34,1,No,2,No,0,10113060.6
15575694,€91091.06,2,No,7,No,0,8198195.4
15756820,€106198.5,1,Yes,7,Yes,0,9557865
15766289,€142669.93,2,No,5,No,0,12840293.7
15593014,€112833.35,1,Yes,1,Yes,0,10155001.5
15584545,€0.0,2,Yes,5,Yes,0,0
15675949,€0.0,2,Yes,4,Yes,0,0
15672091,€104336.43,2,No,2,No,0,9390278.7
15801658,€104305.74,1,Yes,6,Yes,0,9387516.6
15706185,€140187.1,2,Yes,5,Yes,0,12616839
15789863,€0.0,2,No,4,No,0,0
15720943,€114959.12,1,No,1,No,1,10346320.8
15697997,€164704.38,1,Yes,5,Yes,1,14823394.2
15665416,€119096.55,1,Yes,10,Yes,0,10718689.5
15660200,€0.0,2,Yes,1,Yes,0,0
15619653,€0.0,1,No,2,No,1,0
15773447,€0.0,1,No,8,No,0,0
15739160,€115465.28,1,No,9,No,0,10391875.2
15689237,€0.0,2,No,4,No,0,0
15679297,€184926.61,1,No,3,No,0,16643394.9
15591433,€85957.88,2,No,8,No,0,7736209.2
15642725,€114084.6,1,Yes,10,Yes,0,10267614
15701962,€166930.76,2,No,2,No,0,15023768.4
15811613,€0.0,1,No,8,No,0,0
15741049,€0.0,2,Yes,7,Yes,0,0
15724423,€107193.82,2,No,6,No,0,9647443.8
15574305,€116275.12,1,Yes,3,Yes,0,10464760.8
15678168,€0.0,2,Yes,7,Yes,0,0
15697020,€91068.56,1,No,2,No,0,8196170.4
15610801,€123049.21,1,Yes,5,Yes,0,11074428.9
15745232,€0.0,2,Yes,6,Yes,0,0
15722758,€0.0,2,No,7,No,0,0
15792102,€137781.65,1,No,3,No,0,12400348.5
15675185,€108128.96,2,Yes,2,Yes,0,9731606.4
15801247,€105317.73,2,No,10,No,0,9478595.7
15725660,€80569.73,1,No,1,No,0,7251275.7
15638963,€174852.89,1,Yes,4,Yes,0,15736760.1
15800061,€89158.94,3,No,3,No,1,8024304.6
15578006,€0.0,2,Yes,10,Yes,0,0
15668504,€89800.14,1,Yes,2,Yes,0,8082012.6
15687491,€101207.75,1,No,9,No,1,9108697.5
15610403,€106086.42,2,No,1,No,0,9547777.8
15741094,€0.0,2,Yes,1,Yes,0,0
15807909,€0.0,2,No,9,No,0,0
15666141,€101440.36,2,Yes,8,Yes,0,9129632.4
15617134,€0.0,2,No,4,No,0,0
15783029,€106603.74,2,Yes,7,Yes,0,9594336.6
15622833,€130420.2,2,No,10,No,0,11737818
15746422,€0.0,1,No,1,No,0,0
15750839,€45022.23,1,Yes,2,Yes,0,4052000.7
15749130,€74298.43,1,Yes,1,Yes,0,6686858.7
15779862,€133003.03,1,Yes,3,Yes,1,11970272.7
15767871,€0.0,2,Yes,7,Yes,0,0
15679651,€136689.66,1,No,1,No,0,12302069.4
15576219,€0.0,2,Yes,4,Yes,0,0
15699247,€0.0,2,Yes,5,Yes,1,0
15619087,€102520.37,1,Yes,1,Yes,0,9226833.3
15605327,€0.0,2,Yes,2,Yes,0,0
15610140,€0.0,2,No,5,No,0,0
15791174,€88382.01,1,Yes,1,Yes,0,7954380.9
15602373,€115049.15,2,No,4,No,0,10354423.5
15762605,€104796.54,1,Yes,1,Yes,0,9431688.6
15598840,€123082.08,1,No,1,No,0,11077387.2
15744279,€0.0,2,Yes,8,Yes,0,0
15670619,€0.0,2,No,8,No,0,0
15599533,€0.0,2,Yes,7,Yes,0,0
15757837,€88311.48,2,Yes,3,Yes,0,7948033.2
15697574,€0.0,3,Yes,9,Yes,0,0
15578738,€71872.19,1,Yes,7,Yes,0,6468497.1
15762228,€110046.93,2,No,6,No,0,9904223.7
15614827,€104430.08,1,Yes,8,Yes,0,9398707.2
15789815,€0.0,2,No,5,No,0,0
15579781,€138653.51,1,No,10,No,0,12478815.9
15587013,€102575.04,1,Yes,7,Yes,0,9231753.6
15570932,€137780.74,2,Yes,7,Yes,1,12400266.6
15794661,€0.0,2,No,2,No,0,0
15581654,€0.0,2,Yes,7,Yes,0,0
15644296,€105209.54,1,No,8,No,0,9468858.6
15614420,€109570.21,2,Yes,0,Yes,0,9861318.9
15609653,€118715.86,1,No,6,No,1,10684427.4
15594577,€0.0,2,Yes,10,Yes,0,0
15584114,€153393.18,2,Yes,2,Yes,0,13805386.2
15673367,€132603.36,1,No,6,No,0,11934302.4
15685576,€0.0,2,Yes,6,Yes,0,0
15774727,€129398.01,2,No,1,No,0,11645820.9
15694288,€0.0,2,No,3,No,0,0
15603319,€151352.74,1,No,2,No,0,13621746.6
15759066,€136836.49,1,No,5,No,1,12315284.1
15814816,€91592.06,1,No,4,No,1,8243285.4
15724402,€0.0,2,No,8,No,0,0
15571059,€0.0,1,No,3,No,1,0
15674206,€0.0,2,Yes,8,Yes,0,0
15715160,€165536.28,2,Yes,2,Yes,0,14898265.2
15730448,€62482.95,1,Yes,5,Yes,0,5623465.5
15662067,€68155.59,1,No,8,No,0,6134003.1
15779581,€55853.33,2,Yes,3,Yes,1,5026799.7
15662901,€0.0,2,Yes,2,Yes,0,0
15689751,€79589.43,1,No,2,No,0,7163048.7
15667742,€100880.76,1,Yes,5,Yes,0,9079268.4
15738448,€174330.35,2,No,3,No,0,15689731.5
15680243,€143390.51,1,No,7,No,0,12905145.9
15745083,€91415.76,1,No,8,No,1,8227418.4
15708228,€134366.42,1,No,3,No,0,12092977.8
15628523,€0.0,2,Yes,3,Yes,0,0
15708196,€88786.81,1,Yes,8,Yes,0,7990812.9
15735549,€96814.46,2,Yes,3,Yes,0,8713301.4
15809347,€160680.41,1,No,9,No,0,14461236.9
15660866,€0.0,2,No,3,No,0,0
15766609,€0.0,2,No,10,No,0,0
15654230,€145537.21,1,No,5,No,0,13098348.9
15794566,€0.0,2,Yes,4,Yes,1,0
15800890,€0.0,2,Yes,6,Yes,0,0
15697424,€119370.11,1,Yes,2,Yes,1,10743309.9
15724536,€0.0,2,Yes,1,Yes,0,0
15735878,€134381.52,1,No,10,No,1,12094336.8
15707596,€114888.74,2,Yes,8,Yes,1,10339986.6
15657163,€149332.48,2,No,1,No,0,13439923.2
15622478,€105061.74,3,No,7,No,1,9455556.6
15779529,€0.0,2,Yes,7,Yes,0,0
15636023,€0.0,1,Yes,10,Yes,1,0
15582066,€0.0,1,Yes,4,Yes,0,0
15666675,€155062.8,1,Yes,7,Yes,0,13955652
15732987,€88798.34,1,No,3,No,0,7991850.6
15789432,€0.0,2,No,6,No,0,0
15663161,€143139.87,1,No,5,No,1,12882588.3
15694879,€0.0,2,No,7,No,0,0
15593715,€107027.52,1,No,3,No,0,9632476.8
15575002,€140720.93,1,No,4,No,0,12664883.7
15622171,€80964.57,2,No,8,No,0,7286811.3
15795224,€178585.46,1,No,6,No,1,16072691.4
15685346,€135889.13,1,Yes,4,Yes,0,12230021.7
15691808,€134919.85,1,No,7,No,0,12142786.5
15721007,€115130.34,1,No,8,No,1,10361730.6
15794253,€138190.13,2,Yes,6,Yes,0,12437111.7
15694453,€131519.49,2,Yes,9,Yes,0,11836754.1
15813113,€0.0,1,No,5,No,1,0
15614187,€126935.98,2,Yes,3,Yes,0,11424238.2
15619407,€133707.09,1,Yes,4,Yes,0,12033638.1
15646227,€97893.2,1,No,1,No,0,8810388
15660541,€127900.03,1,No,5,No,0,11511002.7
15753874,€143835.47,1,Yes,10,Yes,0,12945192.3
15617877,€0.0,2,Yes,0,Yes,0,0
15772073,€0.0,1,No,10,No,1,0
15701537,€0.0,1,Yes,2,Yes,1,0
15736228,€129596.77,1,Yes,3,Yes,0,11663709.3
15780572,€0.0,2,No,4,No,0,0
15769596,€110407.44,2,No,2,No,1,9936669.6
15586996,€0.0,2,Yes,7,Yes,0,0
15722061,€142015.76,2,No,8,No,0,12781418.4
15638003,€81370.07,1,Yes,1,Yes,0,7323306.3
15775590,€69329.47,1,No,2,No,1,6239652.3
15730688,€116755.5,2,Yes,8,Yes,1,10507995
15753102,€83870.33,1,No,6,No,0,7548329.7
15810075,€130694.89,2,Yes,6,Yes,1,11762540.1
15723373,€117451.47,1,No,8,No,0,10570632.3
15795298,€206868.78,2,Yes,9,Yes,0,18618190.2
15584320,€111695.62,1,No,3,No,0,10052605.8
15724161,€137285.26,4,No,9,No,1,12355673.4
15750056,€149218.39,1,Yes,6,Yes,0,13429655.1
15609637,€0.0,2,Yes,7,Yes,0,0
15794493,€0.0,2,Yes,7,Yes,0,0
15569641,€130701.29,1,No,8,No,1,11763116.1
15815236,€0.0,2,No,5,No,0,0
15811177,€167949.48,1,No,3,No,0,15115453.2
15680587,€131254.81,1,No,4,No,0,11812932.9
15672821,€0.0,2,Yes,5,Yes,0,0
15767681,€0.0,2,Yes,9,Yes,0,0
15600379,€86656.13,1,Yes,7,Yes,0,7799051.7
15801336,€114737.26,1,Yes,8,Yes,1,10326353.4
15721592,€0.0,2,No,5,No,0,0
15581282,€0.0,1,No,6,No,0,0
15746203,€119817.33,1,Yes,4,Yes,1,10783559.7
15583137,€130806.99,2,Yes,7,Yes,1,11772629.1
15680752,€0.0,1,Yes,0,Yes,1,0
15688172,€0.0,2,No,5,No,0,0
15791373,€80931.75,1,No,2,No,1,7283857.5
15589449,€0.0,3,Yes,3,Yes,1,0
15692819,€132178.67,1,No,1,No,0,11896080.3
15727467,€0.0,2,No,3,No,0,0
15734312,€0.0,2,Yes,6,Yes,0,0
15764604,€164769.02,3,No,7,No,1,14829211.8
15613014,€107233.85,2,No,1,No,0,9651046.5
15759684,€176227.07,2,Yes,7,Yes,0,15860436.3
15609669,€109949.39,2,Yes,4,Yes,0,9895445.1
15685536,€0.0,2,Yes,5,Yes,0,0
15750447,€117738.81,1,No,10,No,1,10596492.9
15663249,€133292.45,1,No,9,No,0,11996320.5
15638646,€160474.59,1,Yes,1,Yes,0,14442713.1
15734161,€0.0,2,No,6,No,0,0
15631070,€154393.43,1,Yes,9,Yes,1,13895408.7
15761950,€110827.49,1,Yes,9,Yes,1,9974474.1
15649668,€145750.45,2,Yes,10,Yes,0,13117540.5
15713912,€109044.3,1,Yes,8,Yes,0,9813987
15586757,€75170.54,1,Yes,4,Yes,0,6765348.6
15596522,€0.0,2,No,2,No,0,0
15625395,€105795.9,1,Yes,6,Yes,0,9521631
15760570,€0.0,2,No,5,No,0,0
15566689,€0.0,2,Yes,8,Yes,0,0
15725794,€0.0,1,No,1,No,1,0
15673539,€118097.87,1,No,3,No,0,10628808.3
15705298,€172693.54,1,No,0,No,0,15542418.6
15675791,€129440.3,2,No,4,No,0,11649627
15747043,€0.0,2,No,4,No,0,0
15736397,€96471.2,1,No,1,No,0,8682408
15678201,€0.0,1,Yes,1,Yes,1,0
15720745,€140197.18,1,Yes,4,Yes,0,12617746.2
15637593,€0.0,2,No,6,No,0,0
15598070,€135946.26,1,No,4,No,0,12235163.4
15787550,€0.0,2,Yes,3,Yes,0,0
15603942,€81290.02,3,Yes,3,Yes,1,7316101.8
15733973,€0.0,1,No,8,No,1,0
15596761,€113715.36,1,No,9,No,1,10234382.4
15652400,€168883.08,1,Yes,2,Yes,0,15199477.2
15717893,€143421.74,1,No,8,No,0,12907956.6
15622585,€153644.39,1,Yes,7,Yes,0,13827995.1
15733964,€109330.06,1,Yes,1,Yes,0,9839705.4
15753861,€115095.88,2,No,1,No,0,10358629.2
15747097,€0.0,1,Yes,10,Yes,1,0
15594762,€183276.32,1,Yes,1,Yes,0,16494868.8
15667417,€68193.72,1,No,9,No,0,6137434.8
15684861,€0.0,2,No,8,No,0,0
15742204,€139729.54,1,Yes,6,Yes,0,12575658.6
15623502,€98365.33,1,Yes,4,Yes,0,8852879.7
15774872,€0.0,2,No,10,No,0,0
15611191,€122453.97,2,Yes,10,Yes,0,11020857.3
15674331,€132174.41,2,No,7,No,0,11895696.9
15619465,€0.0,2,Yes,2,Yes,0,0
15575247,€0.0,2,No,1,No,0,0
15695679,€104349.45,1,No,2,No,0,9391450.5
15713463,€138881.04,1,No,2,No,1,12499293.6
15785170,€116968.91,1,No,0,No,0,10527201.9
15796351,€105346.03,2,Yes,1,Yes,0,9481142.7
15639576,€136623.19,1,No,9,No,0,12296087.1
15693264,€0.0,2,Yes,10,Yes,0,0
15589715,€0.0,1,No,5,No,1,0
15769902,€0.0,2,Yes,6,Yes,0,0
15587177,€124445.52,1,No,6,No,0,11200096.8
15814553,€68999.66,2,Yes,5,Yes,0,6209969.4
15601550,€85768.42,1,Yes,6,Yes,0,7719157.8
15664907,€0.0,1,No,1,No,1,0
15612465,€100628.0,2,Yes,9,Yes,0,9056520
15810800,€0.0,1,Yes,0,Yes,0,0
15665760,€0.0,2,Yes,7,Yes,0,0
15588080,€0.0,1,No,6,No,1,0
15776844,€0.0,2,No,6,No,0,0
15717560,€125647.36,1,No,0,No,1,11308262.4
15629739,€100375.39,1,Yes,8,Yes,0,9033785.1
15729908,€0.0,1,No,10,No,0,0
15716781,€171922.72,1,Yes,7,Yes,0,15473044.8
15646936,€146810.99,2,Yes,2,Yes,0,13212989.1
15768151,€109032.23,1,Yes,3,Yes,1,9812900.7
15579212,€0.0,1,No,6,No,1,0
15721835,€0.0,1,No,7,No,0,0
15800515,€128653.59,1,No,5,No,0,11578823.1
15591279,€80387.81,1,Yes,3,Yes,0,7234902.9
15587419,€0.0,2,Yes,8,Yes,1,0
15750335,€108508.82,3,No,0,No,1,9765793.8
15699619,€155978.17,1,No,10,No,0,14038035.3
15606472,€0.0,1,Yes,5,Yes,0,0
15778368,€121175.56,1,No,4,No,1,10905800.4
15671387,€89349.47,2,No,4,No,0,8041452.3
15573926,€86131.71,2,No,7,No,0,7751853.9
15709183,€102346.86,1,Yes,3,Yes,0,9211217.4
15577514,€121263.62,1,Yes,7,Yes,0,10913725.8
15778830,€0.0,2,No,2,No,0,0
15768072,€0.0,1,No,2,No,1,0
15768293,€0.0,2,Yes,3,Yes,0,0
15654456,€149726.08,1,No,6,No,1,13475347.2
15807525,€0.0,2,No,2,No,1,0
15574372,€161274.05,2,No,5,No,0,14514664.5
15671249,€0.0,2,No,2,No,0,0
15779744,€103138.17,1,Yes,1,Yes,0,9282435.3
15624755,€109628.44,1,No,3,No,0,9866559.6
15611430,€0.0,1,No,5,No,1,0
15774744,€97286.16,2,No,7,No,0,8755754.4
15629885,€118004.26,1,No,7,No,0,10620383.4
15708791,€85534.83,1,No,9,No,0,7698134.7
15793890,€0.0,1,Yes,4,Yes,1,0
15646091,€95140.44,2,No,4,No,1,8562639.6
15596984,€0.0,1,Yes,6,Yes,1,0
15800215,€0.0,2,Yes,3,Yes,0,0
15577806,€75900.84,1,Yes,1,Yes,0,6831075.6
15749381,€126619.27,1,No,2,No,0,11395734.3
15683758,€111833.47,1,No,7,No,0,10065012.3
15670615,€0.0,2,No,7,No,0,0
15715622,€238387.56,1,Yes,3,Yes,1,21454880.4
15707634,€108698.96,2,Yes,2,Yes,0,9782906.4
15806901,€112687.69,1,Yes,2,Yes,0,10141892.1
15775335,€81556.89,2,No,4,No,0,7340120.1
15724150,€136596.85,1,Yes,9,Yes,0,12293716.5
15627220,€98807.45,1,No,9,No,1,8892670.5
15672330,€0.0,2,Yes,1,Yes,0,0
15668521,€0.0,2,Yes,1,Yes,0,0
15807837,€107499.7,1,Yes,6,Yes,0,9674973
15592570,€0.0,2,No,8,No,0,0
15748589,€0.0,2,No,9,No,0,0
15635893,€0.0,2,Yes,8,Yes,0,0
15757632,€176024.05,2,No,1,No,0,15842164.5
15691863,€0.0,2,Yes,3,Yes,0,0
15706071,€127631.62,1,Yes,0,Yes,1,11486845.8
15654296,€0.0,1,No,9,No,0,0
15755018,€109819.16,2,No,10,No,0,9883724.4
15594041,€138734.94,1,No,2,No,0,12486144.6
15670587,€111363.1,2,No,10,No,0,10022679
15724527,€0.0,2,Yes,9,Yes,0,0
15801904,€143988.0,2,No,0,No,1,12958920
15658195,€118838.75,1,Yes,5,Yes,0,10695487.5
15630113,€161637.75,1,Yes,4,Yes,0,14547397.5
15784320,€133793.89,1,Yes,3,Yes,1,12041450.1
15676513,€71553.83,1,No,8,No,0,6439844.7
15574072,€0.0,1,Yes,8,Yes,0,0
15633854,€0.0,2,No,3,No,0,0
15618566,€0.0,2,Yes,7,Yes,0,0
15733014,€64667.95,2,Yes,10,Yes,0,5820115.5
15753343,€121164.11,1,Yes,2,Yes,0,10904769.9
15746076,€0.0,2,No,3,No,0,0
15608226,€98903.06,1,Yes,3,Yes,0,8901275.4
15605684,€104158.84,1,No,7,No,0,9374295.6
15638988,€0.0,2,Yes,6,Yes,0,0
15628767,€139529.93,2,Yes,3,Yes,1,12557693.7
15737977,€0.0,2,Yes,6,Yes,0,0
15758116,€64646.7,1,No,5,No,1,5818203
15575119,€0.0,2,Yes,3,Yes,1,0
15625126,€0.0,2,Yes,6,Yes,0,0
15567114,€118894.22,1,No,1,No,0,10700479.8
15672242,€0.0,1,Yes,2,Yes,0,0
15681327,€0.0,2,Yes,9,Yes,0,0
15802585,€68213.99,1,Yes,8,Yes,0,6139259.1
15740630,€0.0,2,No,1,No,0,0
15815420,€139196.0,1,Yes,8,Yes,0,12527640
15711468,€0.0,2,Yes,7,Yes,0,0
15799626,€126345.55,1,Yes,4,Yes,1,11371099.5
15659325,€0.0,2,Yes,5,Yes,0,0
15651352,€0.0,1,No,2,No,1,0
15684925,€0.0,2,No,3,No,0,0
15657439,€0.0,2,Yes,4,Yes,0,0
15574122,€129278.43,1,No,5,No,0,11635058.7
15720508,€119558.35,1,No,3,No,0,10760251.5
15599078,€92467.58,1,No,5,No,0,8322082.2
15702300,€0.0,2,No,5,No,0,0
15660735,€0.0,2,No,6,No,0,0
15671390,€0.0,2,No,10,No,0,0
15647385,€99340.83,1,No,4,No,1,8940674.7
15739223,€0.0,2,Yes,3,Yes,0,0
15631305,€126833.79,2,No,4,No,1,11415041.1
15809263,€109676.52,1,Yes,5,Yes,0,9870886.8
15640866,€0.0,1,Yes,3,Yes,0,0
15775663,€134729.99,2,Yes,6,Yes,0,12125699.1
15631800,€98431.37,1,No,3,No,0,8858823.3
15654292,€130368.31,2,No,8,No,0,11733147.9
15648320,€123974.96,1,No,7,No,0,11157746.4
15726747,€138082.16,1,Yes,4,Yes,0,12427394.4
15694510,€129855.32,1,No,1,No,0,11686978.8
15572291,€132308.22,1,No,6,No,0,11907739.8
15603465,€155447.65,2,No,5,No,1,13990288.5
15685628,€124268.64,2,Yes,2,Yes,0,11184177.6
15792729,€176311.36,1,No,9,No,0,15868022.4
15767414,€99886.42,2,Yes,2,Yes,0,8989777.8
15568044,€0.0,2,Yes,7,Yes,0,0
15751333,€0.0,2,Yes,2,Yes,0,0
15623062,€85089.3,1,Yes,5,Yes,0,7658037
15713621,€134318.21,2,Yes,10,Yes,0,12088638.9
15670668,€75395.53,2,Yes,5,Yes,0,6785597.7
15750638,€116765.7,1,No,5,No,1,10508913
15747878,€0.0,1,Yes,4,Yes,0,0
15726796,€111501.66,1,Yes,7,Yes,0,10035149.4
15754952,€76595.08,2,No,7,No,0,6893557.2
15652192,€160541.36,2,No,9,No,0,14448722.4
15681924,€129728.6,1,No,2,No,0,11675574
15763544,€0.0,2,No,1,No,0,0
15764431,€130929.02,4,Yes,5,Yes,1,11783611.8
15684010,€116800.25,1,Yes,2,Yes,0,10512022.5
15648881,€101016.53,1,Yes,0,Yes,1,9091487.7
15733303,€0.0,2,Yes,5,Yes,0,0
15643294,€190566.65,1,Yes,8,Yes,0,17150998.5
15749905,€0.0,1,No,6,No,1,0
15625175,€97067.69,1,Yes,6,Yes,1,8736092.1
15643967,€92208.54,1,Yes,4,Yes,1,8298768.6
15578251,€186347.97,2,No,2,No,0,16771317.3
15772573,€103176.62,1,Yes,2,Yes,0,9285895.8
15733234,€0.0,1,Yes,4,Yes,1,0
15721582,€77270.08,2,Yes,4,Yes,1,6954307.2
15628219,€111911.63,1,Yes,3,Yes,1,10072046.7
15571302,€94216.05,1,Yes,5,Yes,0,8479444.5
15637178,€0.0,2,Yes,7,Yes,0,0
15601184,€0.0,2,No,3,No,0,0
15629511,€106770.82,1,No,6,No,0,9609373.8
15570629,€138089.97,2,Yes,5,Yes,0,12428097.3
15665766,€133191.19,2,Yes,9,Yes,0,11987207.1
15693732,€0.0,2,Yes,9,Yes,0,0
15765982,€74135.85,1,Yes,7,Yes,1,6672226.5
15582016,€99208.46,2,No,6,No,0,8928761.4
15798024,€92242.34,1,Yes,8,Yes,0,8301810.6
15588622,€108380.72,1,Yes,7,Yes,0,9754264.8
15724863,€91893.32,1,No,4,No,1,8270398.8
15618213,€85757.93,1,Yes,7,Yes,0,7718213.7
15780411,€0.0,2,No,3,No,0,0
15725429,€96759.42,1,Yes,8,Yes,0,8708347.8
15600626,€0.0,2,Yes,6,Yes,0,0
15668460,€0.0,2,Yes,6,Yes,0,0
15576263,€0.0,1,No,5,No,0,0
15720354,€0.0,2,Yes,4,Yes,0,0
15691624,€132150.26,2,No,2,No,0,11893523.4
15793196,€0.0,2,Yes,9,Yes,0,0
15633352,€175443.75,1,No,6,No,1,15789937.5
15750874,€78990.15,1,Yes,3,Yes,0,7109113.5
15588923,€113743.37,1,No,4,No,0,10236903.3
15715745,€157624.84,1,Yes,5,Yes,0,14186235.6
15611800,€125163.62,2,Yes,7,Yes,0,11264725.8
15576928,€0.0,1,No,2,No,0,0
15793693,€0.0,1,Yes,9,Yes,0,0
15581252,€80922.75,1,No,7,No,0,7283047.5
15797760,€193354.86,2,No,3,No,0,17401937.4
15790564,€107648.94,2,Yes,9,Yes,0,9688404.6
15593736,€131769.04,1,No,7,No,1,11859213.6
15595937,€138992.48,2,No,1,No,0,12509323.2
15815628,€113899.92,1,No,8,No,0,10250992.8
15782802,€114450.32,1,Yes,6,Yes,0,10300528.8
15627412,€0.0,2,No,3,No,0,0
15734609,€0.0,2,Yes,2,Yes,0,0
15710689,€63609.92,1,No,6,No,1,5724892.8
15565806,€0.0,2,No,9,No,0,0
15815530,€75497.51,1,No,10,No,0,6794775.9
15632272,€0.0,2,No,2,No,0,0
15684103,€0.0,2,Yes,10,Yes,0,0
15654519,€0.0,2,Yes,1,Yes,0,0
15767722,€117704.73,1,No,0,No,0,10593425.7
15654346,€130463.55,2,Yes,1,Yes,0,11741719.5
15660147,€46161.18,1,Yes,8,Yes,0,4154506.2
15814998,€0.0,2,No,5,No,0,0
15802207,€110182.54,2,Yes,4,Yes,0,9916428.6
15658668,€0.0,2,No,10,No,0,0
15715079,€117221.15,1,No,9,No,0,10549903.5
15570360,€0.0,2,No,4,No,0,0
15674678,€79120.27,1,No,9,No,1,7120824.3
15780925,€177069.24,2,Yes,1,Yes,0,15936231.6
15688193,€61636.97,1,No,3,No,0,5547327.3
15778219,€0.0,1,No,5,No,0,0
15696514,€104414.03,1,No,6,No,0,9397262.7
15712303,€159732.02,1,Yes,4,Yes,0,14375881.8
15719090,€89437.03,1,Yes,4,Yes,0,8049332.7
15735632,€0.0,1,Yes,8,Yes,0,0
15619436,€0.0,1,No,3,No,0,0
15722404,€0.0,2,Yes,3,Yes,0,0
15662063,€142400.77,1,Yes,7,Yes,0,12816069.3
15745605,€88011.4,1,Yes,2,Yes,1,7921026
15636658,€0.0,2,Yes,2,Yes,0,0
15784130,€154870.28,1,Yes,8,Yes,0,13938325.2
15606755,€0.0,2,No,4,No,1,0
15801699,€0.0,2,Yes,5,Yes,0,0
15784097,€118402.25,2,No,1,No,0,10656202.5
15764654,€87374.88,2,Yes,9,Yes,0,7863739.2
15612092,€105397.8,1,No,8,No,1,9485802
15610903,€125341.69,1,No,5,No,0,11280752.1
15705777,€129164.88,1,Yes,10,Yes,0,11624839.2
15661936,€141004.46,1,No,3,No,0,12690401.4
15700864,€0.0,2,No,0,No,0,0
15722965,€89079.41,1,Yes,3,Yes,1,8017146.9
15737521,€103604.31,2,No,9,No,0,9324387.9
15814465,€182705.05,1,Yes,1,Yes,0,16443454.5
15580988,€0.0,2,Yes,8,Yes,0,0
15789974,€94598.48,1,No,6,No,1,8513863.2
15713370,€188241.05,2,No,8,No,1,16941694.5
15748673,€0.0,2,No,9,No,0,0
15754919,€0.0,2,Yes,10,Yes,0,0
15641662,€117469.91,2,No,5,No,0,10572291.9
15813422,€80790.74,1,No,4,No,0,7271166.6
15713596,€107735.93,1,Yes,1,Yes,0,9696233.7
15791216,€133379.41,1,No,8,No,1,12004146.9
15689031,€168066.87,1,No,7,No,0,15126018.3
15763704,€69014.49,2,No,2,No,0,6211304.1
15631339,€0.0,1,No,4,No,0,0
15771509,€98548.62,2,Yes,1,Yes,0,8869375.8
15769586,€0.0,2,Yes,1,Yes,0,0
15656096,€76554.06,1,Yes,3,Yes,0,6889865.4
15585280,€0.0,2,Yes,2,Yes,0,0
15743582,€107375.82,1,Yes,3,Yes,0,9663823.8
15761692,€122417.17,2,Yes,9,Yes,0,11017545.3
15627840,€0.0,1,Yes,0,Yes,1,0
15778861,€97188.62,1,No,6,No,0,8746975.8
15770554,€61297.05,2,Yes,4,Yes,0,5516734.5
15806956,€112666.67,1,No,1,No,1,10140000.3
15701908,€0.0,1,Yes,7,Yes,0,0
15736990,€157842.07,1,No,3,No,0,14205786.3
15743714,€91443.75,1,No,7,No,0,8229937.5
15807993,€110148.49,1,No,0,No,1,9913364.1
15644686,€53299.96,2,Yes,9,Yes,0,4796996.4
15677377,€0.0,2,Yes,3,Yes,0,0
15626412,€0.0,2,Yes,6,Yes,0,0
15643679,€70233.74,2,Yes,2,Yes,0,6321036.6
15728456,€0.0,1,No,3,No,1,0
15630661,€75212.28,1,No,10,No,0,6769105.2
15734044,€41299.03,1,Yes,7,Yes,0,3716912.7
15705001,€83286.56,1,No,3,No,0,7495790.4
15809817,€0.0,2,No,10,No,0,0
15809137,€0.0,1,No,6,No,1,0
15751593,€85668.59,1,No,6,No,0,7710173.1
15626491,€57327.04,1,Yes,7,Yes,0,5159433.6
15765461,€0.0,2,No,3,No,0,0
15568120,€69609.85,1,Yes,7,Yes,0,6264886.5
15787161,€129269.27,1,No,4,No,0,11634234.3
15812324,€0.0,2,Yes,1,Yes,0,0
15588944,€165350.61,2,No,1,No,1,14881554.9
15694253,€152105.57,2,Yes,7,Yes,0,13689501.3
15759566,€0.0,2,Yes,10,Yes,0,0
15675675,€106290.64,1,No,5,No,0,9566157.6
15802060,€100548.67,2,No,10,No,0,9049380.3
15660505,€106344.95,1,No,2,No,1,9571045.5
15782630,€137482.19,1,No,5,No,0,12373397.1
15700710,€116465.53,1,Yes,3,Yes,0,10481897.7
15742834,€0.0,1,Yes,1,Yes,0,0
15806511,€0.0,2,Yes,10,Yes,0,0
15608166,€127637.92,1,Yes,9,Yes,0,11487412.8
15614230,€0.0,2,Yes,3,Yes,0,0
15729958,€0.0,1,Yes,1,Yes,0,0
15800814,€81951.74,2,No,2,No,0,7375656.6
15674727,€147531.82,1,Yes,5,Yes,0,13277863.8
15657779,€0.0,2,Yes,3,Yes,0,0
15801395,€135120.72,1,No,10,No,0,12160864.8
15757911,€0.0,1,No,2,No,0,0
15665340,€0.0,2,Yes,8,Yes,0,0
15787151,€0.0,2,Yes,7,Yes,0,0
15757821,€0.0,2,No,1,No,0,0
15600688,€0.0,2,No,5,No,0,0
15594878,€28082.95,1,No,5,No,1,2527465.5
15569248,€0.0,2,No,10,No,1,0
15812706,€111087.5,1,Yes,4,Yes,0,9997875
15645045,€0.0,2,Yes,9,Yes,0,0
15766746,€127120.07,1,No,6,No,0,11440806.3
15700383,€115651.6,2,Yes,7,Yes,0,10408644
15632551,€77743.01,2,No,4,No,0,6996870.9
15795129,€0.0,2,No,9,No,0,0
15650545,€71996.09,1,Yes,7,Yes,0,6479648.1
15612769,€61581.97,1,Yes,5,Yes,0,5542377.3
15710853,€0.0,2,No,5,No,0,0
15623712,€0.0,3,No,5,No,1,0
15653251,€87873.39,1,No,8,No,1,7908605.1
15755077,€105617.73,2,Yes,0,Yes,1,9505595.7
15808557,€0.0,1,Yes,5,Yes,1,0
15614687,€148770.61,2,Yes,4,Yes,0,13389354.9
15626882,€94901.09,1,Yes,5,Yes,0,8541098.1
15748034,€174851.9,1,Yes,7,Yes,0,15736671
15632324,€0.0,2,Yes,7,Yes,0,0
15761023,€120847.11,1,No,2,No,1,10876239.9
15761453,€0.0,1,No,6,No,0,0
15646726,€0.0,1,No,5,No,0,0
15637169,€103267.8,1,Yes,4,Yes,0,9294102
15636024,€109699.08,1,Yes,4,Yes,0,9872917.2
15801218,€135133.39,1,Yes,8,Yes,1,12162005.1
15642655,€0.0,1,No,1,No,0,0
15690130,€137649.47,1,No,8,No,0,12388452.3
15653753,€113567.94,1,No,6,No,0,10221114.6
15641359,€0.0,2,No,6,No,1,0
15776827,€141547.26,2,Yes,5,Yes,0,12739253.4
15647725,€62055.17,3,No,5,No,1,5584965.3
15648455,€131156.76,1,No,4,No,0,11804108.4
15580629,€134837.58,1,No,6,No,0,12135382.2
15730161,€0.0,2,No,3,No,0,0
15626612,€104784.23,1,No,4,No,1,9430580.7
15662865,€0.0,2,Yes,1,Yes,0,0
15629094,€156948.41,1,Yes,1,Yes,1,14125356.9
15651823,€147751.75,1,No,6,No,1,13297657.5
15594827,€124619.33,2,Yes,1,Yes,0,11215739.7
15786392,€124182.21,1,No,4,No,0,11176398.9
15727353,€142028.36,1,No,7,No,1,12782552.4
15733777,€0.0,1,No,8,No,1,0
15614302,€125837.86,2,No,10,No,0,11325407.4
15723263,€117160.32,1,Yes,9,Yes,1,10544428.8
15687270,€0.0,2,Yes,8,Yes,0,0
15803121,€97565.74,1,No,5,No,1,8780916.6
15598700,€0.0,2,Yes,5,Yes,0,0
15741875,€104833.79,1,No,3,No,0,9435041.1
15631709,€101675.22,2,No,2,No,0,9150769.8
15672970,€0.0,2,Yes,3,Yes,0,0
15761670,€0.0,1,No,8,No,1,0
15706005,€174701.05,1,No,2,No,1,15723094.5
15790336,€71142.77,2,No,6,No,0,6402849.3
15754267,€108805.42,2,Yes,3,Yes,0,9792487.8
15791988,€0.0,2,Yes,4,Yes,0,0
15683375,€0.0,1,Yes,4,Yes,0,0
15625151,€116037.76,1,Yes,9,Yes,0,10443398.4
15635285,€0.0,2,Yes,8,Yes,0,0
15574296,€80673.96,2,No,2,No,0,7260656.4
15711618,€124640.51,1,No,1,No,1,11217645.9
15670943,€182275.23,2,No,9,No,0,16404770.7
15634359,€98635.77,1,No,5,No,0,8877219.3
15586629,€0.0,2,No,5,No,0,0
15588461,€0.0,1,No,4,No,0,0
15773221,€79757.21,1,No,8,No,1,7178148.9
15664227,€53053.76,1,Yes,8,Yes,0,4774838.4
15741745,€120911.75,2,Yes,7,Yes,0,10882057.5
15652626,€115285.85,1,No,4,No,0,10375726.5
15599410,€0.0,2,No,2,No,0,0
15571958,€221532.8,1,No,3,No,0,19937952
15785406,€105056.13,1,No,4,No,0,9455051.7
15687884,€88363.03,1,Yes,3,Yes,0,7952672.7
15621685,€123757.52,2,No,2,No,0,11138176.8
15628886,€123959.97,1,Yes,5,Yes,1,11156397.3
15699325,€114822.64,1,Yes,10,Yes,0,10334037.6
15578369,€145219.3,1,No,9,No,0,13069737
15654156,€106807.64,1,Yes,5,Yes,0,9612687.6
15707199,€148159.71,1,No,0,No,0,13334373.9
15671630,€99745.95,1,No,1,No,0,8977135.5
15632079,€156282.79,1,No,8,No,0,14065451.1
15767921,€0.0,2,No,7,No,0,0
15573599,€0.0,2,Yes,6,Yes,1,0
15747208,€0.0,1,No,6,No,1,0
15582762,€0.0,1,Yes,2,Yes,0,0
15772528,€121376.15,2,No,7,No,1,10923853.5
15755798,€111582.11,1,No,4,No,0,10042389.9
15788683,€129417.82,1,No,10,No,0,11647603.8
15616922,€0.0,2,Yes,1,Yes,0,0
15771855,€0.0,2,Yes,5,Yes,0,0
15601873,€0.0,1,No,7,No,0,0
15657868,€94607.08,1,No,6,No,0,8514637.2
15711716,€131368.3,1,No,1,No,1,11823147
15734246,€166883.07,2,Yes,8,Yes,0,15019476.3
15792151,€0.0,2,No,3,No,0,0
15770159,€172812.72,2,Yes,6,Yes,0,15553144.8
15747649,€126606.63,2,Yes,0,Yes,0,11394596.7
15639357,€134950.19,3,No,9,No,1,12145517.1
15738907,€96956.1,1,No,6,No,1,8726049
15663446,€107601.79,1,No,4,No,1,9684161.1
15750867,€92060.06,1,No,8,No,1,8285405.4
15715939,€0.0,2,No,0,No,0,0
15763806,€0.0,2,Yes,4,Yes,0,0
15637993,€137688.71,1,Yes,9,Yes,0,12391983.9
15720338,€85845.43,2,Yes,8,Yes,0,7726088.7
15627162,€125552.96,1,No,6,No,0,11299766.4
15596710,€167298.42,1,Yes,1,Yes,0,15056857.8
15781678,€55732.92,2,Yes,4,Yes,0,5015962.8
15634968,€110689.07,1,Yes,6,Yes,1,9962016.3
15609475,€98544.11,1,Yes,7,Yes,0,8868969.9
15573319,€178317.6,1,No,8,No,0,16048584
15738291,€115713.84,2,No,8,No,0,10414245.6
15782456,€143267.14,2,No,9,No,0,12894042.6
15794841,€89750.21,1,No,5,No,0,8077518.9
15684696,€116576.45,1,No,3,No,0,10491880.5
15629846,€143001.5,2,No,8,No,0,12870135
15674442,€157761.56,1,No,7,No,0,14198540.4
15571689,€0.0,2,Yes,5,Yes,0,0
15730469,€103430.11,2,Yes,4,Yes,0,9308709.9
15809320,€0.0,1,No,0,No,1,0
15684367,€0.0,2,No,5,No,0,0
15793049,€115115.38,1,No,8,No,1,10360384.2
15603665,€122501.28,2,Yes,0,Yes,0,11025115.2
15613623,€0.0,1,Yes,3,Yes,0,0
15569572,€0.0,2,Yes,6,Yes,0,0
15698791,€146758.24,1,No,3,No,0,13208241.6
15626233,€0.0,2,Yes,3,Yes,0,0
15607263,€0.0,1,Yes,3,Yes,1,0
15610900,€110738.89,1,No,9,No,1,9966500.1
15624775,€94203.8,1,Yes,2,Yes,0,8478342
15691703,€105792.49,1,Yes,8,Yes,1,9521324.1
15745355,€153198.23,1,Yes,4,Yes,0,13787840.7
15724955,€0.0,2,No,3,No,0,0
15628999,€61811.23,1,Yes,10,Yes,0,5563010.7
15654341,€101116.06,1,No,8,No,0,9100445.4
15744240,€74458.25,1,Yes,0,Yes,0,6701242.5
15632365,€142871.27,2,No,8,No,0,12858414.3
15729689,€98585.94,2,Yes,6,Yes,0,8872734.6
15759284,€0.0,1,Yes,6,Yes,1,0
15602124,€0.0,2,Yes,7,Yes,0,0
15661903,€80764.03,1,No,3,No,1,7268762.7
15664668,€144801.97,1,Yes,9,Yes,1,13032177.3
15736431,€0.0,2,No,2,No,0,0
15748639,€110053.62,2,Yes,7,Yes,0,9904825.8
15628123,€118890.81,1,Yes,5,Yes,0,10700172.9
15602731,€0.0,1,No,5,No,1,0
15794137,€151218.98,1,Yes,0,Yes,0,13609708.2
15748696,€150507.21,1,Yes,9,Yes,0,13545648.9
15725068,€0.0,2,Yes,9,Yes,0,0
15807340,€131023.76,2,No,4,No,0,11792138.4
15586133,€122314.5,1,No,2,No,1,11008305
15576185,€0.0,2,Yes,2,Yes,0,0
15660809,€0.0,2,Yes,4,Yes,0,0
15616666,€111739.4,2,Yes,6,Yes,0,10056546
15706904,€113882.31,1,Yes,6,Yes,0,10249407.9
15606915,€98148.61,1,No,7,No,0,8833374.9
15749693,€0.0,2,No,9,No,0,0
15791743,€59271.82,1,Yes,1,Yes,0,5334463.8
15796480,€0.0,2,Yes,2,Yes,0,0
15790442,€0.0,2,Yes,2,Yes,0,0
15609458,€69413.44,1,Yes,10,Yes,0,6247209.6
15593897,€160599.06,2,Yes,7,Yes,0,14453915.4
15604576,€0.0,1,Yes,3,Yes,0,0
15666270,€147803.48,1,No,2,No,1,13302313.2
15572626,€0.0,2,Yes,8,Yes,0,0
15727197,€170228.59,2,No,9,No,1,15320573.1
15714006,€133111.73,1,Yes,2,Yes,0,11980055.7
15642137,€0.0,2,No,5,No,0,0
15665327,€176139.5,2,No,2,No,0,15852555
15626806,€0.0,2,Yes,2,Yes,0,0
15662578,€110245.13,1,Yes,1,Yes,0,9922061.7
15790829,€0.0,2,No,5,No,0,0
15654959,€158719.57,1,Yes,6,Yes,0,14284761.3
15760244,€160979.68,1,Yes,5,Yes,0,14488171.2
15715394,€123557.65,2,Yes,4,Yes,0,11120188.5
15722246,€0.0,1,Yes,4,Yes,1,0
15609704,€0.0,1,No,4,No,1,0
15757628,€112896.86,1,Yes,10,Yes,0,10160717.4
15633586,€120962.13,1,No,7,No,0,10886591.7
15565796,€96048.55,1,No,10,No,0,8644369.5
15717935,€0.0,2,Yes,3,Yes,0,0
15577700,€185063.7,2,Yes,10,Yes,0,16655733
15747345,€118064.93,2,Yes,6,Yes,0,10625843.7
15678317,€0.0,2,Yes,2,Yes,0,0
15698335,€0.0,1,Yes,8,Yes,0,0
15768451,€149131.03,3,Yes,5,Yes,1,13421792.7
15753213,€0.0,2,No,7,No,0,0
15769645,€0.0,1,Yes,3,Yes,0,0
15657565,€125512.98,2,No,6,No,0,11296168.2
15620323,€83492.07,2,No,3,No,0,7514286.3
15679983,€0.0,1,No,7,No,0,0
15812616,€0.0,1,No,10,No,1,0
15601796,€125739.26,1,Yes,1,Yes,0,11316533.4
15729489,€98592.88,1,Yes,8,Yes,1,8873359.2
15613216,€141789.15,1,No,1,No,0,12761023.5
15657937,€112949.71,1,No,0,No,0,10165473.9
15815428,€105057.33,1,No,3,No,0,9455159.7
15640409,€89087.89,1,Yes,0,Yes,1,8017910.1
15699492,€147435.96,1,No,2,No,0,13269236.4
15623536,€154439.86,1,No,0,No,0,13899587.4
15707551,€73054.37,2,Yes,8,Yes,0,6574893.3
15577999,€124678.35,1,No,1,No,1,11221051.5
15788775,€152576.25,2,No,8,No,0,13731862.5
15758362,€152243.57,1,Yes,9,Yes,0,13701921.3
15807961,€0.0,1,No,4,No,0,0
15710978,€88120.97,2,Yes,2,Yes,0,7930887.3
15703541,€143930.92,1,Yes,9,Yes,1,12953782.8
15626474,€0.0,2,No,1,No,0,0
15608344,€137059.05,3,No,7,No,1,12335314.5
15768367,€186558.55,1,Yes,7,Yes,1,16790269.5
15806210,€115654.47,2,Yes,5,Yes,0,10408902.3
15697702,€0.0,2,No,2,No,0,0
15689152,€126152.84,1,No,3,No,0,11353755.6
15568573,€105701.91,1,Yes,7,Yes,1,9513171.9
15689598,€0.0,1,Yes,6,Yes,1,0
15713374,€157094.78,1,Yes,9,Yes,0,14138530.2
15679733,€113228.38,2,Yes,2,Yes,0,10190554.2
15759274,€0.0,1,Yes,10,Yes,0,0
15607748,€108432.88,2,Yes,8,Yes,0,9758959.2
15607577,€0.0,1,Yes,8,Yes,0,0
15813697,€120702.67,2,Yes,2,Yes,0,10863240.3
15801125,€0.0,1,No,1,No,0,0
15777855,€0.0,2,Yes,7,Yes,0,0
15635396,€139106.19,1,No,9,No,1,12519557.1
15698031,€101851.8,2,No,6,No,0,9166662
15678944,€130935.56,1,No,6,No,1,11784200.4
15718507,€116509.99,1,Yes,3,Yes,1,10485899.1
15808334,€93124.04,2,Yes,1,Yes,0,8381163.6
15804709,€111578.18,1,No,5,No,1,10042036.2
15645835,€0.0,2,Yes,9,Yes,0,0
15738166,€86546.29,1,Yes,10,Yes,0,7789166.1
15675360,€0.0,1,Yes,8,Yes,0,0
15793042,€129669.32,2,No,2,No,0,11670238.8
15630106,€0.0,2,No,2,No,0,0
15810385,€164557.95,1,Yes,2,Yes,0,14810215.5
15578211,€0.0,2,Yes,6,Yes,0,0
15572792,€118989.92,1,Yes,8,Yes,0,10709092.8
15620030,€0.0,1,No,1,No,0,0
15783541,€0.0,2,Yes,5,Yes,0,0
15679284,€79259.75,1,No,6,No,0,7133377.5
15582910,€112230.38,1,No,4,No,1,10100734.2
15688337,€118129.87,1,Yes,9,Yes,0,10631688.3
15734970,€86824.09,1,No,7,No,0,7814168.1
15759140,€128306.7,1,Yes,10,Yes,0,11547603
15643042,€117641.43,2,No,2,No,0,10587728.7
15773868,€125734.2,2,No,3,No,1,11316078
15615820,€103302.37,1,Yes,8,Yes,0,9297213.3
15730273,€0.0,1,No,8,No,0,0
15724890,€82696.09,2,No,4,No,0,7442648.1
15765952,€145471.37,1,No,4,No,0,13092423.3
15685920,€101506.66,1,No,2,No,0,9135599.4
15663263,€156265.31,2,No,5,No,0,14063877.9
15568953,€128554.98,1,Yes,1,Yes,0,11569948.2
15643361,€139959.55,2,Yes,8,Yes,0,12596359.5
15699486,€132944.53,1,Yes,7,Yes,0,11965007.7
15747854,€0.0,3,Yes,3,Yes,0,0
15691785,€0.0,1,No,1,No,1,0
15709004,€93547.23,2,Yes,5,Yes,0,8419250.7
15652218,€152302.72,1,No,2,No,0,13707244.8
15697127,€147674.26,1,Yes,2,Yes,0,13290683.4
15658486,€148021.12,1,Yes,3,Yes,0,13321900.8
15694160,€0.0,2,No,0,No,0,0
15685290,€142360.62,2,No,5,No,1,12812455.8
15701042,€151027.56,1,No,2,No,0,13592480.4
15680449,€138843.7,1,No,2,No,1,12495933
15599860,€109958.15,1,Yes,8,Yes,1,9896233.5
15723169,€138857.59,1,No,9,No,0,12497183.1
15803842,€105426.5,2,Yes,3,Yes,0,9488385
15728224,€149155.53,2,No,9,No,1,13423997.7
15644174,€135096.05,1,Yes,4,Yes,1,12158644.5
15707110,€170890.05,2,No,2,No,0,15380104.5
15765415,€89122.3,1,Yes,4,Yes,0,8021007
15756751,€78126.28,1,Yes,0,Yes,1,7031365.2
15795151,€123894.43,1,No,3,No,0,11150498.7
15632859,€0.0,2,Yes,7,Yes,0,0
15584037,€106913.43,1,No,5,No,1,9622208.7
15621409,€127845.83,1,No,4,No,0,11506124.7
15581102,€0.0,2,Yes,8,Yes,0,0
15578096,€106397.75,1,No,7,No,0,9575797.5
15669887,€0.0,1,Yes,3,Yes,1,0
15621834,€0.0,2,No,0,No,0,0
15655341,€166492.48,1,No,5,No,0,14984323.2
15685314,€0.0,2,Yes,2,Yes,0,0
15653997,€114493.68,1,No,6,No,0,10304431.2
15629551,€126104.98,2,Yes,9,Yes,0,11349448.2
15651264,€124425.99,1,No,4,No,1,11198339.1
15760825,€0.0,2,No,1,No,0,0
15597394,€0.0,1,No,0,No,0,0
15740383,€0.0,2,No,10,No,0,0
15670562,€101140.76,1,Yes,3,Yes,0,9102668.4
15698117,€150844.94,1,Yes,0,Yes,0,13576044.6
15694805,€115024.5,1,Yes,1,Yes,0,10352205
15746802,€131286.46,1,No,6,No,0,11815781.4
15589428,€0.0,2,No,9,No,0,0
15790267,€141267.67,1,Yes,7,Yes,0,12714090.3
15665402,€137761.55,1,Yes,5,Yes,0,12398539.5
15642093,€0.0,2,No,7,No,0,0
15666181,€98064.97,1,No,0,No,0,8825847.3
15602554,€114519.57,2,Yes,9,Yes,0,10306761.3
15724251,€101012.77,1,No,6,No,1,9091149.3
15740147,€0.0,1,Yes,10,Yes,0,0
15718289,€82291.1,1,No,3,No,1,7406199
15763148,€84719.98,1,No,9,No,0,7624798.2
15685245,€0.0,2,Yes,5,Yes,0,0
15626985,€104386.53,1,No,0,No,0,9394787.7
15585823,€128131.73,1,No,8,No,0,11531855.7
15728167,€122806.95,1,No,2,No,0,11052625.5
15762928,€0.0,1,No,8,No,0,0
15751774,€112510.89,1,Yes,4,Yes,0,10125980.1
15654733,€117056.46,1,No,3,No,1,10535081.4
15809777,€131778.66,1,Yes,7,Yes,0,11860079.4
15744200,€70784.27,1,No,1,No,0,6370584.3
15720713,€0.0,2,Yes,10,Yes,0,0
15695356,€0.0,2,No,5,No,0,0
15653315,€0.0,2,No,1,No,0,0
15604792,€140752.06,2,Yes,6,Yes,0,12667685.4
15704819,€92126.26,2,No,6,No,0,8291363.4
15670859,€93148.74,2,Yes,7,Yes,0,8383386.6
15602797,€110132.55,3,Yes,5,Yes,1,9911929.5
15662533,€0.0,2,No,6,No,0,0
15778154,€122227.71,1,Yes,4,Yes,1,11000493.9
15806230,€121647.54,2,Yes,2,Yes,1,10948278.6
15662884,€110597.76,1,Yes,1,Yes,1,9953798.4
15750778,€120731.39,4,Yes,2,Yes,1,10865825.1
15717185,€0.0,2,Yes,8,Yes,0,0
15677804,€0.0,3,Yes,1,Yes,1,0
15568915,€153722.47,1,No,6,No,0,13835022.3
15736495,€114088.32,1,No,8,No,0,10267948.8
15737354,€0.0,2,Yes,7,Yes,0,0
15667889,€0.0,2,No,6,No,0,0
15577831,€152532.3,1,No,4,No,0,13727907
15729836,€0.0,2,No,1,No,0,0
15775293,€143292.95,1,No,3,No,0,12896365.5
15697597,€149144.61,1,Yes,1,Yes,0,13423014.9
15639669,€127157.04,1,Yes,9,Yes,0,11444133.6
15631392,€84673.17,2,Yes,9,Yes,0,7620585.3
15580935,€135962.4,2,No,9,No,0,12236616
15590344,€151691.44,2,Yes,3,Yes,0,13652229.6
15653306,€88335.05,1,No,0,No,0,7950154.5
15805025,€139859.23,1,Yes,7,Yes,0,12587330.7
15658449,€43134.65,1,Yes,9,Yes,0,3882118.5
15694450,€99580.13,1,No,5,No,0,8962211.7
15605666,€110717.38,1,Yes,6,Yes,0,9964564.2
15615126,€0.0,2,No,3,No,1,0
15726588,€0.0,2,No,3,No,0,0
15645095,€0.0,1,No,3,No,0,0
15808960,€108197.11,2,No,5,No,0,9737739.9
15729435,€0.0,2,Yes,6,Yes,0,0
15656840,€104450.86,1,Yes,6,Yes,0,9400577.4
15659149,€0.0,2,No,2,No,0,0
15585490,€0.0,1,Yes,4,Yes,0,0
15674929,€0.0,2,No,7,No,0,0
15746341,€0.0,2,Yes,8,Yes,0,0
15662091,€116099.82,1,Yes,7,Yes,0,10448983.8
15620123,€111169.91,1,No,6,No,0,10005291.9
15616240,€0.0,2,Yes,4,Yes,0,0
15624186,€123616.43,1,Yes,5,Yes,0,11125478.7
15605036,€155619.58,1,Yes,9,Yes,0,14005762.2
15805151,€89558.39,2,Yes,2,Yes,0,8060255.1
15753847,€0.0,1,Yes,4,Yes,1,0
15653222,€131938.92,2,Yes,6,Yes,0,11874502.8
15757541,€151772.63,2,No,9,No,1,13659536.7
15726945,€0.0,2,Yes,8,Yes,0,0
15794276,€0.0,1,Yes,3,Yes,0,0
15568328,€0.0,2,Yes,6,Yes,0,0
15604355,€97700.02,1,Yes,1,Yes,0,8793001.8
15735788,€0.0,2,Yes,6,Yes,0,0
15618255,€103244.86,2,No,6,No,1,9292037.4
15720941,€147833.3,2,Yes,8,Yes,0,13304997
15769110,€0.0,2,No,5,No,0,0
15576094,€0.0,2,Yes,0,Yes,0,0
15756150,€0.0,2,No,2,No,0,0
15719579,€84521.48,2,Yes,9,Yes,0,7606933.2
15748854,€91938.31,1,No,5,No,0,8274447.9
15612455,€124240.93,1,Yes,6,Yes,0,11181683.7
15664802,€0.0,2,No,5,No,0,0
15735687,€157084.99,1,No,2,No,0,14137649.1
15664734,€108244.82,2,Yes,3,Yes,0,9742033.8
15767894,€0.0,2,Yes,9,Yes,0,0
15666884,€82161.7,2,No,5,No,0,7394553
15750156,€104568.41,1,No,2,No,1,9411156.9
15751120,€119912.46,1,No,2,No,0,10792121.4
15575748,€68881.59,2,Yes,9,Yes,0,6199343.1
15714610,€0.0,2,Yes,2,Yes,0,0
15720305,€86376.29,1,Yes,1,Yes,1,7773866.1
15678129,€150840.03,2,No,9,No,0,13575602.7
15566633,€155059.1,2,Yes,8,Yes,0,13955319
15680436,€0.0,2,No,4,No,0,0
15674343,€78128.13,2,Yes,8,Yes,0,7031531.7
15658890,€98899.76,2,Yes,4,Yes,0,8900978.4
15599004,€0.0,1,Yes,1,Yes,0,0
15726487,€160982.89,1,Yes,6,Yes,0,14488460.1
15698716,€87926.24,2,No,3,No,1,7913361.6
15710527,€0.0,1,Yes,4,Yes,0,0
15655590,€79385.21,2,No,2,No,0,7144668.9
15732266,€127997.83,1,No,5,No,1,11519804.7
15669326,€168396.34,1,Yes,2,Yes,0,15155670.6
15672246,€134896.03,1,Yes,2,Yes,0,12140642.7
15620276,€0.0,3,Yes,6,Yes,0,0
15640258,€94238.75,2,Yes,6,Yes,1,8481487.5
15740283,€0.0,2,No,1,No,0,0
15759717,€0.0,2,No,7,No,0,0
15620268,€212696.32,1,No,3,No,0,19142668.8
15743871,€0.0,2,No,3,No,1,0
15614491,€139153.68,2,No,3,No,0,12523831.2
15595047,€0.0,2,No,7,No,0,0
15732334,€0.0,2,No,0,No,0,0
15701206,€0.0,2,No,5,No,0,0
15581280,€92887.13,1,Yes,6,Yes,0,8359841.7
15651943,€0.0,2,Yes,1,Yes,0,0
15609545,€83442.98,1,Yes,5,Yes,0,7509868.2
15658548,€144773.29,2,No,6,No,0,13029596.1
15626008,€111973.97,1,Yes,9,Yes,1,10077657.3
15774133,€178032.53,1,Yes,8,Yes,0,16022927.7
15763798,€140007.19,1,Yes,5,Yes,0,12600647.1
15758013,€98400.61,2,No,5,No,0,8856054.9
15705765,€0.0,2,No,1,No,0,0
15648362,€108924.33,2,No,3,No,1,9803189.7
15761102,€132835.56,1,No,4,No,0,11955200.4
15610165,€0.0,2,Yes,1,Yes,0,0
15723717,€118334.44,1,No,1,No,1,10650099.6
15654611,€81732.88,2,No,9,No,0,7355959.2
15659736,€121411.9,1,No,5,No,1,10927071
15603170,€121455.65,1,No,9,No,1,10931008.5
15786167,€0.0,2,Yes,5,Yes,0,0
15671915,€0.0,2,Yes,5,Yes,0,0
15794792,€117989.76,1,Yes,8,Yes,0,10619078.4
15652789,€0.0,2,Yes,10,Yes,0,0
15739168,€137411.29,1,Yes,5,Yes,0,12367016.1
15719950,€73688.2,1,Yes,10,Yes,0,6631938
15743818,€122330.7,2,Yes,9,Yes,0,11009763
15717937,€99906.89,1,No,5,No,0,8991620.1
15602841,€0.0,2,Yes,5,Yes,0,0
15619972,€167664.83,1,No,9,No,1,15089834.7
15796114,€141525.55,1,No,7,No,0,12737299.5
15633546,€124832.51,1,No,3,No,0,11234925.9
15758755,€132121.71,1,Yes,9,Yes,0,11890953.9
15695168,€0.0,2,No,2,No,0,0
15754342,€78539.84,1,Yes,0,Yes,0,7068585.6
15756610,€123770.46,1,No,5,No,1,11139341.4
15640917,€0.0,2,Yes,5,Yes,0,0
15663164,€116150.65,3,Yes,7,Yes,1,10453558.5
15616811,€160729.1,1,Yes,0,Yes,0,14465619
15610781,€88378.6,1,No,10,No,0,7954074
15600911,€182888.08,1,No,2,No,0,16459927.2
15629603,€0.0,2,Yes,8,Yes,0,0
15714981,€0.0,1,Yes,4,Yes,1,0
15775892,€85600.08,1,No,8,No,0,7704007.2
15782778,€0.0,2,Yes,4,Yes,0,0
15786643,€0.0,2,Yes,10,Yes,0,0
15595657,€95001.33,1,Yes,4,Yes,0,8550119.7
15743673,€113873.22,1,Yes,2,Yes,1,10248589.8
15634310,€0.0,2,No,6,No,0,0
15790809,€74896.92,1,No,7,No,0,6740722.8
15668695,€89492.62,1,No,5,No,0,8054335.8
15669281,€128718.78,1,No,3,No,0,11584690.2
15621031,€0.0,2,No,8,No,0,0
15720071,€0.0,1,No,3,No,1,0
15792180,€144954.75,2,No,7,No,0,13045927.5
15813894,€0.0,2,No,9,No,0,0
15669490,€94001.61,2,No,6,No,0,8460144.9
15783030,€0.0,1,No,7,No,1,0
15695792,€0.0,1,Yes,0,Yes,0,0
15575676,€0.0,2,Yes,1,Yes,0,0
15627665,€0.0,1,No,4,No,1,0
15814092,€0.0,1,Yes,2,Yes,1,0
15695225,€0.0,2,Yes,8,Yes,0,0
15615091,€0.0,2,Yes,6,Yes,0,0
15794345,€0.0,2,Yes,8,Yes,0,0
15726484,€141546.35,1,Yes,7,Yes,0,12739171.5
15650442,€141528.88,1,Yes,8,Yes,1,12737599.2
15714256,€109805.3,1,Yes,7,Yes,0,9882477
15778752,€86614.06,2,Yes,10,Yes,0,7795265.4
15601659,€91680.1,2,No,7,No,1,8251209
15602811,€38848.19,2,No,0,No,0,3496337.1
15779414,€153639.11,1,Yes,3,Yes,0,13827519.9
15763097,€0.0,2,Yes,8,Yes,0,0
15633666,€123870.07,1,No,7,No,0,11148306.3
15718789,€0.0,2,No,5,No,0,0
15690620,€46323.57,1,No,10,No,0,4169121.3
15737071,€162039.78,1,Yes,5,Yes,1,14583580.2
15665062,€110928.51,1,Yes,1,Yes,0,9983565.9
15600692,€0.0,2,No,5,No,0,0
15792064,€114421.55,1,No,5,No,1,10297939.5
15811486,€130036.21,2,Yes,8,Yes,0,11703258.9
15626141,€151510.17,2,Yes,1,Yes,0,13635915.3
15738546,€0.0,2,Yes,4,Yes,0,0
15677052,€0.0,2,Yes,2,Yes,1,0
15656454,€83568.55,1,No,6,No,0,7521169.5
15645496,€139972.18,1,No,7,No,0,12597496.2
15612505,€100212.13,1,No,3,No,0,9019091.7
15708513,€90217.07,1,No,1,No,0,8119536.3
15685654,€0.0,2,Yes,9,Yes,0,0
15732307,€124067.32,1,Yes,4,Yes,0,11166058.8
15726814,€0.0,2,Yes,4,Yes,0,0
15653776,€162082.31,4,No,1,No,1,14587407.9
15597914,€117306.69,4,Yes,2,Yes,1,10557602.1
15631603,€122889.88,1,Yes,1,Yes,0,11060089.2
15789753,€148790.61,1,Yes,6,Yes,0,13391154.9
15678034,€180226.24,1,No,9,No,1,16220361.6
15690209,€104857.19,2,No,3,No,0,9437147.1
15592091,€166833.86,2,Yes,2,Yes,0,15015047.4
15647453,€102936.72,1,No,4,No,0,9264304.8
15697100,€108736.52,1,No,6,No,1,9786286.8
15811290,€129974.79,2,Yes,0,Yes,0,11697731.1
15629187,€85982.07,1,No,8,No,0,7738386.3
15758073,€134397.61,1,No,7,No,0,12095784.9
15640769,€137841.53,1,Yes,8,Yes,0,12405737.7
15606641,€100260.88,3,Yes,10,Yes,1,9023479.2
15718280,€139822.11,2,Yes,5,Yes,0,12583989.9
15764335,€123151.51,2,No,8,No,0,11083635.9
15634218,€95331.83,2,No,4,No,0,8579864.7
15808760,€0.0,1,Yes,6,Yes,0,0
15648461,€138162.41,2,Yes,7,Yes,0,12434616.9
15593555,€0.0,2,Yes,9,Yes,0,0
15569079,€126066.26,1,No,6,No,1,11345963.4
15800736,€96763.89,1,Yes,4,Yes,0,8708750.1
15792607,€0.0,2,No,2,No,0,0
15640034,€139561.46,1,No,2,No,1,12560531.4
15807563,€0.0,1,No,5,No,1,0
15684461,€0.0,1,No,6,No,1,0
15580134,€172463.45,1,Yes,2,Yes,0,15521710.5
15679075,€107798.85,1,No,8,No,0,9701896.5
15742504,€70181.48,2,No,2,No,0,6316333.2
15567328,€177997.07,1,Yes,5,Yes,0,16019736.3
15698294,€0.0,2,No,1,No,0,0
15607142,€0.0,1,Yes,8,Yes,0,0
15738516,€0.0,1,No,5,No,0,0
15806403,€0.0,2,No,9,No,0,0
15656707,€123200.78,1,Yes,2,Yes,0,11088070.2
15653715,€0.0,2,Yes,7,Yes,0,0
15806184,€0.0,2,Yes,4,Yes,0,0
15585734,€137742.9,2,Yes,9,Yes,0,12396861
15725639,€116270.72,1,Yes,9,Yes,0,10464364.8
15618401,€113220.2,2,Yes,10,Yes,0,10189818
15785385,€0.0,2,No,5,No,0,0
15734762,€115895.22,3,No,3,No,1,10430569.8
15767129,€121730.49,1,Yes,6,Yes,0,10955744.1
15797204,€113811.85,2,Yes,3,Yes,0,10243066.5
15769272,€136214.08,1,No,6,No,0,12259267.2
15771966,€146200.01,1,No,8,No,0,13158000.9
15691952,€106242.67,1,Yes,10,Yes,0,9561840.3
15593250,€0.0,2,No,4,No,0,0
15605333,€0.0,1,No,6,No,0,0
15800083,€24043.45,1,Yes,8,Yes,1,2163910.5
15575691,€0.0,2,Yes,5,Yes,0,0
15689886,€132287.92,3,Yes,10,Yes,1,11905912.8
15809838,€0.0,2,No,1,No,0,0
15736154,€0.0,2,Yes,1,Yes,0,0
15767391,€90322.99,2,Yes,4,Yes,0,8129069.1
15704910,€0.0,2,No,3,No,0,0
15656613,€131283.11,1,No,3,No,0,11815479.9
15611551,€131659.59,2,Yes,1,Yes,0,11849363.1
15732430,€120952.74,1,No,4,No,0,10885746.6
15741865,€153166.17,1,Yes,9,Yes,0,13784955.3
15634143,€53291.86,1,No,0,No,0,4796267.4
15609676,€167924.95,1,No,2,No,0,15113245.5
15761600,€86394.14,1,Yes,5,Yes,0,7775472.6
15676404,€0.0,1,No,1,No,1,0
15659236,€0.0,2,Yes,3,Yes,0,0
15690440,€0.0,2,Yes,1,Yes,0,0
15694601,€158978.79,1,No,4,No,0,14308091.1
15812262,€100431.84,1,No,2,No,1,9038865.6
15762821,€0.0,2,Yes,5,Yes,0,0
15669301,€150358.97,1,No,6,No,1,13532307.3
15672640,€114347.85,2,Yes,4,Yes,0,10291306.5
15750458,€0.0,2,Yes,4,Yes,0,0
15627251,€134007.9,1,Yes,4,Yes,0,12060711
15764294,€98899.91,1,Yes,4,Yes,0,8900991.9
15659962,€0.0,2,Yes,3,Yes,0,0
15788536,€137430.82,2,No,2,No,0,12368773.8
15596979,€0.0,2,Yes,6,Yes,0,0
15681220,€0.0,2,Yes,8,Yes,0,0
15635097,€188976.89,2,Yes,2,Yes,0,17007920.1
15780779,€0.0,2,No,4,No,0,0
15798470,€75990.97,1,No,1,No,1,6839187.3
15760880,€0.0,2,Yes,10,Yes,0,0
15616929,€112181.08,1,Yes,5,Yes,0,10096297.2
15758775,€97208.46,1,Yes,10,Yes,0,8748761.4
15663386,€0.0,2,No,7,No,0,0
15621267,€0.0,1,No,5,No,0,0
15720509,€150856.79,1,Yes,9,Yes,0,13577111.1
15693322,€146748.07,1,Yes,9,Yes,0,13207326.3
15589544,€0.0,2,Yes,4,Yes,0,0
15772030,€0.0,2,Yes,3,Yes,0,0
15693337,€148863.17,1,Yes,0,Yes,0,13397685.3
15676571,€0.0,1,No,6,No,1,0
15701392,€0.0,2,Yes,6,Yes,0,0
15741092,€153360.02,1,No,10,No,0,13802401.8
15643865,€92055.36,1,Yes,3,Yes,1,8284982.4
15769389,€124723.92,1,No,9,No,0,11225152.8
15807768,€103033.83,1,Yes,1,Yes,0,9273044.7
15801630,€0.0,2,No,6,No,0,0
15705034,€0.0,2,Yes,1,Yes,0,0
15763107,€0.0,1,Yes,9,Yes,0,0
15667085,€0.0,2,Yes,4,Yes,0,0
15647008,€116726.22,1,No,3,No,1,10505359.8
15584505,€113923.81,2,No,5,No,0,10253142.9
15748068,€0.0,2,Yes,3,Yes,0,0
15663964,€0.0,2,No,5,No,0,0
15782311,€0.0,2,Yes,9,Yes,0,0
15588197,€0.0,2,No,7,No,0,0
15610105,€121827.43,2,Yes,1,Yes,0,10964468.7
15606133,€0.0,2,Yes,7,Yes,0,0
15599403,€125389.7,2,Yes,10,Yes,0,11285073
15648225,€103895.31,1,Yes,1,Yes,0,9350577.9
15608406,€111128.04,1,No,5,No,1,10001523.6
15633378,€0.0,2,No,9,No,0,0
15664759,€0.0,2,No,10,No,0,0
15625545,€0.0,1,Yes,9,Yes,1,0
15772148,€151242.48,1,Yes,5,Yes,0,13611823.2
15810829,€0.0,1,No,7,No,1,0
15731669,€129709.62,1,No,2,No,0,11673865.8
15738634,€83347.25,1,Yes,9,Yes,0,7501252.5
15737571,€84121.04,1,Yes,6,Yes,0,7570893.6
15667602,€0.0,2,No,3,No,0,0
15684147,€102338.19,1,Yes,5,Yes,0,9210437.1
15789874,€87375.78,2,No,3,No,0,7863820.2
15757952,€0.0,3,No,2,No,1,0
15698732,€104677.09,1,No,3,No,0,9420938.1
15714355,€121669.23,1,Yes,8,Yes,0,10950230.7
15599090,€108407.34,1,Yes,7,Yes,0,9756660.6
15762048,€154969.79,2,Yes,7,Yes,0,13947281.1
15790596,€141829.67,1,Yes,0,Yes,0,12764670.3
15609623,€0.0,1,No,5,No,1,0
15711901,€109162.82,1,Yes,2,Yes,0,9824653.8
15779809,€87471.63,1,Yes,8,Yes,0,7872446.7
15729018,€147229.65,1,Yes,2,Yes,0,13250668.5
15698246,€0.0,2,Yes,2,Yes,0,0
15712409,€182532.23,2,Yes,6,Yes,0,16427900.7
15758306,€0.0,2,Yes,6,Yes,0,0
15621435,€160903.2,1,No,1,No,0,14481288
15566295,€138053.79,2,No,6,No,0,12424841.1
15569098,€153548.12,1,No,6,No,1,13819330.8
15662532,€149085.9,2,Yes,8,Yes,0,13417731
15664001,€95231.91,1,No,8,No,1,8570871.9
15703437,€0.0,2,No,3,No,0,0
15708003,€85109.21,1,No,8,No,0,7659828.9
15599452,€125338.8,2,No,8,No,0,11280492
15719793,€0.0,2,Yes,5,Yes,0,0
15771580,€106831.69,1,Yes,0,Yes,0,9614852.1
15732268,€159597.45,1,No,3,No,0,14363770.5
15722350,€147361.57,1,Yes,7,Yes,0,13262541.3
15611371,€176134.54,1,Yes,4,Yes,0,15852108.6
15673584,€0.0,2,Yes,5,Yes,0,0
15636396,€0.0,2,Yes,7,Yes,0,0
15706170,€84055.43,1,No,1,No,0,7564988.7
15725478,€0.0,2,Yes,7,Yes,0,0
15654562,€174088.3,4,No,5,No,1,15667947
15737509,€199229.14,1,No,8,No,0,17930622.6
15690796,€0.0,1,No,8,No,0,0
15716728,€0.0,2,Yes,10,Yes,0,0
15605665,€78833.15,2,Yes,3,Yes,0,7094983.5
15748481,€0.0,1,No,6,No,0,0
15757777,€0.0,2,Yes,2,Yes,0,0
15747808,€102540.61,1,Yes,3,Yes,0,9228654.9
15810593,€0.0,3,Yes,4,Yes,0,0
15693376,€0.0,2,Yes,0,Yes,1,0
15579808,€129401.87,1,Yes,8,Yes,0,11646168.3
15598275,€0.0,2,Yes,7,Yes,0,0
15737080,€0.0,2,Yes,1,Yes,0,0
15668580,€0.0,2,Yes,2,Yes,0,0
15569438,€106702.94,2,No,10,No,0,9603264.6
15675842,€139584.57,1,No,4,No,0,12562611.3
15577587,€121016.23,1,Yes,5,Yes,1,10891460.7
15625592,€0.0,2,Yes,2,Yes,0,0
15635141,€118210.42,2,No,8,No,1,10638937.8
15642570,€0.0,2,No,8,No,0,0
15702175,€148654.84,2,Yes,4,Yes,0,13378935.6
15677785,€136963.12,1,No,5,No,0,12326680.8
15786153,€137774.11,2,No,9,No,0,12399669.9
15759499,€111156.52,1,Yes,4,Yes,0,10004086.8
15659568,€121237.65,1,Yes,3,Yes,0,10911388.5
15715597,€97234.58,1,No,1,No,0,8751112.2
15610147,€0.0,2,Yes,2,Yes,0,0
15802362,€0.0,2,Yes,0,Yes,0,0
15660524,€97382.53,1,Yes,9,Yes,0,8764427.7
15747168,€103108.8,1,Yes,2,Yes,1,9279792
15796910,€0.0,1,No,7,No,1,0
15707674,€131852.81,1,No,2,No,1,11866752.9
15565706,€0.0,1,Yes,1,Yes,1,0
15587596,€107553.33,1,No,8,No,0,9679799.7
15751943,€0.0,2,No,5,No,0,0
15621227,€161806.09,1,Yes,7,Yes,0,14562548.1
15757588,€0.0,2,No,9,No,0,0
15640922,€0.0,1,Yes,7,Yes,0,0
15567557,€128243.03,1,Yes,2,Yes,0,11541872.7
15670103,€126645.13,1,Yes,5,Yes,0,11398061.7
15720929,€62094.71,3,No,8,No,1,5588523.9
15732774,€112291.34,1,No,7,No,0,10106220.6
15628558,€89188.83,1,Yes,5,Yes,0,8026994.7
15729201,€0.0,1,No,9,No,1,0
15731117,€109161.25,1,No,2,No,0,9824512.5
15615207,€0.0,1,Yes,0,Yes,1,0
15773512,€0.0,1,Yes,4,Yes,0,0
15572145,€0.0,2,No,8,No,0,0
15642710,€0.0,2,No,7,No,0,0
15574213,€158271.74,1,Yes,1,Yes,1,14244456.6
15718852,€96951.21,1,Yes,9,Yes,0,8725608.9
15583840,€121863.61,1,Yes,5,Yes,1,10967724.9
15782418,€83495.11,1,Yes,9,Yes,1,7514559.9
15813504,€146566.01,1,Yes,1,Yes,0,13190940.9
15711314,€0.0,1,No,1,No,1,0
15621064,€186101.18,2,Yes,5,Yes,0,16749106.2
15627847,€0.0,1,No,6,No,1,0
15588090,€107494.86,2,No,8,No,1,9674537.4
15735270,€0.0,1,No,2,No,1,0
15671804,€146943.38,2,Yes,8,Yes,0,13224904.2
15753215,€0.0,2,No,8,No,0,0
15789941,€125130.28,1,No,6,No,0,11261725.2
15691061,€0.0,2,Yes,9,Yes,0,0
15808326,€0.0,2,Yes,9,Yes,0,0
15566660,€0.0,3,No,10,No,0,0
15778947,€0.0,2,Yes,3,Yes,0,0
15632977,€0.0,2,No,5,No,0,0
15591747,€0.0,2,No,3,No,0,0
15567335,€0.0,2,Yes,7,Yes,0,0
15609299,€150685.79,1,No,6,No,0,13561721.1
15669945,€141359.37,2,No,4,No,0,12722343.3
15736271,€0.0,1,No,9,No,0,0
15710390,€94631.26,2,Yes,6,Yes,0,8516813.4
15756481,€118336.14,1,No,3,No,0,10650252.6
15736730,€0.0,1,Yes,2,Yes,0,0
15626040,€0.0,2,Yes,0,Yes,0,0
15746553,€124233.24,1,Yes,5,Yes,1,11180991.6
15622518,€51116.26,1,Yes,5,Yes,1,4600463.4
15684908,€91869.69,1,Yes,1,Yes,0,8268272.1
15569446,€122338.43,2,No,8,No,0,11010458.7
15777504,€0.0,1,Yes,8,Yes,0,0
15677906,€0.0,1,Yes,5,Yes,0,0
15703292,€86270.93,2,Yes,8,Yes,0,7764383.7
15712938,€0.0,2,Yes,3,Yes,0,0
15631359,€117289.92,1,No,5,No,0,10556092.8
15720847,€0.0,2,Yes,2,Yes,0,0
15787830,€153663.27,1,No,7,No,0,13829694.3
15599869,€0.0,1,Yes,1,Yes,0,0
15592078,€123599.49,2,No,8,No,0,11123954.1
15596228,€0.0,2,No,4,No,0,0
15578462,€134208.25,1,Yes,9,Yes,0,12078742.5
15756894,€0.0,1,Yes,1,Yes,0,0
15796167,€98556.89,2,No,7,No,0,8870120.1
15664808,€0.0,3,No,3,No,0,0
15664555,€0.0,4,Yes,2,Yes,1,0
15607278,€134593.79,1,Yes,8,Yes,0,12113441.1
15585222,€0.0,2,Yes,8,Yes,0,0
15750299,€68781.82,1,Yes,10,Yes,0,6190363.8
15761294,€137464.04,1,No,8,No,1,12371763.6
15810454,€147307.91,1,Yes,4,Yes,0,13257711.9
15673984,€0.0,1,No,8,No,1,0
15609319,€145754.91,1,Yes,3,Yes,0,13117941.9
15709941,€0.0,3,No,8,No,1,0
15580252,€112610.77,1,Yes,4,Yes,0,10134969.3
15741275,€71481.79,2,Yes,7,Yes,0,6433361.1
15707132,€0.0,2,Yes,5,Yes,0,0
15600708,€77826.8,1,Yes,3,Yes,0,7004412
15804787,€87140.85,1,Yes,5,Yes,0,7842676.5
15690021,€132002.7,1,Yes,0,Yes,1,11880243
15763895,€178011.5,2,No,7,No,0,16021035
15623478,€102954.68,2,Yes,4,Yes,0,9265921.2
15797910,€123783.25,1,Yes,2,Yes,0,11140492.5
15577751,€101802.67,1,No,4,No,0,9162240.3
15781777,€148659.48,1,No,3,No,0,13379353.2
15740527,€142724.48,1,Yes,7,Yes,1,12845203.2
15721251,€112152.89,1,Yes,4,Yes,0,10093760.1
15602994,€89550.85,1,Yes,10,Yes,0,8059576.5
15750769,€75915.75,1,No,7,No,0,6832417.5
15740175,€118889.66,2,No,2,No,0,10700069.4
15679968,€118788.57,1,No,5,No,0,10690971.3
15694404,€156555.54,1,Yes,3,Yes,0,14089998.6
15657529,€99141.86,1,Yes,1,Yes,1,8922767.4
15762882,€61211.18,1,Yes,4,Yes,0,5509006.2
15642579,€128932.4,1,Yes,1,Yes,0,11603916
15598884,€0.0,1,Yes,5,Yes,0,0
15770185,€80728.15,1,No,10,No,0,7265533.5
15800287,€127660.46,2,No,2,No,1,11489441.4
15665861,€106070.89,1,Yes,3,Yes,0,9546380.1
15662203,€137560.38,2,Yes,3,Yes,0,12380434.2
15616454,€111905.43,1,Yes,8,Yes,1,10071488.7
15702788,€126212.64,1,No,9,No,0,11359137.6
15778149,€0.0,2,No,9,No,1,0
15680001,€111835.94,2,No,7,No,0,10065234.6
15711991,€0.0,2,No,8,No,0,0
15633834,€99705.69,2,No,3,No,0,8973512.1
15765266,€0.0,2,No,1,No,0,0
15791867,€108895.93,1,No,2,No,1,9800633.7
15675380,€154669.77,1,Yes,3,Yes,1,13920279.3
15770576,€128061.0,2,Yes,7,Yes,0,11525490
15775294,€0.0,2,No,2,No,1,0
15727059,€0.0,2,No,4,No,0,0
15702499,€190678.02,1,Yes,9,Yes,0,17161021.8
15611699,€0.0,1,No,7,No,0,0
15654000,€0.0,1,No,5,No,1,0
15657881,€136712.91,1,Yes,5,Yes,0,12304161.9
15719991,€154733.97,1,No,1,No,1,13926057.3
15720687,€112609.91,1,No,4,No,1,10134891.9
15687079,€115462.44,1,No,10,No,0,10391619.6
15582276,€133501.36,1,Yes,5,Yes,0,12015122.4
15763980,€58668.02,1,Yes,1,Yes,0,5280121.8
15720774,€89118.26,1,No,7,No,1,8020643.4
15592194,€0.0,2,No,9,No,0,0
15803685,€76510.52,2,Yes,10,Yes,0,6885946.8
15759456,€140694.78,2,No,7,No,0,12662530.2
15611544,€95448.32,2,No,7,No,0,8590348.8
15794257,€91562.99,1,Yes,4,Yes,0,8240669.1
15681697,€72541.48,1,No,8,No,0,6528733.2
15579566,€120867.18,1,No,3,No,1,10878046.2
15577970,€0.0,1,No,5,No,0,0
15727489,€157320.51,1,No,1,No,0,14158845.9
15764284,€0.0,3,Yes,3,Yes,0,0
15581811,€139676.95,2,Yes,1,Yes,0,12570925.5
15622527,€0.0,1,Yes,6,Yes,0,0
15753362,€0.0,2,Yes,3,Yes,0,0
15666652,€0.0,2,Yes,3,Yes,0,0
15789714,€103000.94,1,Yes,3,Yes,0,9270084.6
15771543,€134237.07,1,Yes,2,Yes,1,12081336.3
15748327,€118235.7,2,No,6,No,0,10641213
15754649,€0.0,2,Yes,3,Yes,0,0
15810460,€0.0,3,Yes,5,Yes,1,0
15771742,€115442.19,2,No,9,No,1,10389797.1
15642160,€0.0,2,No,5,No,0,0
15798439,€0.0,1,Yes,2,Yes,0,0
15605293,€0.0,2,Yes,1,Yes,0,0
15692631,€115557.0,1,Yes,8,Yes,0,10400130
15665376,€166518.63,2,No,3,No,0,14986676.7
15772412,€135370.12,1,Yes,6,Yes,1,12183310.8
15654577,€92877.33,1,No,5,No,1,8358959.7
15585427,€102073.67,2,No,10,No,0,9186630.3
15584536,€97042.6,1,Yes,3,Yes,1,8733834
15585853,€0.0,1,No,7,No,1,0
15645271,€108528.07,2,No,8,No,1,9767526.3
15579387,€79064.85,2,Yes,2,Yes,0,7115836.5
15623107,€74274.87,3,No,3,No,1,6684738.3
15754072,€0.0,2,No,6,No,0,0
15666163,€100421.1,1,Yes,1,Yes,0,9037899
15765192,€84006.88,2,No,7,No,0,7560619.2
15804822,€0.0,2,No,4,No,0,0
15612893,€0.0,1,No,4,No,0,0
15593636,€80293.81,1,No,4,No,0,7226442.9
15693326,€125437.14,2,No,7,No,0,11289342.6
15809901,€0.0,2,No,8,No,0,0
15759751,€0.0,2,Yes,1,Yes,0,0
15605425,€127536.44,1,No,2,No,0,11478279.6
15801934,€0.0,2,Yes,8,Yes,0,0
15592000,€82794.18,1,No,9,No,1,7451476.2
15618695,€108117.1,1,Yes,3,Yes,0,9730539
15637110,€0.0,1,No,10,No,0,0
15727408,€61688.61,2,No,8,No,0,5551974.9
15716328,€0.0,2,No,2,No,0,0
15669060,€0.0,2,No,6,No,0,0
15675854,€159304.07,1,Yes,0,Yes,1,14337366.3
15621116,€138664.24,1,No,5,No,0,12479781.6
15781495,€126362.57,2,Yes,2,Yes,0,11372631.3
15740470,€160652.45,2,No,4,No,0,14458720.5
15714391,€183572.84,1,Yes,2,Yes,1,16521555.6
15730137,€88421.81,1,No,0,No,0,7957962.9
15596455,€0.0,1,No,2,No,1,0
15717290,€112871.19,2,Yes,2,Yes,0,10158407.1
15616555,€60880.68,1,No,8,No,0,5479261.2
15659820,€0.0,2,No,5,No,0,0
15696301,€101455.7,1,No,9,No,1,9131013
15771087,€88084.13,2,Yes,0,Yes,0,7927571.7
15808831,€0.0,2,Yes,7,Yes,0,0
15812241,€127197.14,1,No,7,No,1,11447742.6
15680370,€0.0,2,Yes,7,Yes,0,0
15780561,€83456.79,2,No,9,No,0,7511111.1
15800784,€98298.18,1,Yes,4,Yes,0,8846836.2
15715796,€0.0,2,Yes,0,Yes,0,0
15605375,€86911.8,1,No,2,No,0,7822062
15621520,€139707.28,1,No,2,No,0,12573655.2
15665460,€0.0,2,Yes,1,Yes,0,0
15801152,€142876.98,2,No,1,No,0,12858928.2
15756425,€146301.31,1,No,7,No,0,13167117.9
15674328,€47364.45,1,Yes,3,Yes,1,4262800.5
15742404,€0.0,2,No,7,No,0,0
15757140,€58137.08,1,Yes,0,Yes,0,5232337.2
15570051,€179886.41,2,No,6,No,0,16189776.9
15669175,€107637.97,2,Yes,6,Yes,0,9687417.3
15790324,€167685.56,1,No,6,No,0,15091700.4
15691119,€136525.99,1,No,4,No,0,12287339.1
15743478,€52106.33,2,Yes,8,Yes,0,4689569.7
15707007,€0.0,1,No,8,No,0,0
15572547,€104930.38,1,No,9,No,1,9443734.2
15567063,€106434.94,1,Yes,6,Yes,1,9579144.6
15689633,€112803.92,1,No,2,No,0,10152352.8
15720637,€120530.34,1,No,10,No,1,10847730.6
15616859,€113641.49,4,No,2,No,1,10227734.1
15766166,€145081.72,1,Yes,2,Yes,0,13057354.8
15617655,€0.0,2,Yes,9,Yes,0,0
15623450,€135842.89,1,Yes,7,Yes,0,12225860.1
15796612,€112203.25,1,No,1,No,0,10098292.5
15795963,€129895.19,1,Yes,7,Yes,0,11690567.1
15781598,€149049.92,1,Yes,6,Yes,1,13414492.8
15691871,€153279.39,1,Yes,9,Yes,0,13795145.1
15740345,€41473.33,1,No,5,No,1,3732599.7
15662626,€0.0,2,No,2,No,0,0
15596575,€113193.51,2,Yes,5,Yes,0,10187415.9
15657321,€113174.21,2,No,8,No,0,10185678.9
15575955,€0.0,2,No,0,No,0,0
15743893,€164951.56,1,No,3,No,0,14845640.4
15697270,€153325.1,1,Yes,4,Yes,0,13799259
15644356,€134032.01,1,No,10,No,0,12062880.9
15677586,€125445.04,2,Yes,3,Yes,0,11290053.6
15571261,€126077.43,2,Yes,6,Yes,0,11346968.7
15698758,€0.0,2,Yes,1,Yes,0,0
15787014,€90371.09,1,Yes,8,Yes,0,8133398.1
15739857,€0.0,2,Yes,3,Yes,0,0
15774630,€142802.02,1,Yes,1,Yes,0,12852181.8
15805523,€90537.16,1,Yes,1,Yes,0,8148344.4
15749557,€0.0,2,Yes,6,Yes,0,0
15681180,€156123.73,1,No,7,No,0,14051135.7
15742028,€0.0,2,No,5,No,0,0
15686463,€141074.59,1,No,7,No,1,12696713.1
15654379,€0.0,2,Yes,4,Yes,0,0
15783629,€117899.95,2,No,6,No,0,10610995.5
15751193,€0.0,2,Yes,4,Yes,0,0
15724099,€166257.96,1,Yes,6,Yes,0,14963216.4
15568429,€0.0,2,No,3,No,0,0
15648967,€169362.43,1,No,1,No,1,15242618.7
15664498,€205962.0,1,No,7,No,0,18536580
15779522,€0.0,2,No,0,No,1,0
15583850,€126061.51,2,Yes,0,Yes,0,11345535.9
15696539,€105627.95,1,Yes,7,Yes,0,9506515.5
15760121,€100606.02,1,No,9,No,0,9054541.8
15628279,€0.0,2,Yes,3,Yes,0,0
15766163,€0.0,2,Yes,1,Yes,0,0
15566467,€138171.1,2,Yes,0,Yes,0,12435399
15639049,€139395.08,1,Yes,7,Yes,0,12545557.2
15736413,€0.0,2,Yes,1,Yes,0,0
15634815,€0.0,2,Yes,3,Yes,0,0
15716381,€109062.28,1,Yes,7,Yes,1,9815605.2
15708162,€89994.71,2,Yes,1,Yes,0,8099523.9
15569364,€0.0,2,No,3,No,0,0
15791191,€103996.74,1,Yes,2,Yes,0,9359706.6
15621205,€175111.11,1,Yes,4,Yes,0,15759999.9
15704788,€66079.45,2,No,8,No,1,5947150.5
15775756,€148055.74,1,No,8,No,0,13325016.6
15641312,€0.0,1,Yes,6,Yes,1,0
15782531,€0.0,2,No,8,No,0,0
15724428,€0.0,2,No,8,No,0,0
15743617,€95994.98,1,No,1,No,0,8639548.2
15585839,€0.0,2,No,2,No,0,0
15658158,€110741.56,1,No,10,No,0,9966740.4
15637678,€0.0,1,No,5,No,0,0
15701809,€0.0,1,No,3,No,0,0
15676937,€0.0,2,Yes,8,Yes,1,0
15778975,€96947.58,3,No,1,No,1,8725282.2
15710375,€0.0,2,No,6,No,0,0
15579914,€109786.82,2,Yes,2,Yes,0,9880813.8
15595160,€0.0,2,Yes,2,Yes,0,0
15595391,€0.0,2,No,1,No,0,0
15630363,€102721.49,1,No,0,No,0,9244934.1
15692443,€69478.57,1,No,5,No,1,6253071.3
15593795,€156674.2,1,No,1,No,1,14100678
15642824,€174506.1,2,Yes,8,Yes,1,15705549
15683524,€166070.48,2,No,6,No,0,14946343.2
15713532,€105957.44,1,No,4,No,0,9536169.6
15719827,€0.0,1,No,3,No,0,0
15578435,€110340.68,1,Yes,8,Yes,0,9930661.2
15723028,€0.0,2,No,1,No,0,0
15595609,€135870.01,2,No,9,No,0,12228300.9
15622443,€0.0,2,Yes,4,Yes,0,0
15579112,€0.0,2,Yes,2,Yes,0,0
15648479,€0.0,2,No,0,No,0,0
15659234,€85704.95,1,Yes,3,Yes,0,7713445.5
15811970,€0.0,2,Yes,1,Yes,0,0
15774192,€105435.74,1,No,8,No,1,9489216.6
15595136,€0.0,2,Yes,1,Yes,0,0
15630580,€108513.25,2,Yes,9,Yes,0,9766192.5
15660646,€156687.1,1,No,3,No,0,14101839
15614365,€150604.52,1,No,3,No,0,13554406.8
15776128,€155114.9,1,No,6,No,0,13960341
15787035,€0.0,2,Yes,8,Yes,0,0
15792646,€91216.0,1,Yes,1,Yes,0,8209440
15726832,€141784.02,1,Yes,3,Yes,0,12760561.8
15773260,€127763.24,1,No,0,No,0,11498691.6
15624437,€0.0,2,Yes,1,Yes,0,0
15717138,€82613.56,2,No,6,No,0,7435220.4
15657317,€69423.52,1,No,7,No,0,6248116.8
15626948,€86167.82,1,No,6,No,0,7755103.8
15758901,€0.0,1,No,1,No,1,0
15777759,€131406.56,1,Yes,2,Yes,0,11826590.4
15773322,€121898.82,1,No,4,No,0,10970893.8
15697318,€77487.2,1,No,9,No,0,6973848
15678916,€0.0,1,No,2,No,0,0
15632118,€164450.94,1,No,5,No,1,14800584.6
15788118,€138705.02,2,No,7,No,0,12483451.8
15788930,€132730.17,1,No,7,No,0,11945715.3
15628583,€0.0,2,Yes,5,Yes,0,0
15635177,€0.0,1,Yes,3,Yes,0,0
15587690,€116498.22,1,No,2,No,0,10484839.8
15627630,€0.0,2,No,1,No,0,0
15610930,€139979.07,1,No,1,No,0,12598116.3
15657747,€127216.31,2,Yes,9,Yes,0,11449467.9
15568006,€0.0,4,No,2,No,1,0
15751748,€148222.65,1,No,2,No,1,13340038.5
15722212,€0.0,2,No,8,No,0,0
15658670,€0.0,2,No,8,No,0,0
15761654,€134152.29,1,Yes,8,Yes,0,12073706.1
15812210,€111537.23,4,Yes,8,Yes,1,10038350.7
15787051,€119565.92,1,No,7,No,0,10760932.8
15642991,€0.0,2,No,7,No,0,0
15713769,€0.0,1,Yes,7,Yes,0,0
15605826,€121063.8,3,No,10,No,1,10895742
15648898,€124995.98,1,Yes,7,Yes,0,11249638.2
15705309,€0.0,2,No,5,No,0,0
15734202,€86891.84,1,No,4,No,0,7820265.6
15658852,€0.0,2,Yes,8,Yes,0,0
15612633,€78022.61,1,Yes,9,Yes,0,7022034.9
15604818,€154495.79,1,No,9,No,0,13904621.1
15593900,€189443.72,1,Yes,1,Yes,0,17049934.8
15624995,€152926.6,1,Yes,6,Yes,0,13763394
15570087,€142989.69,1,Yes,8,Yes,1,12869072.1
15802617,€115371.94,2,No,7,No,0,10383474.6
15656029,€0.0,2,Yes,6,Yes,0,0
15739194,€178056.54,2,No,0,No,0,16025088.6
15607275,€206014.94,2,Yes,6,Yes,1,18541344.6
15629475,€0.0,2,No,2,No,0,0
15635034,€101191.83,1,Yes,9,Yes,1,9107264.7
15756333,€0.0,2,Yes,7,Yes,0,0
15777436,€0.0,2,No,5,No,0,0
15676835,€0.0,2,No,1,No,0,0
15574206,€0.0,2,Yes,7,Yes,0,0
15613017,€149814.54,1,No,1,No,0,13483308.6
15815131,€115617.24,1,Yes,7,Yes,0,10405551.6
15585455,€0.0,2,No,9,No,0,0
15692929,€113657.41,2,Yes,10,Yes,1,10229166.9
15758081,€138160.0,1,Yes,8,Yes,0,12434400
15667476,€117700.86,1,No,3,No,0,10593077.4
15738248,€0.0,2,No,5,No,0,0
15672152,€122506.38,1,Yes,9,Yes,1,11025574.2
15673372,€0.0,1,Yes,1,Yes,1,0
15587611,€0.0,2,No,9,No,1,0
15803415,€166501.17,2,No,3,No,0,14985105.3
15715673,€89743.05,1,No,4,No,1,8076874.5
15655648,€0.0,2,No,2,No,0,0
15763613,€0.0,2,No,1,No,0,0
15660385,€0.0,2,No,7,No,0,0
15733261,€0.0,1,No,6,No,1,0
15796231,€98894.39,1,Yes,1,Yes,0,8900495.1
15624866,€168735.74,2,No,3,No,0,15186216.6
15623730,€0.0,1,Yes,1,Yes,0,0
15668248,€133201.17,1,No,7,No,1,11988105.3
15694518,€0.0,2,No,0,No,0,0
15638028,€127237.25,2,Yes,4,Yes,0,11451352.5
15795895,€117864.85,2,No,1,No,0,10607836.5
15694376,€153469.26,3,No,3,No,1,13812233.4
15669204,€93911.3,2,No,4,No,0,8452017
15773779,€76597.79,1,Yes,2,Yes,0,6893801.1
15580682,€79927.36,2,Yes,4,Yes,0,7193462.4
15768530,€0.0,2,Yes,4,Yes,0,0
15672875,€40172.91,1,Yes,8,Yes,0,3615561.9
15617082,€115195.58,1,Yes,7,Yes,0,10367602.2
15760514,€116644.29,2,Yes,9,Yes,0,10497986.1
15761775,€180293.84,2,Yes,8,Yes,0,16226445.6
15799964,€139872.81,1,No,7,No,0,12588552.9
15693906,€34547.82,1,Yes,3,Yes,0,3109303.8
15739514,€0.0,2,Yes,9,Yes,0,0
15756926,€96462.25,2,Yes,1,Yes,0,8681602.5
15770984,€130334.35,2,Yes,7,Yes,0,11730091.5
15703979,€119688.81,1,No,3,No,0,10771992.9
15801821,€0.0,2,No,1,No,0,0
15711028,€0.0,3,Yes,1,Yes,1,0
15791842,€71187.24,1,Yes,6,Yes,0,6406851.6
15746127,€0.0,2,No,2,No,0,0
15663625,€0.0,2,No,4,No,0,0
15604891,€0.0,2,No,8,No,0,0
15589666,€136422.41,1,Yes,9,Yes,0,12278016.9
15627881,€0.0,2,Yes,8,Yes,0,0
15664895,€0.0,2,Yes,0,Yes,0,0
15676094,€0.0,1,Yes,6,Yes,0,0
15761720,€153238.88,1,No,6,No,0,13791499.2
15611961,€0.0,2,No,7,No,0,0
15680167,€47536.4,1,Yes,6,Yes,0,4278276
15762543,€0.0,2,No,1,No,0,0
15658475,€142882.49,1,No,8,No,1,12859424.1
15779743,€0.0,2,No,7,No,0,0
15661532,€160566.11,2,No,1,No,0,14450949.9
15782360,€131935.51,1,Yes,2,Yes,1,11874195.9
15767908,€127678.8,2,No,6,No,0,11491092
15677105,€105214.58,1,No,4,No,1,9469312.2
15641474,€139859.54,1,No,9,No,0,12587358.6
15624451,€0.0,2,No,3,No,0,0
15577985,€112324.45,2,Yes,5,Yes,0,10109200.5
15571666,€134497.27,1,No,8,No,0,12104754.3
15783691,€120171.58,1,No,1,No,0,10815442.2
15671172,€106012.2,2,Yes,1,Yes,0,9541098
15731760,€0.0,1,Yes,5,Yes,0,0
15585599,€0.0,2,Yes,8,Yes,0,0
15784958,€0.0,4,Yes,10,Yes,1,0
15734524,€0.0,1,No,3,No,1,0
15614103,€119839.69,1,Yes,8,Yes,1,10785572.1
15794895,€0.0,2,Yes,1,Yes,0,0
15772381,€92219.21,1,No,8,No,0,8299728.9
15710553,€142055.41,2,Yes,3,Yes,0,12784986.9
15649292,€29602.08,1,No,7,No,1,2664187.2
15792565,€0.0,2,Yes,7,Yes,0,0
15718245,€0.0,2,Yes,1,Yes,0,0
15703117,€0.0,2,Yes,1,Yes,0,0
15758136,€141803.77,1,Yes,3,Yes,0,12762339.3
15799932,€0.0,2,Yes,10,Yes,0,0
15633516,€0.0,1,Yes,1,Yes,0,0
15622532,€126589.12,2,Yes,0,Yes,1,11393020.8
15798960,€108393.35,1,Yes,2,Yes,0,9755401.5
15698664,€115643.58,2,No,2,No,0,10407922.2
15703614,€132876.23,1,No,5,No,0,11958860.7
15699195,€110949.41,1,Yes,3,Yes,0,9985446.9
15710543,€130666.2,1,Yes,1,Yes,1,11759958
15695499,€103821.47,2,Yes,10,Yes,0,9343932.3
15622321,€0.0,1,Yes,3,Yes,0,0
15715744,€0.0,1,Yes,7,Yes,0,0
15788151,€132187.73,2,Yes,1,Yes,0,11896895.7
15687153,€98649.55,1,No,8,No,1,8878459.5
15684958,€126444.08,2,Yes,2,Yes,0,11379967.2
15706116,€154159.51,1,No,8,No,0,13874355.9
15740557,€0.0,2,No,5,No,0,0
15707291,€129250.0,2,Yes,8,Yes,0,11632500
15583353,€0.0,1,No,3,No,1,0
15761024,€167733.51,2,Yes,2,Yes,0,15096015.9
15630709,€56116.3,2,No,2,No,0,5050467
15639590,€141581.08,1,No,3,No,0,12742297.2
15659399,€139675.07,2,No,7,No,0,12570756.3
15567078,€66201.96,1,Yes,8,Yes,0,5958176.4
15696373,€0.0,2,No,9,No,1,0
15786617,€133658.24,1,No,3,No,0,12029241.6
15657449,€136202.78,1,No,3,No,0,12258250.2
15672594,€131778.08,1,No,0,No,1,11860027.2
15714240,€0.0,2,No,5,No,0,0
15782144,€0.0,2,Yes,3,Yes,0,0
15665008,€42712.87,2,Yes,8,Yes,0,3844158.3
15581733,€0.0,2,No,4,No,0,0
15751392,€0.0,2,No,4,No,1,0
15785815,€142631.54,2,Yes,1,Yes,0,12836838.6
15664214,€141204.65,2,No,2,No,0,12708418.5
15579996,€131402.21,1,No,7,No,0,11826198.9
15675252,€92636.96,2,Yes,3,Yes,0,8337326.4
15579617,€0.0,2,Yes,3,Yes,1,0
15593976,€102088.68,4,No,5,No,1,9187981.2
15716041,€0.0,2,Yes,9,Yes,0,0
15654489,€134887.53,1,Yes,8,Yes,0,12139877.7
15736302,€0.0,2,Yes,4,Yes,0,0
15805909,€159900.38,1,No,8,No,0,14391034.2
15572762,€102278.79,2,No,2,No,0,9205091.1
15724632,€0.0,2,Yes,0,Yes,0,0
15670416,€0.0,1,Yes,0,Yes,0,0
15749528,€0.0,2,Yes,6,Yes,0,0
15578783,€76989.97,1,Yes,0,Yes,0,6929097.3
15580719,€0.0,2,Yes,10,Yes,0,0
15656293,€0.0,2,No,3,No,0,0
15691875,€114491.82,1,No,5,No,0,10304263.8
15596870,€144768.94,1,No,3,No,1,13029204.6
15780770,€145056.59,1,Yes,7,Yes,0,13055093.1
15751491,€117206.3,1,No,3,No,1,10548567
15706200,€138014.4,2,No,2,No,0,12421296
15808674,€128352.59,3,Yes,6,Yes,1,11551733.1
15641411,€112568.31,1,Yes,1,Yes,0,10131147.9
15764661,€0.0,1,No,2,No,0,0
15689492,€176958.46,2,Yes,1,Yes,0,15926261.4
15602405,€99167.54,1,No,9,No,0,8925078.6
15610271,€103210.27,1,No,3,No,0,9288924.3
15791780,€104478.12,3,Yes,10,Yes,1,9403030.8
15589147,€125921.37,1,Yes,8,Yes,0,11332923.3
15756975,€0.0,2,Yes,3,Yes,0,0
15729582,€80697.44,1,No,3,No,0,7262769.6
15742971,€161887.81,2,No,2,No,0,14569902.9
15568046,€109558.36,1,No,7,No,0,9860252.4
15694890,€124271.26,1,No,1,No,0,11184413.4
15736963,€0.0,2,Yes,1,Yes,0,0
15646490,€190569.23,1,Yes,1,Yes,0,17151230.7
15607314,€143923.96,1,No,2,No,1,12953156.4
15576745,€96542.16,2,Yes,2,Yes,0,8688794.4
15669606,€0.0,2,No,5,No,0,0
15737832,€139825.56,1,No,0,No,1,12584300.4
15681990,€111769.14,2,No,6,No,0,10059222.6
15758050,€0.0,2,No,4,No,0,0
15787848,€113672.18,2,No,9,No,0,10230496.2
15713594,€147256.86,1,No,7,No,0,13253117.4
15588186,€107023.03,1,No,7,No,0,9632072.7
15786739,€125529.55,1,Yes,1,Yes,0,11297659.5
15699467,€0.0,1,No,0,No,0,0
15680706,€131834.8,1,No,4,No,1,11865132
15645717,€0.0,2,Yes,2,Yes,0,0
15748597,€99529.7,1,Yes,5,Yes,1,8957673
15773709,€0.0,2,Yes,0,Yes,0,0
15629787,€107303.72,2,No,10,No,0,9657334.8
15661007,€72783.42,1,No,0,No,0,6550507.8
15686812,€0.0,1,Yes,8,Yes,0,0
15754113,€0.0,2,Yes,0,Yes,0,0
15749489,€115743.6,1,No,10,No,0,10416924
15574352,€161256.53,1,Yes,4,Yes,0,14513087.7
15701281,€0.0,2,Yes,8,Yes,0,0
15811985,€0.0,2,No,6,No,0,0
15713505,€0.0,2,Yes,1,Yes,0,0
15685653,€162261.01,2,No,3,No,0,14603490.9
15758831,€74896.33,1,No,3,No,0,6740669.7
15618774,€0.0,1,No,3,No,1,0
15764448,€144037.6,1,No,0,No,0,12963384
15611024,€93522.2,1,Yes,9,Yes,0,8416998
15738220,€0.0,2,No,1,No,0,0
15805764,€0.0,2,Yes,10,Yes,0,0
15580487,€106922.92,2,Yes,8,Yes,0,9623062.8
15675787,€112972.57,1,No,8,No,0,10167531.3
15583580,€123042.0,1,No,1,No,1,11073780
15780654,€100488.92,2,Yes,3,Yes,0,9044002.8
15695034,€123322.15,1,No,4,No,0,11098993.5
15805671,€0.0,1,Yes,0,Yes,0,0
15790658,€68683.68,1,Yes,8,Yes,0,6181531.2
15578648,€59532.18,1,No,6,No,0,5357896.2
15734987,€140260.36,2,No,7,No,0,12623432.4
15721740,€88302.65,1,Yes,7,Yes,0,7947238.5
15641822,€0.0,2,Yes,1,Yes,0,0
15765650,€114655.58,1,No,5,No,0,10319002.2
15788556,€148283.94,1,Yes,4,Yes,1,13345554.6
15576550,€0.0,1,No,1,No,1,0
15622230,€0.0,2,Yes,3,Yes,0,0
15653937,€123916.67,1,No,1,No,1,11152500.3
15743538,€0.0,2,No,1,No,0,0
15591740,€0.0,2,Yes,4,Yes,1,0
15650086,€165896.0,2,No,2,No,0,14930640
15718773,€0.0,2,No,0,No,0,0
15615140,€111168.97,1,Yes,6,Yes,0,10005207.3
15644361,€103549.24,1,No,1,No,1,9319431.6
15774536,€0.0,2,No,6,No,0,0
15618661,€103804.97,1,Yes,6,Yes,0,9342447.3
15605020,€165901.59,2,No,2,No,1,14931143.1
15762134,€119152.1,2,Yes,8,Yes,0,10723689
15685279,€122950.31,1,Yes,8,Yes,0,11065527.9
15582849,€0.0,1,Yes,1,Yes,1,0
15655410,€133384.66,1,No,1,No,1,12004619.4
15649129,€0.0,2,No,9,No,0,0
15702380,€0.0,2,Yes,6,Yes,0,0
15759067,€158411.95,4,Yes,7,Yes,1,14257075.5
15683027,€122028.65,2,Yes,4,Yes,0,10982578.5
15597487,€0.0,1,Yes,5,Yes,0,0
15763256,€128751.65,2,No,8,No,1,11587648.5
15620111,€133436.52,1,No,8,No,0,12009286.8
15623053,€123177.01,1,No,2,No,0,11085930.9
15595592,€0.0,1,No,2,No,1,0
15740072,€120328.88,2,Yes,2,Yes,0,10829599.2
15778005,€130147.98,1,No,1,No,1,11713318.2
15583278,€92716.96,1,Yes,8,Yes,0,8344526.4
15601263,€0.0,2,No,7,No,0,0
15709222,€0.0,1,Yes,3,Yes,0,0
15713949,€76914.21,1,No,1,No,0,6922278.9
15717706,€106045.92,2,Yes,3,Yes,0,9544132.8
15756071,€103133.26,1,Yes,1,Yes,0,9281993.4
15696564,€145974.79,2,Yes,0,Yes,0,13137731.1
15657637,€0.0,3,No,3,No,0,0
15755863,€0.0,2,Yes,1,Yes,0,0
15719858,€0.0,2,Yes,9,Yes,0,0
15688876,€0.0,2,Yes,9,Yes,0,0
15698528,€0.0,1,Yes,3,Yes,1,0
15770345,€139183.06,1,Yes,1,Yes,0,12526475.4
15761506,€0.0,2,No,5,No,0,0
15716619,€74974.89,1,Yes,3,Yes,0,6747740.1
15788367,€61691.45,1,Yes,6,Yes,0,5552230.5
15709451,€121952.75,2,Yes,1,Yes,0,10975747.5
15640421,€0.0,1,Yes,7,Yes,0,0
15580068,€0.0,2,Yes,5,Yes,0,0
15677123,€0.0,2,Yes,7,Yes,0,0
15619801,€80107.83,2,Yes,1,Yes,0,7209704.7
15582246,€0.0,2,Yes,2,Yes,0,0
15711843,€147856.82,3,No,1,No,1,13307113.8
15680046,€0.0,2,No,8,No,0,0
15804131,€65407.16,2,No,7,No,1,5886644.4
15722611,€114233.18,1,Yes,8,Yes,0,10280986.2
15729224,€0.0,2,No,5,No,0,0
15811588,€187602.18,1,No,7,No,1,16884196.2
15702138,€156834.34,1,No,3,No,0,14115090.6
15749799,€0.0,2,Yes,2,Yes,0,0
15752885,€157498.9,1,Yes,1,Yes,0,14174901
15674932,€0.0,2,No,9,No,0,0
15743828,€0.0,1,Yes,2,Yes,1,0
15642022,€0.0,1,No,8,No,0,0
15746461,€0.0,2,No,2,No,0,0
15809991,€130274.22,1,Yes,4,Yes,0,11724679.8
15787322,€0.0,1,Yes,6,Yes,0,0
15575498,€149379.66,2,No,5,No,0,13444169.4
15691387,€0.0,1,Yes,9,Yes,0,0
15765457,€100829.94,1,Yes,1,Yes,0,9074694.6
15666173,€96408.98,1,Yes,1,Yes,0,8676808.2
15627377,€0.0,2,Yes,6,Yes,0,0
15656683,€0.0,1,No,1,No,1,0
15679810,€0.0,2,No,6,No,0,0
15606310,€149105.08,1,Yes,5,Yes,0,13419457.2
15756871,€0.0,1,No,3,No,0,0
15610002,€0.0,2,Yes,5,Yes,0,0
15567802,€0.0,2,No,2,No,0,0
15745452,€90218.11,1,No,1,No,0,8119629.9
15617252,€87347.7,1,No,1,No,0,7861293
15753248,€0.0,2,No,2,No,0,0
15610755,€137811.75,1,Yes,0,Yes,0,12403057.5
15662238,€105563.0,1,No,3,No,0,9500670
15799186,€0.0,2,No,4,No,0,0
15686941,€0.0,2,No,7,No,0,0
15601172,€91125.75,1,No,6,No,0,8201317.5
15723858,€0.0,2,Yes,3,Yes,0,0
15615896,€0.0,2,No,8,No,0,0
15737647,€135120.56,1,No,6,No,0,12160850.4
15582841,€0.0,2,Yes,8,Yes,0,0
15760090,€0.0,2,Yes,7,Yes,0,0
15588587,€86837.95,1,Yes,1,Yes,0,7815415.5
15683157,€100446.57,1,Yes,4,Yes,0,9040191.3
15694209,€0.0,2,Yes,3,Yes,0,0
15655875,€0.0,2,No,3,No,0,0
15805704,€0.0,4,Yes,2,Yes,1,0
15744789,€114512.59,1,No,6,No,0,10306133.1
15799357,€136364.46,1,No,5,No,0,12272801.4
15726153,€106260.67,1,Yes,5,Yes,0,9563460.3
15713346,€146126.75,1,Yes,10,Yes,0,13151407.5
15665053,€111284.53,1,Yes,4,Yes,1,10015607.7
15592379,€121056.63,2,No,9,No,0,10895096.7
15692599,€128270.56,1,No,5,No,0,11544350.4
15620758,€0.0,2,No,4,No,0,0
15637428,€0.0,2,No,7,No,0,0
15808389,€0.0,1,Yes,7,Yes,0,0
15807003,€191775.65,1,No,10,No,0,17259808.5
15702912,€0.0,1,No,2,No,1,0
15590623,€85141.79,2,Yes,4,Yes,0,7662761.1
15728078,€126392.18,1,Yes,10,Yes,0,11375296.2
15708256,€0.0,2,No,3,No,0,0
15582335,€129860.37,1,No,9,No,0,11687433.3
15649150,€127642.44,1,No,5,No,1,11487819.6
15691647,€0.0,2,Yes,2,Yes,0,0
15668270,€125584.17,2,Yes,5,Yes,1,11302575.3
15624820,€50911.21,3,No,7,No,1,4582008.9
15736254,€91955.61,1,No,2,No,0,8276004.9
15720814,€84266.44,2,No,2,No,0,7583979.6
15642997,€147149.59,1,Yes,2,Yes,0,13243463.1
15693200,€0.0,2,No,7,No,0,0
15624596,€104822.45,1,Yes,5,Yes,0,9434020.5
15807167,€146766.72,2,Yes,1,Yes,0,13209004.8
15660301,€148745.92,2,Yes,6,Yes,0,13387132.8
15593094,€0.0,1,No,9,No,1,0
15618239,€0.0,1,No,0,No,0,0
15574137,€0.0,2,Yes,3,Yes,0,0
15614740,€135203.81,2,Yes,6,Yes,0,12168342.9
15574071,€93301.97,2,Yes,2,Yes,0,8397177.3
15671148,€96341.0,2,No,5,No,0,8670690
15721921,€165326.2,1,Yes,8,Yes,0,14879358
15717995,€0.0,2,Yes,0,Yes,0,0
15632050,€99786.2,1,No,10,No,0,8980758
15647111,€114440.24,1,Yes,4,Yes,0,10299621.6
15759991,€141573.55,1,No,4,No,0,12741619.5
15790204,€0.0,1,No,9,No,1,0
15686780,€133676.65,1,Yes,1,Yes,0,12030898.5
15640491,€147493.7,2,No,10,No,0,13274433
15783225,€0.0,1,No,9,No,1,0
15734438,€0.0,2,No,4,No,0,0
15688760,€95022.57,1,Yes,3,Yes,0,8552031.3
15768124,€0.0,1,No,3,No,0,0
15661330,€0.0,1,Yes,6,Yes,0,0
15781272,€149713.61,3,Yes,4,Yes,1,13474224.9
15573888,€107963.38,1,No,1,No,1,9716704.2
15575858,€0.0,2,No,3,No,0,0
15645937,€0.0,1,No,3,No,0,0
15702337,€0.0,2,Yes,7,Yes,0,0
15764537,€0.0,2,No,8,No,0,0
15619616,€102017.25,2,No,9,No,0,9181552.5
15585133,€0.0,2,No,8,No,0,0
15573971,€0.0,2,No,7,No,0,0
15579433,€96674.55,2,No,8,No,0,8700709.5
15777045,€81811.71,1,No,3,No,1,7363053.9
15611580,€79281.61,1,No,4,No,0,7135344.9
15614778,€0.0,2,No,6,No,0,0
15771750,€122314.39,1,No,10,No,0,11008295.1
15593280,€140733.74,1,Yes,8,Yes,0,12666036.6
15569274,€116933.11,1,No,2,No,1,10523979.9
15654408,€165445.04,2,No,5,No,0,14890053.6
15657468,€123805.03,1,No,5,No,0,11142452.7
15614213,€107548.94,1,No,0,No,0,9679404.6
15589869,€111634.29,2,Yes,9,Yes,0,10047086.1
15693205,€109153.96,3,Yes,8,Yes,1,9823856.4
15797113,€0.0,2,No,4,No,0,0
15676958,€86055.17,2,Yes,5,Yes,0,7744965.3
15739592,€98438.23,1,No,10,No,1,8859440.7
15656263,€0.0,2,No,5,No,0,0
15636872,€144705.87,2,No,8,No,0,13023528.3
15589435,€0.0,2,Yes,7,Yes,0,0
15640464,€91612.91,1,Yes,5,Yes,0,8245161.9
15723851,€0.0,1,No,2,No,0,0
15722122,€0.0,1,Yes,7,Yes,0,0
15696852,€192122.84,1,Yes,9,Yes,1,17291055.6
15634936,€179904.0,1,Yes,7,Yes,0,16191360
15575935,€178058.06,2,Yes,0,Yes,1,16025225.4
15634491,€176166.56,2,Yes,2,Yes,0,15854990.4
15628530,€156864.2,2,No,3,No,0,14117778
15678720,€0.0,2,Yes,7,Yes,0,0
15627999,€0.0,2,No,3,No,0,0
15571244,€0.0,2,Yes,3,Yes,0,0
15739931,€161588.89,1,Yes,2,Yes,0,14543000.1
15806256,€109349.29,1,No,2,No,1,9841436.1
15787258,€0.0,2,No,6,No,0,0
15706463,€0.0,2,Yes,9,Yes,0,0
15691004,€0.0,1,Yes,1,Yes,1,0
15792228,€152335.7,1,No,0,No,1,13710213
15733447,€124662.54,1,Yes,1,Yes,1,11219628.6
15679062,€91522.04,2,Yes,10,Yes,0,8236983.6
15594409,€0.0,2,Yes,1,Yes,0,0
15613816,€62052.28,1,Yes,6,Yes,0,5584705.2
15681991,€107871.72,1,No,7,No,0,9708454.8
15796074,€99472.76,2,No,2,No,1,8952548.4
15625941,€128039.01,1,Yes,10,Yes,0,11523510.9
15615016,€0.0,2,Yes,2,Yes,0,0
15748414,€114634.63,2,No,8,No,1,10317116.7
15751203,€56738.47,2,Yes,5,Yes,1,5106462.3
15662658,€90355.12,2,No,2,No,0,8131960.8
15574868,€115725.24,2,No,5,No,0,10415271.6
15790282,€114327.59,2,Yes,3,Yes,0,10289483.1
15762927,€100762.64,1,No,6,No,0,9068637.6
15803456,€0.0,1,No,9,No,1,0
15771857,€89039.9,2,Yes,7,Yes,0,8013591
15700601,€78829.53,1,Yes,1,Yes,0,7094657.7
15569670,€112372.96,1,Yes,6,Yes,0,10113566.4
15772341,€122029.15,1,Yes,6,Yes,0,10982623.5
15661548,€157829.12,1,No,0,No,0,14204620.8
15787597,€108377.75,2,Yes,1,Yes,0,9753997.5
15806913,€95507.12,1,Yes,2,Yes,0,8595640.8
15804862,€127146.68,1,No,6,No,0,11443201.2
15792986,€133811.78,1,No,1,No,1,12043060.2
15625632,€121092.47,2,Yes,3,Yes,0,10898322.3
15727703,€126979.75,1,No,10,No,0,11428177.5
15606273,€144235.73,2,No,5,No,1,12981215.7
15799652,€152582.2,2,No,0,No,0,13732398
15715047,€172478.15,1,No,9,No,1,15523033.5
15784687,€126477.42,1,No,1,No,0,11382967.8
15615322,€97473.87,2,Yes,7,Yes,0,8772648.3
15722072,€138053.67,1,Yes,5,Yes,0,12424830.3
15646784,€164003.05,2,Yes,2,Yes,0,14760274.5
15644692,€0.0,1,Yes,8,Yes,1,0
15670354,€0.0,2,Yes,6,Yes,0,0
15716357,€122486.11,2,Yes,4,Yes,0,11023749.9
15786717,€0.0,2,No,1,No,0,0
15771383,€53667.44,1,No,6,No,0,4830069.6
15649793,€0.0,2,No,7,No,0,0
15731543,€109327.65,1,Yes,9,Yes,0,9839488.5
15684516,€121151.05,1,No,1,No,0,10903594.5
15677249,€101043.63,1,Yes,9,Yes,0,9093926.7
15581525,€83501.66,2,No,3,No,0,7515149.4
15628420,€80462.24,1,No,2,No,0,7241601.6
15600478,€0.0,1,No,3,No,0,0
15594502,€109093.41,2,No,6,No,0,9818406.9
15784361,€140355.6,1,Yes,5,Yes,0,12632004
15767626,€0.0,2,Yes,10,Yes,0,0
15632521,€130170.82,2,No,0,No,0,11715373.8
15665088,€0.0,2,Yes,2,Yes,0,0
15652084,€109542.29,1,Yes,0,Yes,0,9858806.1
15574761,€33563.95,2,No,3,No,1,3020755.5
15729515,€148795.17,2,Yes,1,Yes,0,13391565.3
15682070,€0.0,2,Yes,9,Yes,0,0
15743817,€174126.75,3,No,8,No,1,15671407.5
15572158,€0.0,1,No,3,No,0,0
15584477,€106405.03,1,Yes,1,Yes,0,9576452.7
15614893,€0.0,1,Yes,2,Yes,0,0
15665963,€128393.29,1,Yes,2,Yes,0,11555396.1
15612524,€127841.52,1,No,2,No,0,11505736.8
15596962,€137295.19,2,Yes,4,Yes,0,12356567.1
15744942,€155828.22,1,Yes,2,Yes,1,14024539.8
15573278,€0.0,2,No,6,No,0,0
15717056,€144351.86,1,No,7,No,0,12991667.4
15795881,€106365.29,1,Yes,8,Yes,0,9572876.1
15758939,€127801.88,1,Yes,7,Yes,0,11502169.2
15792250,€122793.96,1,Yes,4,Yes,0,11051456.4
15740406,€113525.84,1,No,10,No,1,10217325.6
15768137,€136100.69,2,No,6,No,1,12249062.1
15569120,€0.0,2,Yes,7,Yes,0,0
15723721,€140916.81,1,No,4,No,0,12682512.9
15777122,€0.0,2,Yes,4,Yes,0,0
15742681,€121365.39,1,Yes,4,Yes,0,10922885.1
15582090,€0.0,1,No,4,No,0,0
15711254,€0.0,2,No,7,No,0,0
15775067,€93578.68,2,Yes,3,Yes,1,8422081.2
15602851,€0.0,1,No,9,No,0,0
15802857,€115409.6,1,Yes,8,Yes,0,10386864
15701175,€90791.69,1,Yes,8,Yes,0,8171252.1
15783019,€123681.32,3,No,9,No,1,11131318.8
15728912,€92436.86,1,No,6,No,0,8319317.4
15585580,€167194.36,1,Yes,9,Yes,1,15047492.4
15583480,€0.0,2,Yes,4,Yes,0,0
15620341,€160838.13,2,No,9,No,0,14475431.7
15613886,€0.0,1,No,1,No,1,0
15792916,€144470.77,1,Yes,7,Yes,0,13002369.3
15710408,€0.0,2,Yes,3,Yes,0,0
15598695,€130169.27,2,Yes,9,Yes,0,11715234.3
15649354,€0.0,2,Yes,4,Yes,0,0
15737556,€81076.8,2,Yes,7,Yes,1,7296912
15671610,€0.0,1,Yes,7,Yes,0,0
15625092,€101465.31,1,No,3,No,1,9131877.9
15741032,€0.0,1,Yes,5,Yes,0,0
15750014,€113865.23,2,Yes,0,Yes,0,10247870.7
15784761,€87603.35,3,Yes,7,Yes,1,7884301.5
15768359,€120037.96,1,No,4,No,0,10803416.4
15805769,€0.0,2,No,4,No,0,0
15719508,€121205.15,4,Yes,7,Yes,1,10908463.5
15609011,€75408.33,1,No,8,No,1,6786749.7
15703106,€0.0,2,Yes,5,Yes,0,0
15626795,€0.0,1,No,3,No,1,0
15773731,€0.0,2,No,5,No,0,0
15756196,€121818.84,2,Yes,6,Yes,0,10963695.6
15687903,€0.0,2,No,8,No,0,0
15777599,€141806.0,2,Yes,6,Yes,0,12762540
15754577,€61354.14,1,No,8,No,1,5521872.6
15584113,€124954.94,1,Yes,4,Yes,1,11245944.6
15669589,€95039.12,1,Yes,1,Yes,1,8553520.8
15632793,€103417.74,1,Yes,9,Yes,0,9307596.6
15711130,€0.0,2,No,2,No,0,0
15615254,€43028.77,1,No,10,No,0,3872589.3
15720583,€119638.21,1,Yes,0,Yes,1,10767438.9
15780432,€122689.51,2,No,3,No,1,11042055.9
15673223,€0.0,2,No,10,No,0,0
15807989,€73179.34,2,Yes,8,Yes,0,6586140.6
15761168,€171913.87,1,No,4,No,1,15472248.3
15651272,€0.0,2,Yes,5,Yes,0,0
15812832,€92659.2,2,No,8,No,0,8339328
15680517,€137239.17,1,Yes,7,Yes,1,12351525.3
15750569,€102955.14,2,No,3,No,0,9265962.6
15690743,€65190.29,1,Yes,8,Yes,1,5867126.1
15627741,€96863.52,2,Yes,2,Yes,0,8717716.8
15712121,€154983.98,1,No,5,No,0,13948558.2
15805429,€106819.65,1,Yes,3,Yes,0,9613768.5
15814923,€128578.52,1,Yes,7,Yes,0,11572066.8
15589230,€126473.33,1,Yes,2,Yes,0,11382599.7
15775490,€110570.78,2,No,5,No,0,9951370.2
15749727,€0.0,2,Yes,7,Yes,0,0
15619238,€0.0,2,No,8,No,0,0
15593468,€0.0,2,Yes,3,Yes,0,0
15718454,€0.0,2,No,2,No,0,0
15789498,€111099.79,2,No,3,No,0,9998981.1
15744691,€0.0,3,No,3,No,0,0
15708289,€100913.57,1,No,3,No,0,9082221.3
15790412,€0.0,2,Yes,8,Yes,0,0
15741416,€16893.59,1,Yes,2,Yes,0,1520423.1
15598894,€122267.85,1,No,10,No,0,11004106.5
15663294,€125685.79,1,Yes,1,Yes,0,11311721.1
15572728,€127397.34,1,No,8,No,0,11465760.6
15706729,€105271.56,1,Yes,0,Yes,0,9474440.4
15674433,€115265.14,1,No,2,No,0,10373862.6
15641170,€0.0,1,No,4,No,0,0
15806284,€0.0,2,Yes,1,Yes,0,0
15690958,€139542.82,1,Yes,2,Yes,0,12558853.8
15606386,€111512.75,3,No,3,No,1,10036147.5
15682322,€148466.93,2,Yes,9,Yes,0,13362023.7
15579915,€0.0,2,No,4,No,0,0
15681928,€108155.49,1,No,4,No,0,9733994.1
15734005,€0.0,2,No,1,No,0,0
15650432,€84622.13,1,Yes,10,Yes,0,7615991.7
15592578,€146997.64,2,No,7,No,0,13229787.6
15671243,€0.0,2,No,9,No,0,0
15775709,€98590.25,1,No,10,No,0,8873122.5
15702631,€0.0,2,Yes,2,Yes,0,0
15602282,€134980.74,1,Yes,8,Yes,1,12148266.6
15717879,€108078.56,1,Yes,5,Yes,0,9727070.4
15740878,€0.0,2,Yes,9,Yes,0,0
15794468,€0.0,2,No,6,No,0,0
15773277,€106836.67,2,No,5,No,0,9615300.3
15572657,€102490.27,1,Yes,8,Yes,0,9224124.3
15800295,€112746.54,2,No,9,No,0,10147188.6
15672397,€125487.89,1,No,0,No,0,11293910.1
15684921,€142862.21,1,Yes,8,Yes,0,12857598.9
15720676,€0.0,2,No,7,No,0,0
15731829,€0.0,2,No,10,No,0,0
15732672,€79388.33,1,Yes,6,Yes,0,7144949.7
15692406,€0.0,2,Yes,5,Yes,0,0
15764405,€0.0,2,Yes,10,Yes,0,0
15757537,€107784.65,1,Yes,6,Yes,0,9700618.5
15793307,€142880.28,3,No,4,No,1,12859225.2
15660679,€149571.94,1,No,9,No,0,13461474.6
15666856,€142767.39,1,Yes,1,Yes,0,12849065.1
15687372,€121537.71,2,No,8,No,1,10938393.9
15667289,€0.0,2,No,2,No,0,0
15624641,€0.0,1,No,9,No,1,0
15734610,€89838.71,3,No,4,No,1,8085483.9
15631882,€103399.87,1,No,9,No,0,9305988.3
15642709,€0.0,2,No,9,No,0,0
15811026,€136855.94,2,No,5,No,0,12317034.6
15596303,€0.0,2,No,0,No,1,0
15787255,€140891.46,3,Yes,2,Yes,1,12680231.4
15617166,€0.0,1,No,0,No,0,0
15742442,€89364.91,1,Yes,5,Yes,0,8042841.9
15758692,€146011.4,1,No,7,No,0,13141026
15568238,€0.0,2,Yes,8,Yes,0,0
15730353,€145294.08,2,No,9,No,0,13076467.2
15731555,€106000.12,1,No,9,No,1,9540010.8
15582404,€0.0,2,No,5,No,0,0
15721462,€0.0,2,Yes,2,Yes,0,0
15632899,€104508.77,2,No,9,No,0,9405789.3
15808526,€127539.3,1,Yes,3,Yes,1,11478537
15694349,€0.0,1,Yes,7,Yes,0,0
15718465,€96891.46,1,No,3,No,1,8720231.4
15682995,€78535.25,1,No,1,No,0,7068172.5
15584776,€112712.17,1,No,9,No,0,10144095.3
15777772,€119618.42,1,Yes,9,Yes,0,10765657.8
15576156,€0.0,1,No,6,No,0,0
15646756,€74963.5,1,Yes,8,Yes,0,6746715
15742886,€138023.79,2,Yes,1,Yes,0,12422141.1
15586135,€0.0,1,Yes,4,Yes,0,0
15616152,€185513.67,1,No,1,No,0,16696230.3
15721460,€185648.56,1,No,8,No,1,16708370.4
15727317,€102286.6,3,No,1,No,1,9205794
15649536,€128015.83,1,No,4,No,0,11521424.7
15754929,€39539.39,2,No,10,No,0,3558545.1
15572051,€0.0,1,Yes,3,Yes,0,0
15668142,€77608.46,2,Yes,3,Yes,0,6984761.4
15701176,€141462.13,1,No,5,No,0,12731591.7
15708422,€0.0,2,No,0,No,0,0
15655632,€131691.33,1,No,2,No,0,11852219.7
15744606,€93833.86,1,Yes,8,Yes,0,8445047.4
15612140,€137933.39,1,Yes,7,Yes,0,12414005.1
15656086,€105770.14,1,Yes,8,Yes,1,9519312.6
15655298,€0.0,2,Yes,5,Yes,0,0
15644796,€0.0,2,Yes,8,Yes,1,0
15726250,€166328.65,2,Yes,3,Yes,0,14969578.5
15764432,€164307.77,1,No,2,No,0,14787699.3
15631721,€163965.69,2,Yes,9,Yes,0,14756912.1
15707479,€125608.72,1,No,7,No,0,11304784.8
15579826,€0.0,1,No,9,No,0,0
15668104,€118433.94,1,Yes,6,Yes,0,10659054.6
15641604,€98488.08,1,No,10,No,1,8863927.2
15587240,€0.0,2,Yes,4,Yes,0,0
15680767,€98362.35,2,Yes,10,Yes,0,8852611.5
15601594,€144237.91,4,No,6,No,1,12981411.9
15589969,€0.0,1,Yes,6,Yes,0,0
15703728,€0.0,1,No,4,No,1,0
15617790,€105767.28,2,No,4,No,0,9519055.2
15662500,€0.0,2,No,9,No,0,0
15778526,€0.0,2,No,5,No,0,0
15670584,€0.0,1,Yes,2,Yes,1,0
15748069,€134467.26,1,Yes,3,Yes,0,12102053.4
15680597,€138515.02,1,Yes,1,Yes,0,12466351.8
15628992,€128647.98,2,No,2,No,0,11578318.2
15719624,€121858.98,1,No,9,No,0,10967308.2
15812767,€0.0,2,Yes,3,Yes,0,0
15689201,€120108.56,1,Yes,1,Yes,0,10809770.4
15614716,€196853.62,1,Yes,0,Yes,0,17716825.8
15683618,€121418.62,1,Yes,3,Yes,0,10927675.8
15799631,€0.0,2,Yes,10,Yes,0,0
15692259,€0.0,2,No,9,No,0,0
15590966,€97495.8,2,No,4,No,0,8774622
15656426,€0.0,2,No,3,No,0,0
15675256,€127343.4,1,Yes,5,Yes,0,11460906
15751185,€158633.61,1,No,0,No,0,14277024.9
15789582,€0.0,1,No,9,No,0,0
15651103,€183744.98,1,Yes,9,Yes,0,16537048.2
15672299,€0.0,2,Yes,6,Yes,0,0
15772250,€0.0,1,No,9,No,0,0
15763922,€79962.92,2,No,7,No,0,7196662.8
15633870,€0.0,2,Yes,10,Yes,0,0
15624323,€0.0,2,Yes,4,Yes,0,0
15688612,€140956.99,1,No,7,No,0,12686129.1
15694644,€0.0,1,Yes,6,Yes,0,0
15587174,€0.0,2,Yes,7,Yes,1,0
15579559,€145241.63,1,Yes,8,Yes,0,13071746.7
15775430,€138008.06,2,No,7,No,0,12420725.4
15623695,€0.0,2,Yes,4,Yes,0,0
15760849,€0.0,2,Yes,2,Yes,0,0
15813095,€0.0,2,No,2,No,0,0
15705281,€0.0,1,No,9,No,0,0
15812594,€0.0,2,No,7,No,0,0
15626322,€127570.93,2,No,9,No,0,11481383.7
15723105,€0.0,1,Yes,6,Yes,0,0
15588449,€107812.67,1,Yes,5,Yes,1,9703140.3
15794849,€91560.58,2,No,7,No,0,8240452.2
15620000,€121303.77,2,Yes,6,Yes,0,10917339.3
15799720,€161546.68,2,Yes,8,Yes,0,14539201.2
15711287,€128415.45,1,No,5,No,0,11557390.5
15613102,€57530.06,1,Yes,2,Yes,1,5177705.4
15621440,€0.0,2,Yes,1,Yes,0,0
15677146,€142243.54,2,No,4,No,0,12801918.6
15801169,€138341.51,1,No,9,No,1,12450735.9
15722425,€0.0,2,No,9,No,0,0
15682421,€0.0,2,Yes,2,Yes,1,0
15691910,€0.0,3,No,4,No,0,0
15721779,€146466.46,2,No,5,No,0,13181981.4
15579548,€0.0,2,No,5,No,0,0
15681075,€0.0,1,Yes,1,Yes,0,0
15607884,€0.0,2,Yes,8,Yes,0,0
15767757,€120307.58,1,Yes,9,Yes,0,10827682.2
15791550,€87637.26,2,No,4,No,0,7887353.4
15658589,€94652.04,1,Yes,2,Yes,0,8518683.6
15670822,€114415.84,1,Yes,7,Yes,0,10297425.6
15629744,€0.0,2,Yes,8,Yes,0,0
15660768,€84315.02,1,No,1,No,0,7588351.8
15726310,€0.0,2,No,3,No,0,0
15641298,€93955.83,2,No,9,No,0,8456024.7
15625675,€67087.69,1,No,1,No,0,6037892.1
15713354,€101528.61,1,No,6,No,1,9137574.9
15633866,€110824.52,1,Yes,1,Yes,0,9974206.8
15704231,€0.0,1,Yes,8,Yes,0,0
15735400,€179960.2,1,No,8,No,0,16196418
15632826,€134006.77,1,No,3,No,0,12060609.3
15751022,€121532.17,2,Yes,10,Yes,0,10937895.3
15664737,€0.0,2,Yes,7,Yes,0,0
15681126,€0.0,1,Yes,2,Yes,0,0
15738954,€129717.3,2,No,7,No,0,11674557
15662263,€94762.16,2,Yes,4,Yes,0,8528594.4
15621611,€155196.17,1,Yes,5,Yes,1,13967655.3
15783752,€129514.99,1,Yes,4,Yes,0,11656349.1
15709474,€113386.36,2,Yes,3,Yes,1,10204772.4
15701280,€0.0,1,Yes,3,Yes,1,0
15671104,€172196.23,1,Yes,3,Yes,0,15497660.7
15796434,€97612.12,1,Yes,5,Yes,0,8785090.8
15781505,€104719.94,2,No,4,No,0,9424794.6
15625819,€0.0,1,No,7,No,0,0
15753174,€139592.98,3,No,9,No,1,12563368.2
15654067,€0.0,2,No,4,No,0,0
15724719,€139096.85,1,No,7,No,0,12518716.5
15624695,€140301.72,1,Yes,7,Yes,0,12627154.8
15718216,€0.0,1,No,3,No,0,0
15586300,€0.0,2,Yes,7,Yes,0,0
15783349,€111233.09,1,Yes,1,Yes,0,10010978.1
15725767,€0.0,2,No,3,No,0,0
15791925,€147737.63,1,Yes,10,Yes,0,13296386.7
15793585,€0.0,2,Yes,8,Yes,0,0
15576641,€125725.02,2,Yes,5,Yes,0,11315251.8
15749519,€128289.7,3,No,6,No,1,11546073
15684960,€0.0,1,No,5,No,1,0
15591286,€88826.07,1,Yes,4,Yes,1,7994346.3
15668323,€143443.61,1,No,1,No,1,12909924.9
15608528,€0.0,4,Yes,9,Yes,1,0
15645184,€0.0,2,No,2,No,0,0
15702566,€149134.46,1,Yes,8,Yes,0,13422101.4
15660840,€124119.54,1,No,3,No,0,11170758.6
15750811,€116822.7,1,No,3,No,0,10514043
15733842,€103219.47,1,No,1,No,0,9289752.3
15581526,€0.0,2,No,1,No,0,0
15662751,€81954.6,1,Yes,0,Yes,1,7375914
15684319,€95196.26,1,No,10,No,1,8567663.4
15702190,€0.0,2,Yes,5,Yes,0,0
15588517,€0.0,2,Yes,7,Yes,0,0
15801863,€136555.01,2,Yes,2,Yes,0,12289950.9
15584271,€0.0,1,Yes,5,Yes,0,0
15700366,€119452.03,1,Yes,3,Yes,0,10750682.7
15804038,€0.0,1,Yes,9,Yes,1,0
15720820,€69881.09,2,Yes,9,Yes,0,6289298.1
15743759,€0.0,2,Yes,5,Yes,0,0
15749947,€0.0,2,Yes,7,Yes,0,0
15670496,€0.0,2,No,9,No,0,0
15746664,€204223.03,1,No,8,No,0,18380072.7
15745533,€110314.21,2,No,1,No,1,9928278.9
15761497,€163760.82,1,No,1,No,1,14738473.8
15628600,€141069.18,3,Yes,1,Yes,0,12696226.2
15627002,€115934.74,1,Yes,1,Yes,0,10434126.6
15614635,€151457.88,1,Yes,2,Yes,0,13631209.2
15731281,€154206.07,2,Yes,3,Yes,0,13878546.3
15814022,€89928.99,1,No,9,No,0,8093609.1
15659194,€89182.09,1,Yes,8,Yes,0,8026388.1
15745030,€79706.25,2,No,1,No,0,7173562.5
15691817,€0.0,3,No,5,No,1,0
15707488,€0.0,2,No,5,No,0,0
15784700,€117799.28,1,Yes,7,Yes,0,10601935.2
15710397,€0.0,2,No,4,No,0,0
15687648,€0.0,2,No,1,No,0,0
15732281,€146422.22,1,No,6,No,1,13177999.8
15607230,€150186.22,2,Yes,9,Yes,0,13516759.8
15567630,€100275.88,1,No,6,No,1,9024829.2
15587507,€0.0,1,No,6,No,1,0
15733904,€147493.89,1,No,9,No,0,13274450.1
15709511,€0.0,2,No,8,No,0,0
15579616,€0.0,2,Yes,8,Yes,0,0
15694852,€121823.4,2,Yes,4,Yes,0,10964106
15589924,€0.0,2,Yes,1,Yes,0,0
15799300,€113688.63,1,No,0,No,1,10231976.7
15731330,€100471.34,1,Yes,7,Yes,0,9042420.6
15694129,€100032.52,1,No,3,No,1,9002926.8
15620372,€0.0,2,No,3,No,0,0
15744622,€116358.0,1,No,8,No,0,10472220
15799815,€163549.63,1,Yes,4,Yes,0,14719466.7
15759250,€99183.9,1,Yes,3,Yes,0,8926551
15732643,€131955.07,1,Yes,1,Yes,1,11875956.3
15690540,€134177.06,1,No,1,No,0,12075935.4
15803078,€0.0,2,No,1,No,0,0
15652180,€0.0,2,Yes,2,Yes,0,0
15741195,€0.0,1,Yes,5,Yes,0,0
15743490,€94348.94,1,No,9,No,1,8491404.6
15575510,€155584.21,1,Yes,2,Yes,0,14002578.9
15732610,€0.0,2,No,6,No,0,0
15602909,€0.0,2,Yes,10,Yes,0,0
15734058,€170661.47,1,Yes,9,Yes,0,15359532.3
15801788,€185544.36,1,No,6,No,0,16698992.4
15702462,€52831.13,1,Yes,6,Yes,1,4754801.7
15683416,€97750.07,3,Yes,8,Yes,1,8797506.3
15794187,€114007.5,2,No,6,No,0,10260675
15792989,€104308.77,1,Yes,1,Yes,0,9387789.3
15613734,€84719.13,2,Yes,6,Yes,0,7624721.7
15606177,€0.0,2,No,2,No,0,0
15636700,€140236.98,1,Yes,9,Yes,0,12621328.2
15645766,€0.0,2,Yes,9,Yes,0,0
15671345,€75302.85,2,No,6,No,0,6777256.5
15652469,€0.0,2,No,1,No,0,0
15749638,€104760.82,1,Yes,9,Yes,1,9428473.8
15728706,€0.0,1,No,7,No,1,0
15735439,€113693.0,1,No,1,No,0,10232370
15778696,€174180.39,1,No,5,No,0,15676235.1
15624744,€115766.26,1,No,9,No,1,10418963.4
15584338,€0.0,2,No,0,No,0,0
15726178,€0.0,2,No,8,No,0,0
15794939,€121215.9,2,Yes,5,Yes,0,10909431
15788068,€144677.19,3,No,10,No,1,13020947.1
15572956,€115350.63,1,Yes,5,Yes,0,10381556.7
15780386,€105683.63,1,No,5,No,0,9511526.7
15791114,€135179.49,1,No,1,No,0,12166154.1
15708046,€117551.23,1,No,0,No,0,10579610.7
15719779,€157404.02,2,No,1,No,0,14166361.8
15591550,€77910.23,1,No,3,No,0,7011920.7
15639368,€110942.9,1,No,0,No,0,9984861
15699830,€0.0,2,Yes,7,Yes,0,0
15569264,€179305.09,1,Yes,5,Yes,0,16137458.1
15595158,€150593.59,2,Yes,5,Yes,0,13553423.1
15599126,€123815.86,1,Yes,0,Yes,1,11143427.4
15650575,€0.0,2,Yes,6,Yes,1,0
15641490,€69385.17,2,No,8,No,0,6244665.3
15680234,€138032.15,1,No,2,No,0,12422893.5
15592230,€0.0,2,Yes,3,Yes,0,0
15626212,€0.0,1,Yes,9,Yes,0,0
15700627,€143500.82,1,No,2,No,1,12915073.8
15782641,€119670.18,1,No,3,No,0,10770316.2
15784445,€99106.73,1,No,1,No,0,8919605.7
15813681,€120135.55,2,Yes,2,Yes,0,10812199.5
15596649,€0.0,1,No,8,No,0,0
15700460,€120905.03,1,Yes,4,Yes,1,10881452.7
15724076,€0.0,3,No,5,No,1,0
15784000,€102277.52,1,No,9,No,1,9204976.8
15733966,€125292.53,1,Yes,4,Yes,1,11276327.7
15612667,€0.0,1,No,0,No,0,0
15654025,€101629.3,1,No,4,No,0,9146637
15589431,€171937.27,1,Yes,1,Yes,0,15474354.3
15578238,€0.0,2,No,7,No,0,0
15566269,€0.0,2,No,5,No,0,0
15639217,€0.0,2,No,6,No,0,0
15688644,€129743.75,1,No,1,No,0,11676937.5
15662426,€0.0,1,Yes,1,Yes,1,0
15720511,€151191.31,1,No,3,No,1,13607217.9
15567246,€102630.13,2,Yes,3,Yes,0,9236711.7
15647965,€114023.64,2,Yes,9,Yes,1,10262127.6
15679048,€124227.14,1,Yes,2,Yes,0,11180442.6
15675749,€0.0,2,Yes,1,Yes,0,0
15782181,€80285.16,1,No,6,No,1,7225664.4
15795738,€175477.15,1,Yes,4,Yes,0,15792943.5
15773751,€132144.35,1,No,1,No,0,11892991.5
15655436,€136911.07,1,Yes,2,Yes,1,12321996.3
15691396,€133299.67,2,Yes,5,Yes,0,11996970.3
15796958,€0.0,2,No,7,No,0,0
15801832,€117691.0,1,Yes,1,Yes,1,10592190
15661349,€0.0,2,No,10,No,0,0
15719265,€0.0,2,No,9,No,0,0
15779985,€133199.71,2,Yes,1,Yes,0,11987973.9
15663410,€135506.58,3,Yes,5,Yes,1,12195592.2
15704144,€127154.14,2,Yes,2,Yes,0,11443872.6
15774104,€0.0,2,Yes,2,Yes,0,0
15812230,€49508.79,3,Yes,5,Yes,0,4455791.1
15742848,€0.0,1,Yes,5,Yes,0,0
15745326,€75051.49,1,No,3,No,1,6754634.1
15674541,€123925.23,1,No,8,No,1,11153270.7
15728564,€0.0,2,Yes,6,Yes,1,0
15580701,€153819.58,1,No,3,No,1,13843762.2
15688973,€0.0,2,Yes,5,Yes,0,0
15709412,€0.0,2,Yes,6,Yes,0,0
15607753,€70417.79,1,Yes,10,Yes,0,6337601.1
15705352,€111484.88,1,Yes,7,Yes,0,10033639.2
15602500,€146343.98,1,Yes,1,Yes,0,13170958.2
15672437,€160541.0,2,Yes,1,Yes,0,14448690
15720968,€130274.26,2,No,2,No,0,11724683.4
15730796,€98993.02,1,Yes,7,Yes,0,8909371.8
15768219,€0.0,2,No,0,No,0,0
15663883,€141827.33,2,Yes,9,Yes,0,12764459.7
15589296,€110054.45,1,Yes,6,Yes,0,9904900.5
15586425,€0.0,2,Yes,4,Yes,0,0
15679813,€0.0,1,No,1,No,0,0
15681410,€98088.09,1,Yes,6,Yes,1,8827928.1
15668283,€118317.27,4,No,9,No,1,10648554.3
15624072,€0.0,2,No,10,No,0,0
15669664,€99774.5,1,No,1,No,1,8979705
15682728,€0.0,2,No,4,No,0,0
15573851,€0.0,3,No,1,No,1,0
15733661,€133806.54,2,No,8,No,0,12042588.6
15710012,€0.0,2,No,2,No,1,0
15763327,€124993.29,2,Yes,8,Yes,0,11249396.1
15668853,€157622.58,1,Yes,0,Yes,0,14186032.2
15639303,€126111.61,1,Yes,5,Yes,0,11350044.9
15691011,€161651.37,2,Yes,9,Yes,0,14548623.3
15638513,€142856.95,2,No,7,No,0,12857125.5
15648933,€111100.98,1,Yes,3,Yes,1,9999088.2
15628904,€102918.38,1,Yes,8,Yes,0,9262654.2
15644788,€0.0,2,No,5,No,0,0
15598161,€0.0,2,No,10,No,0,0
15745624,€0.0,2,No,4,No,0,0
15733169,€125265.61,1,Yes,7,Yes,0,11273904.9
15801417,€82500.28,1,Yes,4,Yes,0,7425025.2
15592707,€175754.87,2,Yes,2,Yes,0,15817938.3
15593954,€109387.33,1,No,6,No,0,9844859.7
15714431,€100443.36,2,Yes,1,Yes,0,9039902.4
15638257,€83102.72,2,Yes,0,Yes,0,7479244.8
15690939,€0.0,1,Yes,7,Yes,0,0
15723613,€0.0,2,No,4,No,0,0
15813640,€0.0,2,No,7,No,0,0
15707322,€115290.27,1,No,2,No,1,10376124.3
15588918,€0.0,2,No,6,No,0,0
15600357,€140197.71,2,No,1,No,0,12617793.9
15747014,€105245.34,1,Yes,1,Yes,0,9472080.6
15809830,€0.0,2,Yes,8,Yes,0,0
15662245,€0.0,2,Yes,1,Yes,0,0
15651075,€142296.13,1,Yes,3,Yes,0,12806651.7
15594456,€99097.33,1,Yes,4,Yes,1,8918759.7
15583462,€171069.39,2,Yes,5,Yes,0,15396245.1
15757661,€0.0,2,No,7,No,0,0
15729117,€102523.88,1,Yes,1,Yes,0,9227149.2
15749671,€0.0,2,Yes,6,Yes,0,0
15566253,€143391.07,1,No,9,No,1,12905196.3
15595153,€106022.73,2,No,8,No,0,9542045.7
15698572,€0.0,1,No,1,No,0,0
15674149,€128960.21,2,Yes,3,Yes,0,11606418.9
15623082,€0.0,2,No,2,No,0,0
15797905,€0.0,2,No,7,No,0,0
15746028,€0.0,2,No,7,No,0,0
15582951,€126442.59,1,No,8,No,0,11379833.1
15616471,€0.0,1,Yes,0,Yes,0,0
15641575,€127261.35,1,No,2,No,0,11453521.5
15638803,€0.0,2,No,5,No,0,0
15808283,€0.0,1,No,4,No,0,0
15811200,€0.0,2,No,2,No,0,0
15733476,€73481.05,1,Yes,6,Yes,0,6613294.5
15633274,€160515.37,1,No,7,No,0,14446383.3
15582168,€149525.34,2,No,4,No,0,13457280.6
15807269,€166522.78,1,No,2,No,1,14987050.2
15602979,€135536.5,1,No,1,No,0,12198285
15660417,€120481.69,1,No,10,No,1,10843352.1
15590199,€103421.32,1,Yes,1,Yes,0,9307918.8
15641794,€135658.73,2,Yes,5,Yes,0,12209285.7
15779174,€0.0,2,Yes,2,Yes,0,0
15785547,€191402.82,2,No,8,No,0,17226253.8
15795124,€94504.35,1,Yes,9,Yes,0,8505391.5
15718912,€126147.84,1,Yes,5,Yes,1,11353305.6
15592028,€0.0,1,Yes,7,Yes,0,0
15580227,€0.0,2,No,6,No,0,0
15657830,€87624.03,2,No,4,No,0,7886162.7
15798256,€153697.53,2,No,1,No,1,13832777.7
15643819,€0.0,2,No,4,No,0,0
15754301,€0.0,1,No,5,No,0,0
15726855,€116585.97,1,No,9,No,1,10492737.3
15755225,€134464.58,2,No,9,No,0,12101812.2
15725221,€83008.31,1,Yes,10,Yes,0,7470747.9
15789055,€113635.16,1,No,2,No,0,10227164.4
15617507,€0.0,2,No,7,No,0,0
15668894,€122552.48,2,Yes,5,Yes,0,11029723.2
15589563,€118899.45,2,No,2,No,0,10700950.5
15693162,€99713.87,1,No,5,No,0,8974248.3
15750099,€0.0,1,No,6,No,0,0
15795540,€134208.22,1,Yes,2,Yes,0,12078739.8
15794941,€85906.65,3,No,1,No,0,7731598.5
15611848,€137714.25,1,Yes,3,Yes,0,12394282.5
15581237,€160777.9,1,Yes,1,Yes,0,14470011
15738150,€0.0,2,Yes,5,Yes,0,0
15678571,€0.0,2,No,4,No,0,0
15736124,€102585.88,2,Yes,1,Yes,0,9232729.2
15623202,€102556.18,2,No,10,No,1,9230056.2
15804201,€126772.57,1,Yes,4,Yes,0,11409531.3
15596863,€158373.23,1,Yes,3,Yes,0,14253590.7
15696277,€0.0,2,No,9,No,0,0
15748608,€141927.1,1,Yes,5,Yes,0,12773439
15723864,€109876.82,2,No,1,No,1,9888913.8
15802390,€0.0,2,Yes,2,Yes,0,0
15774336,€111369.79,2,Yes,9,Yes,0,10023281.1
15648766,€116969.35,1,No,3,No,0,10527241.5
15659094,€136729.51,2,No,8,No,0,12305655.9
15606397,€152086.15,1,Yes,1,Yes,1,13687753.5
15642619,€0.0,2,No,2,No,0,0
15666032,€127289.28,1,No,1,No,0,11456035.2
15595842,€119852.01,1,No,2,No,1,10786680.9
15753837,€0.0,2,Yes,4,Yes,0,0
15783882,€0.0,2,Yes,5,Yes,0,0
15799790,€0.0,1,Yes,9,Yes,0,0
15628155,€117183.74,1,Yes,7,Yes,0,10546536.6
15703778,€129907.63,1,Yes,8,Yes,0,11691686.7
15722322,€0.0,2,Yes,2,Yes,0,0
15639278,€145387.32,2,Yes,6,Yes,1,13084858.8
15568487,€124616.23,1,Yes,7,Yes,0,11215460.7
15682084,€0.0,2,No,9,No,0,0
15642821,€95808.19,1,No,8,No,1,8622737.1
15601387,€0.0,2,No,10,No,0,0
15642515,€0.0,2,Yes,1,Yes,0,0
15710421,€117152.3,1,No,8,No,0,10543707
15726774,€106250.72,1,No,3,No,0,9562564.8
15649078,€111837.78,2,Yes,8,Yes,0,10065400.2
15641877,€97023.21,1,Yes,9,Yes,0,8732088.9
15796496,€137687.72,1,No,8,No,0,12391894.8
15815690,€113348.5,1,Yes,3,Yes,0,10201365
15631739,€122109.78,1,Yes,10,Yes,0,10989880.2
15625584,€120452.4,2,No,2,No,0,10840716
15802466,€0.0,2,Yes,7,Yes,0,0
15697028,€65812.35,2,Yes,0,Yes,0,5923111.5
15575759,€54428.37,1,No,3,No,1,4898553.3
15567442,€0.0,2,Yes,3,Yes,0,0
15746805,€0.0,2,No,9,No,0,0
15636330,€143279.58,2,No,1,No,1,12895162.2
15714970,€103846.65,1,No,0,No,0,9346198.5
15653784,€125190.86,1,Yes,2,Yes,0,11267177.4
15693543,€0.0,2,Yes,8,Yes,0,0
15773283,€38340.02,1,No,6,No,1,3450601.8
15742534,€123802.98,2,Yes,2,Yes,0,11142268.2
15569878,€96651.03,1,Yes,3,Yes,0,8698592.7
15729454,€0.0,2,No,8,No,0,0
15578375,€0.0,2,No,6,No,0,0
15785559,€133237.21,1,No,1,No,1,11991348.9
15649414,€142105.35,1,Yes,6,Yes,0,12789481.5
15701605,€166115.42,1,No,1,No,0,14950387.8
15686696,€81070.34,2,No,6,No,0,7296330.6
15625586,€0.0,1,Yes,4,Yes,0,0
15654975,€123835.52,2,Yes,0,Yes,0,11145196.8
15782993,€123401.43,2,Yes,10,Yes,0,11106128.7
15774382,€169377.31,1,Yes,4,Yes,0,15243957.9
15689602,€130015.24,1,Yes,2,Yes,0,11701371.6
15756155,€0.0,2,Yes,4,Yes,0,0
15812647,€133936.04,2,No,8,No,0,12054243.6
15736043,€114543.27,1,Yes,6,Yes,0,10308894.3
15696744,€119794.67,1,No,3,No,0,10781520.3
15602572,€0.0,2,Yes,9,Yes,0,0
15674765,€0.0,1,No,4,No,0,0
15678725,€0.0,2,Yes,8,Yes,0,0
15694444,€157138.99,3,No,8,No,1,14142509.1
15795878,€0.0,2,Yes,3,Yes,0,0
15735346,€136733.24,1,Yes,10,Yes,0,12305991.6
15687094,€82498.14,2,No,9,No,0,7424832.6
15790067,€151914.93,1,No,3,No,0,13672343.7
15605742,€80090.93,1,No,0,No,1,7208183.7
15566740,€83739.32,1,Yes,3,Yes,0,7536538.8
15664897,€181166.44,1,Yes,2,Yes,1,16304979.6
15585777,€130588.82,1,Yes,3,Yes,0,11752993.8
15650864,€0.0,2,No,6,No,0,0
15806709,€94126.67,1,No,6,No,0,8471400.3
15633818,€0.0,2,No,9,No,0,0
15713845,€148045.68,1,No,7,No,1,13324111.2
15639662,€0.0,2,No,2,No,0,0
15567013,€0.0,2,No,3,No,0,0
15777784,€168165.84,1,Yes,6,Yes,0,15134925.6
15800251,€72835.56,2,No,10,No,0,6555200.4
15651315,€0.0,2,No,3,No,0,0
15651450,€123212.08,2,Yes,3,Yes,0,11089087.2
15784218,€0.0,2,Yes,0,Yes,0,0
15572398,€0.0,2,Yes,6,Yes,0,0
15707962,€119501.88,2,No,6,No,0,10755169.2
15705663,€144550.83,2,Yes,5,Yes,0,13009574.7
15645355,€126729.41,1,Yes,3,Yes,1,11405646.9
15729557,€119984.07,1,No,5,No,1,10798566.3
15631436,€0.0,1,No,4,No,0,0
15583073,€0.0,1,Yes,2,Yes,1,0
15614361,€121490.05,1,Yes,9,Yes,0,10934104.5
15724684,€91897.8,1,No,5,No,0,8270802
15700083,€139443.75,2,No,2,No,0,12549937.5
15636541,€144961.97,1,Yes,5,Yes,0,13046577.3
15796015,€126041.02,1,Yes,3,Yes,0,11343691.8
15787222,€69459.05,2,Yes,1,Yes,0,6251314.5
15594270,€198338.77,2,Yes,7,Yes,0,17850489.3
15701524,€0.0,2,No,0,No,0,0
15645847,€109196.66,3,No,2,No,1,9827699.4
15708867,€134168.5,3,No,3,No,1,12075165
15613140,€0.0,1,Yes,6,Yes,0,0
15628893,€0.0,1,No,8,No,0,0
15764073,€0.0,2,Yes,9,Yes,0,0
15782879,€0.0,2,Yes,2,Yes,0,0
15635964,€120100.41,1,No,4,No,1,10809036.9
15726087,€0.0,1,Yes,5,Yes,0,0
15726313,€0.0,2,No,5,No,0,0
15578073,€0.0,2,No,8,No,0,0
15786249,€0.0,2,No,2,No,0,0
15812850,€0.0,2,Yes,5,Yes,0,0
15596972,€0.0,1,No,3,No,0,0
15620579,€0.0,2,Yes,8,Yes,0,0
15768270,€0.0,2,No,9,No,0,0
15656597,€135559.8,2,Yes,2,Yes,0,12200382
15699446,€150355.35,2,Yes,2,Yes,0,13531981.5
15615004,€0.0,2,Yes,1,Yes,0,0
15704771,€133489.12,2,Yes,6,Yes,0,12014020.8
15588372,€105489.31,1,No,9,No,1,9494037.9
15681439,€60205.2,2,No,10,No,0,5418468
15607509,€0.0,2,No,5,No,0,0
15670343,€0.0,2,No,6,No,0,0
15597968,€0.0,1,No,7,No,1,0
15658432,€0.0,1,Yes,6,Yes,0,0
15616431,€0.0,1,Yes,4,Yes,0,0
15796957,€0.0,3,Yes,9,Yes,1,0
15815552,€112333.63,1,Yes,6,Yes,0,10110026.7
15631871,€116936.81,1,Yes,7,Yes,0,10524312.9
15635870,€117721.02,1,Yes,5,Yes,1,10594891.8
15596713,€165896.22,2,Yes,7,Yes,0,14930659.8
15684211,€153656.85,1,No,9,No,0,13829116.5
15760521,€94164.0,1,Yes,1,Yes,0,8474760
15608408,€0.0,2,No,1,No,0,0
15804721,€191808.73,1,No,0,No,0,17262785.7
15730272,€152199.33,1,Yes,5,Yes,0,13697939.7
15741988,€125396.24,1,No,8,No,1,11285661.6
15771728,€104405.54,3,No,7,No,0,9396498.6
15605113,€133801.49,1,Yes,1,Yes,0,12042134.1
15661945,€0.0,3,No,4,No,0,0
15783816,€0.0,2,No,5,No,0,0
15721207,€100047.33,1,No,6,No,0,9004259.7
15764072,€109848.6,1,Yes,1,Yes,0,9886374
15689412,€127849.38,1,No,7,No,0,11506444.2
15798385,€0.0,2,Yes,3,Yes,0,0
15775339,€95947.76,1,No,8,No,0,8635298.4
15585256,€0.0,2,Yes,2,Yes,0,0
15797329,€137638.69,1,No,4,No,1,12387482.1
15780220,€0.0,1,Yes,10,Yes,0,0
15648951,€0.0,2,Yes,7,Yes,0,0
15752409,€0.0,2,No,6,No,0,0
15807524,€0.0,2,No,4,No,0,0
15766649,€89416.99,1,No,10,No,0,8047529.1
15696812,€0.0,2,Yes,6,Yes,0,0
15581295,€0.0,1,No,1,No,0,0
15663234,€143262.04,1,Yes,7,Yes,0,12893583.6
15741417,€119656.45,2,Yes,7,Yes,0,10769080.5
15695174,€132954.64,1,Yes,4,Yes,0,11965917.6
15665168,€105206.7,2,Yes,3,Yes,0,9468603
15601503,€0.0,2,No,4,No,0,0
15706131,€83061.26,2,No,9,No,0,7475513.4
15782758,€147650.68,1,Yes,5,Yes,0,13288561.2
15591091,€73348.56,1,No,5,No,1,6601370.4
15715877,€0.0,2,No,2,No,0,0
15756918,€0.0,2,No,2,No,0,0
15746662,€116320.68,1,Yes,1,Yes,0,10468861.2
15626679,€0.0,2,Yes,3,Yes,0,0
15793343,€0.0,2,Yes,8,Yes,0,0
15576774,€0.0,2,No,7,No,0,0
15801316,€66250.71,1,Yes,8,Yes,0,5962563.9
15800514,€95675.62,2,No,2,No,1,8610805.8
15662232,€92616.64,2,No,2,No,0,8335497.6
15737778,€0.0,1,No,4,No,0,0
15782096,€0.0,1,Yes,6,Yes,1,0
15783522,€100565.94,1,Yes,8,Yes,0,9050934.6
15785373,€190305.78,1,No,5,No,1,17127520.2
15756272,€118536.4,1,No,9,No,1,10668276
15615245,€127649.64,1,Yes,5,Yes,0,11488467.6
15600174,€165358.77,1,Yes,7,Yes,0,14882289.3
15752956,€0.0,2,Yes,6,Yes,0,0
15644882,€78249.53,1,No,10,No,0,7042457.7
15766272,€125193.96,1,Yes,0,Yes,0,11267456.4
15800620,€0.0,2,No,9,No,0,0
15569764,€154007.21,1,No,2,No,0,13860648.9
15747458,€133214.88,2,Yes,3,Yes,0,11989339.2
15573171,€146202.93,1,Yes,1,Yes,1,13158263.7
15736769,€0.0,2,No,9,No,0,0
15763381,€90963.49,1,Yes,0,Yes,0,8186714.1
15814430,€0.0,1,No,9,No,1,0
15638607,€0.0,1,No,2,No,1,0
15737133,€114386.85,1,Yes,4,Yes,0,10294816.5
15613945,€0.0,2,No,5,No,0,0
15659937,€0.0,2,Yes,7,Yes,0,0
15765287,€0.0,2,No,2,No,0,0
15661723,€137260.78,1,Yes,4,Yes,1,12353470.2
15766064,€111060.05,2,No,9,No,0,9995404.5
15649616,€124447.73,1,Yes,7,Yes,1,11200295.7
15719017,€0.0,2,Yes,8,Yes,0,0
15720919,€0.0,1,Yes,7,Yes,1,0
15706706,€135310.41,2,Yes,7,Yes,0,12177936.9
15709653,€0.0,2,No,8,No,0,0
15805104,€0.0,2,Yes,6,Yes,0,0
15622442,€0.0,2,No,5,No,0,0
15572801,€139393.19,2,No,5,No,0,12545387.1
15767598,€0.0,2,No,8,No,0,0
15757897,€104258.8,1,Yes,3,Yes,0,9383292
15568104,€0.0,2,Yes,6,Yes,0,0
15763414,€113447.01,1,No,9,No,0,10210230.9
15732265,€0.0,2,No,9,No,0,0
15621974,€111063.73,2,No,4,No,0,9995735.7
15803947,€161378.02,1,No,6,No,1,14524021.8
15720706,€82766.43,1,Yes,2,Yes,0,7448978.7
15759290,€0.0,2,No,9,No,0,0
15651664,€104267.7,1,No,1,No,1,9384093
15795132,€91718.8,1,No,3,No,0,8254692
15811565,€63488.7,1,Yes,3,Yes,1,5713983
15713774,€12459.19,1,No,6,No,1,1121327.1
15691840,€159863.9,2,Yes,6,Yes,0,14387751
15682021,€104592.55,2,No,6,No,0,9413329.5
15612931,€132088.59,1,Yes,4,Yes,0,11887973.1
15676707,€0.0,2,No,4,No,0,0
15601383,€120654.68,1,No,5,No,0,10858921.2
15662662,€0.0,2,No,6,No,0,0
15752694,€83772.95,1,Yes,4,Yes,0,7539565.5
15590683,€172325.67,1,Yes,6,Yes,0,15509310.3
15773591,€117685.31,2,Yes,7,Yes,0,10591677.9
15723620,€0.0,2,Yes,7,Yes,0,0
15671779,€0.0,2,No,5,No,0,0
15672966,€0.0,2,Yes,9,Yes,0,0
15624667,€135871.5,1,Yes,6,Yes,0,12228435
15812888,€0.0,4,Yes,3,Yes,1,0
15724154,€128504.76,1,No,4,No,1,11565428.4
15749540,€0.0,2,No,7,No,0,0
15621063,€56228.25,1,No,8,No,0,5060542.5
15661626,€98792.4,1,No,6,No,1,8891316
15698703,€181768.32,2,Yes,5,Yes,0,16359148.8
15801431,€101198.01,1,Yes,9,Yes,0,9107820.9
15649451,€0.0,2,Yes,9,Yes,0,0
15626156,€0.0,2,Yes,3,Yes,0,0
15606158,€0.0,1,No,9,No,0,0
15589496,€139064.06,2,No,5,No,0,12515765.4
15730345,€104508.1,1,Yes,2,Yes,0,9405729
15572038,€113948.58,1,No,9,No,1,10255372.2
15643439,€0.0,2,Yes,10,Yes,0,0
15604158,€0.0,2,Yes,10,Yes,0,0
15657396,€0.0,2,Yes,9,Yes,0,0
15709478,€117524.72,2,Yes,1,Yes,0,10577224.8
15628824,€160389.82,1,Yes,5,Yes,0,14435083.8
15814519,€0.0,2,No,7,No,0,0
15636520,€125547.53,1,No,1,No,0,11299277.7
15794414,€92783.68,1,Yes,6,Yes,0,8350531.2
15643671,€97036.22,2,No,5,No,1,8733259.8
15700650,€0.0,2,No,3,No,0,0
15680224,€0.0,2,Yes,6,Yes,0,0
15784286,€102145.13,1,Yes,5,Yes,0,9193061.7
15693996,€113452.66,1,No,1,No,0,10210739.4
15764343,€155681.72,1,No,8,No,0,14011354.8
15704168,€127475.24,1,No,8,No,1,11472771.6
15680197,€0.0,2,Yes,10,Yes,0,0
15633729,€112751.13,1,Yes,10,Yes,0,10147601.7
15577683,€0.0,2,Yes,4,Yes,0,0
15800746,€144889.18,1,Yes,7,Yes,1,13040026.2
15788686,€0.0,2,Yes,8,Yes,0,0
15742798,€150126.44,1,No,7,No,1,13511379.6
15596647,€69712.74,1,Yes,8,Yes,0,6274146.6
15756070,€0.0,2,Yes,4,Yes,0,0
15775116,€0.0,2,No,3,No,0,0
15575428,€117438.92,2,Yes,2,Yes,0,10569502.8
15654074,€119315.75,1,No,8,No,0,10738417.5
15695872,€89571.59,1,Yes,1,Yes,0,8061443.1
15568885,€102251.57,1,No,8,No,0,9202641.3
15725036,€118546.71,1,Yes,9,Yes,0,10669203.9
15632665,€0.0,1,Yes,2,Yes,1,0
15571476,€103257.14,1,No,0,No,0,9293142.6
15776850,€124209.02,1,Yes,1,Yes,0,11178811.8
15623649,€0.0,2,Yes,3,Yes,0,0
15751131,€150302.84,1,Yes,7,Yes,0,13527255.6
15688128,€108653.93,1,Yes,8,Yes,0,9778853.7
15678412,€85325.93,1,No,8,No,0,7679333.7
15770291,€0.0,2,No,8,No,0,0
15583392,€135776.36,3,No,9,No,1,12219872.4
15690731,€131411.24,1,Yes,6,Yes,0,11827011.6
15697948,€0.0,2,Yes,3,Yes,0,0
15608328,€0.0,2,No,6,No,0,0
15766378,€106431.97,2,Yes,9,Yes,0,9578877.3
15600813,€90305.76,1,Yes,9,Yes,0,8127518.4
15706217,€117466.03,2,Yes,7,Yes,0,10571942.7
15601417,€148884.47,2,Yes,3,Yes,0,13399602.3
15610972,€91115.76,2,No,4,No,1,8200418.4
15674620,€77373.87,2,Yes,8,Yes,0,6963648.3
15785350,€104744.89,1,No,7,No,0,9427040.1
15749119,€0.0,2,Yes,3,Yes,0,0
15756535,€91538.51,1,Yes,5,Yes,0,8238465.9
15700965,€0.0,2,Yes,6,Yes,0,0
15791851,€185734.75,1,Yes,0,Yes,0,16716127.5
15717156,€143396.54,2,Yes,3,Yes,0,12905688.6
15740846,€125909.85,1,Yes,5,Yes,0,11331886.5
15573284,€0.0,2,No,2,No,0,0
15729083,€154525.7,1,Yes,2,Yes,0,13907313
15611612,€0.0,1,No,0,No,0,0
15694381,€100654.8,1,No,8,No,0,9058932
15651737,€83325.77,1,Yes,1,Yes,0,7499319.3
15663168,€110934.54,1,No,8,No,0,9984108.6
15643426,€113680.54,1,No,8,No,0,10231248.6
15618245,€117020.08,2,No,1,No,0,10531807.2
15717527,€145359.99,1,No,9,No,0,13082399.1
15793478,€151391.68,1,No,8,No,1,13625251.2
15642248,€123935.35,1,Yes,8,Yes,0,11154181.5
15640377,€0.0,2,No,0,No,0,0
15723950,€70291.02,1,Yes,2,Yes,1,6326191.8
15590327,€166031.45,1,No,10,No,0,14942830.5
15706199,€96643.32,1,No,6,No,0,8697898.8
15671514,€0.0,2,Yes,8,Yes,0,0
15727041,€0.0,2,Yes,7,Yes,0,0
15738063,€0.0,2,Yes,2,Yes,0,0
15711733,€0.0,2,Yes,4,Yes,0,0
15652320,€0.0,2,No,5,No,0,0
15634180,€97268.1,2,No,4,No,0,8754129
15694566,€0.0,2,No,10,No,1,0
15726103,€76296.81,1,No,1,No,1,6866712.9
15646351,€0.0,2,No,7,No,0,0
15730044,€64497.94,3,Yes,6,Yes,1,5804814.6
15795186,€0.0,1,No,5,No,0,0
15784890,€0.0,2,No,8,No,0,0
15694125,€0.0,2,Yes,5,Yes,0,0
15565891,€0.0,2,No,8,No,0,0
15674254,€0.0,2,Yes,4,Yes,0,0
15775206,€0.0,2,No,10,No,0,0
15797627,€134249.7,1,Yes,0,Yes,0,12082473
15649853,€0.0,1,Yes,3,Yes,1,0
15610379,€105443.68,1,Yes,9,Yes,0,9489931.2
15659800,€0.0,1,Yes,1,Yes,1,0
15716236,€0.0,2,No,10,No,0,0
15672053,€0.0,2,No,2,No,0,0
15663933,€86147.46,2,No,5,No,1,7753271.4
15814236,€96939.06,1,Yes,1,Yes,0,8724515.4
15583597,€106758.6,1,Yes,1,Yes,0,9608274
15607395,€112528.65,2,No,9,No,0,10127578.5
15694556,€116563.58,1,No,2,No,1,10490722.2
15744109,€0.0,1,Yes,4,Yes,0,0
15800688,€0.0,2,No,7,No,0,0
15810878,€141786.78,1,Yes,6,Yes,0,12760810.2
15587835,€136416.82,1,Yes,3,Yes,0,12277513.8
15763515,€0.0,2,No,5,No,0,0
15725882,€133245.52,2,Yes,1,Yes,0,11992096.8
15788022,€90757.64,2,Yes,4,Yes,0,8168187.6
15663917,€92350.36,1,Yes,1,Yes,0,8311532.4
15656865,€78778.49,1,Yes,9,Yes,0,7090064.1
15667971,€102143.93,2,Yes,6,Yes,0,9192953.7
15800366,€0.0,1,Yes,5,Yes,0,0
15717231,€98459.6,1,No,4,No,0,8861364
15643188,€114603.76,2,No,7,No,1,10314338.4
15671351,€0.0,2,No,2,No,0,0
15573628,€148074.79,1,No,7,No,1,13326731.1
15698953,€0.0,3,Yes,1,Yes,1,0
15753888,€108004.64,1,Yes,8,Yes,1,9720417.6
15737961,€107712.57,2,Yes,0,Yes,0,9694131.3
15801701,€0.0,2,Yes,9,Yes,0,0
15684419,€0.0,3,No,8,No,0,0
15794266,€145303.52,1,No,9,No,0,13077316.8
15810711,€138476.41,2,Yes,4,Yes,0,12462876.9
15771270,€127471.56,1,Yes,8,Yes,1,11472440.4
15607786,€156551.63,1,Yes,6,Yes,0,14089646.7
15624519,€97092.87,1,No,9,No,1,8738358.3
15799910,€0.0,2,No,2,No,1,0
15602479,€129312.79,1,Yes,5,Yes,0,11638151.1
15617419,€100315.1,2,Yes,10,Yes,0,9028359
15657603,€81684.97,1,No,6,No,0,7351647.3
15570379,€88827.53,1,No,3,No,1,7994477.7
15772996,€152092.44,2,Yes,0,Yes,0,13688319.6
15729574,€0.0,2,Yes,4,Yes,0,0
15737267,€0.0,1,No,1,No,1,0
15799128,€102406.76,1,Yes,9,Yes,0,9216608.4
15813327,€109130.96,2,Yes,4,Yes,0,9821786.4
15711921,€0.0,2,Yes,5,Yes,0,0
15654300,€75242.28,1,Yes,9,Yes,0,6771805.2
15569945,€0.0,2,No,1,No,0,0
15569666,€0.0,1,No,4,No,1,0
15681887,€129142.54,2,Yes,0,Yes,0,11622828.6
15608873,€0.0,1,No,2,No,0,0
15762091,€139129.92,1,Yes,6,Yes,0,12521692.8
15722053,€0.0,2,Yes,3,Yes,0,0
15782100,€66483.32,1,Yes,3,Yes,0,5983498.8
15765300,€62389.03,3,No,5,No,1,5615012.7
15743570,€0.0,2,Yes,5,Yes,0,0
15608541,€91857.66,1,No,1,No,1,8267189.4
15750671,€0.0,2,No,6,No,0,0
15813659,€0.0,1,No,7,No,1,0
15757867,€176173.52,1,No,10,No,1,15855616.8
15652914,€0.0,1,Yes,7,Yes,0,0
15723818,€131834.76,2,No,4,No,0,11865128.4
15713819,€92347.96,1,Yes,3,Yes,0,8311316.4
15656484,€0.0,2,Yes,4,Yes,0,0
15778515,€95297.11,1,No,3,No,0,8576739.9
15803840,€0.0,2,No,9,No,0,0
15735339,€0.0,1,No,4,No,0,0
15600392,€123845.36,2,Yes,8,Yes,1,11146082.4
15625740,€143426.34,2,Yes,3,Yes,0,12908370.6
15663817,€0.0,1,Yes,5,Yes,0,0
15734461,€112708.2,1,Yes,2,Yes,0,10143738
15780142,€100013.51,1,No,2,No,0,9001215.9
15709920,€208165.53,1,No,2,No,1,18734897.7
15684248,€0.0,2,Yes,7,Yes,0,0
15643158,€0.0,1,No,9,No,1,0
15693902,€0.0,2,Yes,2,Yes,0,0
15578307,€121685.31,2,Yes,6,Yes,0,10951677.9
15585379,€111525.02,1,No,2,No,0,10037251.8
15758510,€0.0,2,No,6,No,0,0
15692918,€113546.3,1,Yes,10,Yes,0,10219167
15705301,€95696.52,2,Yes,6,Yes,0,8612686.8
15718231,€88963.31,2,Yes,0,Yes,0,8006697.9
15567991,€144880.34,2,Yes,0,Yes,0,13039230.6
15772650,€136576.02,1,Yes,9,Yes,1,12291841.8
15574795,€63093.01,1,Yes,2,Yes,0,5678370.9
15706036,€132271.12,2,Yes,10,Yes,0,11904400.8
15723856,€88814.4,2,Yes,3,Yes,0,7993296
15812920,€90594.55,1,Yes,5,Yes,0,8153509.5
15691287,€141816.25,1,No,0,No,1,12763462.5
15804797,€138547.97,1,Yes,3,Yes,1,12469317.3
15708650,€52192.08,2,Yes,2,Yes,0,4697287.2
15712777,€124976.19,1,No,4,No,0,11247857.1
15786469,€0.0,2,No,1,No,0,0
15669219,€104356.38,1,No,3,No,0,9392074.2
15641004,€150315.92,1,Yes,10,Yes,0,13528432.8
15648067,€129299.28,2,No,1,No,0,11636935.2
15704014,€140950.92,2,No,7,No,0,12685582.8
15645136,€128065.12,1,No,1,No,0,11525860.8
15709604,€107433.48,1,No,2,No,0,9669013.2
15713637,€117468.67,1,No,2,No,0,10572180.3
15793901,€0.0,2,No,2,No,0,0
15569759,€0.0,3,No,4,No,0,0
15712930,€0.0,1,No,1,No,0,0
15586504,€0.0,2,No,9,No,0,0
15677317,€153040.03,1,Yes,4,Yes,1,13773602.7
15664270,€142084.04,4,No,6,No,1,12787563.6
15731519,€0.0,2,No,5,No,0,0
15745623,€112079.58,1,No,4,No,0,10087162.2
15813862,€132044.6,2,Yes,7,Yes,0,11884014
15641934,€66582.81,1,No,9,No,1,5992452.9
15713043,€0.0,2,Yes,6,Yes,0,0
15700749,€0.0,1,Yes,6,Yes,0,0
15697567,€0.0,2,Yes,4,Yes,0,0
15715414,€102895.1,1,No,6,No,0,9260559
15639530,€0.0,1,Yes,2,Yes,0,0
15726058,€117578.35,2,Yes,7,Yes,0,10582051.5
15725665,€198546.1,2,No,10,No,1,17869149
15698872,€0.0,2,No,2,No,0,0
15812184,€0.0,1,No,1,No,0,0
15742609,€116623.31,1,Yes,2,Yes,0,10496097.9
15815043,€0.0,2,No,8,No,0,0
15640648,€0.0,2,Yes,6,Yes,0,0
15627203,€0.0,1,Yes,10,Yes,0,0
15786196,€105770.7,3,No,3,No,1,9519363
15612095,€0.0,1,No,9,No,1,0
15674368,€94435.45,2,Yes,1,Yes,0,8499190.5
15783477,€112889.91,1,Yes,8,Yes,0,10160091.9
15757559,€0.0,2,No,7,No,1,0
15591036,€127940.47,1,No,3,No,1,11514642.3
15761241,€129745.1,1,Yes,8,Yes,0,11677059
15695078,€0.0,2,Yes,3,Yes,0,0
15645744,€0.0,2,Yes,5,Yes,0,0
15566988,€141535.52,1,No,7,No,1,12738196.8
15749300,€139914.27,1,Yes,2,Yes,0,12592284.3
15594340,€120243.49,1,No,4,No,1,10821914.1
15607065,€91835.16,1,No,9,No,0,8265164.4
15778089,€0.0,2,No,2,No,0,0
15773723,€67178.19,1,Yes,9,Yes,1,6046037.1
15697035,€0.0,2,No,8,No,0,0
15679668,€115378.94,1,Yes,7,Yes,0,10384104.6
15709861,€127786.28,2,Yes,4,Yes,0,11500765.2
15791958,€0.0,2,Yes,6,Yes,1,0
15791030,€64900.32,2,No,0,No,0,5841028.8
15695339,€109172.88,1,No,0,No,1,9825559.2
15658813,€0.0,2,Yes,7,Yes,0,0
15715709,€114091.38,1,Yes,4,Yes,0,10268224.2
15722533,€0.0,2,Yes,3,Yes,0,0
15683118,€0.0,2,No,9,No,0,0
15672798,€145933.27,1,Yes,7,Yes,0,13133994.3
15680112,€131504.73,1,No,7,No,0,11835425.7
15714575,€107926.02,1,Yes,8,Yes,1,9713341.8
15806808,€112281.6,3,No,8,No,1,10105344
15590637,€0.0,2,Yes,7,Yes,0,0
15657535,€0.0,1,Yes,10,Yes,1,0
15696141,€0.0,1,No,7,No,0,0
15811947,€124781.67,1,Yes,0,Yes,0,11230350.3
15649024,€132865.56,1,Yes,9,Yes,1,11957900.4
15594928,€129055.13,1,No,4,No,0,11614961.7
15765532,€96166.88,1,Yes,6,Yes,0,8655019.2
15741719,€165298.12,1,Yes,3,Yes,0,14876830.8
15665629,€0.0,2,No,7,No,0,0
15728917,€120682.53,1,No,6,No,1,10861427.7
15762993,€102773.15,2,Yes,5,Yes,0,9249583.5
15571193,€144386.32,1,Yes,0,Yes,1,12994768.8
15653521,€104449.8,1,Yes,7,Yes,0,9400482
15802220,€137102.65,1,No,6,No,0,12339238.5
15644132,€142475.87,1,Yes,9,Yes,0,12822828.3
15600832,€0.0,1,No,9,No,0,0
15797919,€103195.2,2,No,2,No,0,9287568
15603743,€112070.44,1,Yes,1,Yes,0,10086339.6
15579714,€0.0,2,Yes,7,Yes,0,0
15634295,€96473.59,1,No,1,No,0,8682623.1
15786680,€0.0,2,No,5,No,0,0
15623499,€108437.89,1,No,9,No,1,9759410.1
15691823,€153195.59,1,Yes,5,Yes,0,13787603.1
15809279,€96877.21,1,Yes,8,Yes,0,8718948.9
15758039,€0.0,2,Yes,6,Yes,0,0
15807163,€0.0,1,No,10,No,1,0
15631639,€95452.89,1,Yes,6,Yes,0,8590760.1
15713770,€63873.56,1,No,3,No,0,5748620.4
15698167,€148298.59,2,No,0,No,0,13346873.1
15781710,€0.0,2,No,7,No,0,0
15801296,€143258.85,2,No,7,No,0,12893296.5
15704378,€121342.24,1,Yes,9,Yes,0,10920801.6
15767891,€99152.73,2,No,6,No,0,8923745.7
15640667,€0.0,2,No,4,No,0,0
15702145,€68423.89,1,Yes,7,Yes,0,6158150.1
15679738,€0.0,1,No,8,No,1,0
15636634,€79656.81,1,No,7,No,0,7169112.9
15809227,€0.0,2,Yes,2,Yes,0,0
15601811,€110240.04,1,No,10,No,1,9921603.6
15625494,€125321.84,2,Yes,9,Yes,0,11278965.6
15723737,€0.0,1,No,3,No,0,0
15682955,€84378.9,1,Yes,2,Yes,0,7594101
15758856,€0.0,2,No,7,No,0,0
15746065,€136281.41,2,Yes,10,Yes,0,12265326.9
15783865,€119380.37,1,Yes,5,Yes,0,10744233.3
15745455,€108716.59,2,Yes,4,Yes,0,9784493.1
15583033,€0.0,2,Yes,4,Yes,0,0
15644212,€0.0,2,No,0,No,0,0
15735688,€106596.29,1,No,6,No,0,9593666.1
15658577,€99546.25,3,Yes,10,Yes,1,8959162.5
15606887,€0.0,1,No,5,No,1,0
15783026,€0.0,1,No,2,No,0,0
15579892,€112615.86,1,Yes,7,Yes,0,10135427.4
15802088,€0.0,1,Yes,10,Yes,0,0
15589323,€0.0,2,Yes,9,Yes,0,0
15636395,€0.0,2,No,5,No,0,0
15712772,€75381.15,1,Yes,3,Yes,0,6784303.5
15700937,€0.0,2,Yes,5,Yes,0,0
15766659,€0.0,2,No,5,No,0,0
15814033,€0.0,2,No,1,No,0,0
15783007,€123086.39,1,Yes,1,Yes,1,11077775.1
15654183,€0.0,2,No,3,No,0,0
15609899,€0.0,1,No,4,No,0,0
15747323,€109472.47,1,No,9,No,1,9852522.3
15582591,€155766.05,1,Yes,4,Yes,0,14018944.5
15738835,€101985.81,2,No,7,No,0,9178722.9
15782404,€96019.5,1,No,2,No,0,8641755
15697480,€0.0,2,Yes,7,Yes,0,0
15697045,€0.0,2,Yes,9,Yes,0,0
15781234,€147900.43,1,No,2,No,0,13311038.7
15579891,€100755.66,1,Yes,4,Yes,0,9068009.4
15805690,€0.0,1,No,7,No,1,0
15612139,€83036.05,1,Yes,0,Yes,1,7473244.5
15568834,€125427.37,2,No,6,No,0,11288463.3
15709917,€98202.76,1,No,3,No,0,8838248.4
15718843,€72509.91,1,No,1,No,0,6525891.9
15799494,€140393.65,2,Yes,3,Yes,0,12635428.5
15673439,€142644.64,2,Yes,5,Yes,1,12838017.6
15669011,€23503.31,1,Yes,9,Yes,1,2115297.9
15581388,€145729.71,1,No,8,No,0,13115673.9
15743153,€122295.17,2,Yes,2,Yes,0,11006565.3
15579787,€0.0,2,No,4,No,0,0
15759966,€119799.27,2,No,5,No,0,10781934.3
15601045,€163708.58,2,No,8,No,0,14733772.2
15764021,€61687.33,2,No,1,No,0,5551859.7
15687218,€79144.34,1,Yes,4,Yes,0,7122990.6
15626452,€0.0,2,Yes,5,Yes,0,0
15700964,€104848.68,1,Yes,7,Yes,0,9436381.2
15768887,€0.0,2,Yes,5,Yes,0,0
15735358,€0.0,1,Yes,4,Yes,0,0
15749472,€0.0,1,No,8,No,0,0
15685872,€146652.01,1,Yes,1,Yes,0,13198680.9
15760851,€0.0,2,No,6,No,0,0
15734588,€0.0,2,Yes,0,Yes,0,0
15784594,€130622.34,2,Yes,1,Yes,0,11756010.6
15606435,€187013.13,2,Yes,2,Yes,0,16831181.7
15790247,€0.0,2,Yes,9,Yes,0,0
15676433,€0.0,1,No,6,No,0,0
15625905,€0.0,2,No,0,No,0,0
15626414,€98862.54,1,No,6,No,0,8897628.6
15623220,€0.0,2,No,4,No,0,0
15752857,€98443.14,2,No,1,No,0,8859882.6
15677908,€0.0,2,No,4,No,0,0
15773013,€0.0,1,Yes,0,Yes,1,0
15623972,€123575.51,1,Yes,9,Yes,0,11121795.9
15738627,€0.0,2,Yes,6,Yes,0,0
15643392,€105239.1,1,Yes,4,Yes,0,9471519
15684868,€110993.79,1,No,9,No,1,9989441.1
15627854,€0.0,2,Yes,3,Yes,0,0
15669253,€157691.98,2,No,7,No,1,14192278.2
15758023,€105245.21,1,No,5,No,1,9472068.9
15574558,€0.0,2,Yes,8,Yes,0,0
15635256,€117687.35,1,Yes,7,Yes,0,10591861.5
15680399,€0.0,2,No,2,No,0,0
15674720,€123067.63,1,Yes,7,Yes,1,11076086.7
15580249,€0.0,1,No,0,No,0,0
15675431,€0.0,2,No,6,No,0,0
15698285,€101457.14,1,Yes,4,Yes,0,9131142.6
15810775,€100549.43,2,Yes,2,Yes,0,9049448.7
15678173,€174588.8,2,Yes,4,Yes,0,15712992
15665222,€121161.57,1,No,8,No,0,10904541.3
15803908,€0.0,2,Yes,9,Yes,0,0
15586039,€90063.74,2,Yes,5,Yes,0,8105736.6
15802570,€0.0,2,Yes,5,Yes,0,0
15781451,€134936.97,2,No,3,No,0,12144327.3
15721019,€110495.27,1,No,3,No,0,9944574.3
15738588,€133200.09,1,No,2,No,0,11988008.1
15730657,€82596.8,1,Yes,4,Yes,0,7433712
15739292,€103837.75,1,Yes,9,Yes,0,9345397.5
15725945,€0.0,1,No,2,No,1,0
15813159,€93590.47,1,Yes,8,Yes,1,8423142.3
15636820,€104149.66,1,No,8,No,0,9373469.4
15603880,€114141.64,1,Yes,1,Yes,1,10272747.6
15619494,€117153.0,1,Yes,9,Yes,0,10543770
15596992,€156353.46,1,No,7,No,1,14071811.4
15735025,€175534.78,2,Yes,3,Yes,0,15798130.2
15730759,€135637.0,1,No,9,No,1,12207330
15752912,€0.0,2,No,7,No,0,0
15711316,€0.0,2,Yes,2,Yes,0,0
15738785,€0.0,2,Yes,7,Yes,0,0
15777896,€83415.04,1,Yes,2,Yes,0,7507353.6
15628963,€141859.12,2,Yes,3,Yes,0,12767320.8
15742126,€132767.66,2,Yes,7,Yes,0,11949089.4
15575623,€110635.32,1,No,10,No,0,9957178.8
15741652,€177657.35,1,Yes,8,Yes,0,15989161.5
15738884,€157777.58,1,No,4,No,0,14199982.2
15615050,€107915.94,2,Yes,9,Yes,1,9712434.6
15803005,€86568.75,1,Yes,5,Yes,0,7791187.5
15743498,€137755.76,1,No,9,No,1,12398018.4
15720463,€137262.71,2,No,2,No,0,12353643.9
15588695,€0.0,1,Yes,6,Yes,1,0
15665802,€0.0,2,Yes,6,Yes,0,0
15571144,€0.0,2,Yes,10,Yes,0,0
15750731,€116309.01,1,No,9,No,1,10467810.9
15605134,€131244.65,2,No,0,No,0,11812018.5
15626044,€125155.83,2,Yes,3,Yes,0,11264024.7
15737910,€140691.08,2,No,5,No,0,12662197.2
15761076,€58820.32,2,Yes,3,Yes,0,5293828.8
15710105,€105099.45,1,Yes,3,Yes,1,9458950.5
15577402,€0.0,2,Yes,9,Yes,0,0
15803337,€168372.52,1,No,9,No,0,15153526.8
15654372,€94682.56,2,No,1,No,0,8521430.4
15585867,€0.0,2,Yes,2,Yes,0,0
15662488,€0.0,2,No,5,No,1,0
15604813,€0.0,2,Yes,7,Yes,0,0
15611644,€146329.73,1,Yes,0,Yes,0,13169675.7
15674928,€0.0,2,No,2,No,0,0
15656100,€167962.7,1,No,5,No,0,15116643
15764293,€0.0,2,Yes,1,Yes,0,0
15636423,€0.0,1,Yes,7,Yes,0,0
15607629,€0.0,2,No,8,No,0,0
15577313,€116967.68,1,No,3,No,1,10527091.2
15714493,€0.0,2,Yes,6,Yes,0,0
15643359,€0.0,1,Yes,7,Yes,0,0
15687913,€93244.42,1,Yes,7,Yes,0,8391997.8
15790935,€0.0,2,Yes,5,Yes,0,0
15708693,€0.0,2,No,2,No,0,0
15672016,€0.0,2,Yes,1,Yes,0,0
15727605,€80442.06,2,Yes,4,Yes,0,7239785.4
15651144,€150561.03,2,No,2,No,0,13550492.7
15749401,€0.0,3,Yes,9,Yes,1,0
15691874,€125474.44,1,No,9,No,0,11292699.6
15620735,€127076.68,2,No,4,No,0,11436901.2
15769781,€0.0,2,Yes,8,Yes,0,0
15624611,€128650.11,2,Yes,8,Yes,0,11578509.9
15773071,€145580.61,1,Yes,6,Yes,0,13102254.9
15720371,€0.0,1,No,3,No,1,0
15717984,€144900.58,1,No,9,No,1,13041052.2
15806407,€0.0,2,No,4,No,0,0
15785042,€97588.6,1,No,8,No,0,8782974
15809302,€0.0,2,Yes,1,Yes,0,0
15677550,€0.0,2,No,1,No,0,0
15654096,€122200.31,2,No,10,No,0,10998027.9
15617320,€151709.33,1,No,3,No,0,13653839.7
15653065,€0.0,2,No,7,No,0,0
15649112,€122134.4,2,Yes,3,Yes,0,10992096
15690526,€137260.45,2,No,2,No,0,12353440.5
15806945,€88594.14,1,No,9,No,0,7973472.6
15670066,€0.0,2,Yes,6,Yes,0,0
15625761,€127205.32,4,No,8,No,1,11448478.8
15761525,€96997.09,2,No,10,No,0,8729738.1
15735080,€0.0,1,Yes,2,Yes,0,0
15619537,€142200.19,2,Yes,5,Yes,0,12798017.1
15598162,€160761.41,1,Yes,3,Yes,0,14468526.9
15694300,€0.0,2,No,4,No,0,0
15637235,€0.0,2,No,8,No,0,0
15612444,€0.0,2,No,3,No,0,0
15626457,€116234.61,1,No,0,No,0,10461114.9
15627995,€155143.52,1,Yes,5,Yes,1,13962916.8
15706128,€0.0,2,No,1,No,0,0
15666430,€0.0,2,No,8,No,0,0
15627385,€84009.47,1,Yes,5,Yes,0,7560852.3
15581323,€139246.22,2,No,7,No,0,12532159.8
15608109,€170113.0,2,Yes,7,Yes,0,15310170
15801942,€0.0,3,Yes,8,Yes,1,0
15567431,€145578.28,1,Yes,2,Yes,0,13102045.2
15810167,€126273.95,1,Yes,7,Yes,0,11364655.5
15644501,€162482.76,1,Yes,10,Yes,0,14623448.4
15785290,€0.0,1,No,9,No,0,0
15611157,€87814.89,1,No,2,No,0,7903340.1
15673837,€113858.95,1,Yes,3,Yes,0,10247305.5
15656822,€87612.64,4,Yes,5,Yes,1,7885137.6
15580560,€0.0,1,Yes,1,Yes,0,0
15760641,€106648.98,1,Yes,1,Yes,0,9598408.2
15587584,€0.0,2,Yes,4,Yes,0,0
15604146,€103653.51,2,Yes,8,Yes,0,9328815.9
15813974,€116880.53,1,No,3,No,1,10519247.7
15746986,€97990.49,2,No,4,No,0,8819144.1
15759741,€150635.3,1,Yes,4,Yes,0,13557177
15734892,€0.0,2,Yes,4,Yes,0,0
15797194,€129674.89,2,No,10,No,0,11670740.1
15723786,€0.0,2,No,9,No,0,0
15642726,€83568.26,1,No,3,No,0,7521143.4
15664339,€178144.91,2,No,4,No,1,16033041.9
15754526,€147137.74,1,Yes,6,Yes,0,13242396.6
15703037,€0.0,1,Yes,5,Yes,1,0
15751412,€114370.41,1,Yes,3,Yes,0,10293336.9
15609558,€108289.28,2,Yes,5,Yes,1,9746035.2
15572408,€149887.49,2,No,3,No,0,13489874.1
15613923,€170172.9,1,Yes,4,Yes,0,15315561
15747000,€0.0,2,Yes,3,Yes,0,0
15731781,€0.0,2,No,7,No,0,0
15727198,€64808.32,2,No,2,No,0,5832748.8
15794273,€62732.65,1,Yes,0,Yes,0,5645938.5
15804950,€0.0,2,Yes,7,Yes,0,0
15576304,€95167.55,1,Yes,5,Yes,0,8565079.5
15645200,€152508.99,1,No,2,No,1,13725809.1
15779627,€134644.19,1,Yes,0,Yes,0,12117977.1
15750755,€0.0,2,No,8,No,0,0
15569654,€51293.47,1,No,3,No,0,4616412.3
15753079,€0.0,3,No,5,No,0,0
15684995,€116622.73,1,Yes,8,Yes,0,10496045.7
15790763,€0.0,2,No,2,No,0,0
15766458,€198113.86,1,No,1,No,0,17830247.4
15616221,€85646.81,1,No,4,No,1,7708212.9
15776124,€0.0,1,Yes,7,Yes,0,0
15665811,€141234.98,1,No,9,No,0,12711148.2
15729804,€0.0,2,Yes,10,Yes,0,0
15714062,€77641.99,1,No,9,No,1,6987779.1
15592197,€0.0,2,No,3,No,0,0
15793116,€117304.29,1,No,7,No,0,10557386.1
15638231,€0.0,2,Yes,2,Yes,0,0
15697678,€92340.69,2,Yes,6,Yes,0,8310662.1
15800412,€146780.52,2,Yes,9,Yes,0,13210246.8
15597610,€144974.55,1,Yes,6,Yes,0,13047709.5
15726634,€0.0,1,No,1,No,0,0
15670866,€0.0,2,Yes,2,Yes,0,0
15667462,€0.0,2,No,10,No,0,0
15662574,€115137.26,1,No,1,No,0,10362353.4
15716926,€101952.97,2,No,10,No,0,9175767.3
15603554,€164649.52,3,No,0,No,1,14818456.8
15716800,€0.0,2,Yes,2,Yes,0,0
15679429,€91956.49,1,Yes,0,Yes,0,8276084.1
15616122,€0.0,2,Yes,8,Yes,0,0
15742172,€123938.6,2,No,9,No,0,11154474
15792305,€123571.77,3,Yes,6,Yes,1,11121459.3
15636016,€120777.88,1,Yes,3,Yes,0,10870009.2
15733138,€90248.79,1,Yes,5,Yes,0,8122391.1
15669741,€0.0,1,No,7,No,0,0
15616954,€0.0,2,Yes,4,Yes,0,0
15729238,€106396.48,1,Yes,1,Yes,1,9575683.2
15718242,€104887.43,1,No,1,No,1,9439868.7
15682914,€72079.71,1,Yes,2,Yes,0,6487173.9
15654274,€0.0,2,No,6,No,0,0
15691457,€0.0,2,Yes,2,Yes,0,0
15719649,€99844.68,1,No,3,No,0,8986021.2
15778897,€0.0,2,Yes,1,Yes,0,0
15589437,€156815.71,1,Yes,3,Yes,0,14113413.9
15682369,€146034.74,1,Yes,6,Yes,0,13143126.6
15626507,€152283.39,1,No,1,No,0,13705505.1
15571995,€118897.1,2,Yes,1,Yes,0,10700739
15673333,€96781.39,1,Yes,8,Yes,0,8710325.1
15748752,€102772.67,2,No,1,No,0,9249540.3
15725302,€0.0,2,No,4,No,0,0
15722083,€0.0,2,No,8,No,0,0
15771442,€150578.0,1,Yes,4,Yes,1,13552020
15803633,€0.0,2,No,1,No,0,0
15672185,€0.0,2,No,3,No,0,0
15806486,€0.0,2,No,0,No,0,0
15570895,€163548.07,1,No,10,No,0,14719326.3
15614520,€148580.12,1,No,8,No,0,13372210.8
15687492,€96709.07,2,No,3,No,0,8703816.3
15675337,€106011.59,1,Yes,5,Yes,1,9541043.1
15721047,€135650.88,1,No,1,No,0,12208579.2
15589017,€111362.76,3,No,4,No,1,10022648.4
15611186,€39344.83,1,Yes,1,Yes,1,3541034.7
15617301,€130809.77,1,No,9,No,0,11772879.3
15726046,€133009.51,1,No,2,No,0,11970855.9
15585748,€135337.49,2,Yes,9,Yes,0,12180374.1
15672826,€112536.57,2,Yes,10,Yes,0,10128291.3
15595162,€122570.69,1,No,8,No,0,11031362.1
15650026,€63562.02,2,Yes,1,Yes,1,5720581.8
15745826,€0.0,2,Yes,3,Yes,0,0
15708610,€100368.63,2,No,9,No,0,9033176.7
15624471,€0.0,2,No,6,No,0,0
15590097,€136082.0,1,No,7,No,0,12247380
15689328,€114169.16,1,No,9,No,1,10275224.4
15582154,€47884.92,1,Yes,5,Yes,0,4309642.8
15734626,€0.0,2,Yes,1,Yes,0,0
15702806,€0.0,1,No,9,No,0,0
15620756,€202904.64,1,Yes,6,Yes,1,18261417.6
15611331,€0.0,1,Yes,1,Yes,1,0
15576935,€161807.18,2,Yes,2,Yes,1,14562646.2
15661275,€110791.97,1,No,3,No,1,9971277.3
15814940,€0.0,2,Yes,9,Yes,0,0
15768471,€108755.0,1,No,6,No,1,9787950
15697391,€0.0,2,No,3,No,0,0
15793346,€0.0,2,Yes,3,Yes,0,0
15608338,€117294.12,4,No,9,No,1,10556470.8
15578546,€102251.14,1,Yes,4,Yes,0,9202602.6
15656921,€0.0,2,No,4,No,0,0
15761340,€0.0,2,Yes,5,Yes,0,0
15591135,€132057.92,2,No,2,No,0,11885212.8
15623219,€0.0,1,No,8,No,1,0
15655229,€114285.2,1,Yes,7,Yes,0,10285668
15805884,€0.0,2,No,9,No,0,0
15668289,€76087.98,1,Yes,2,Yes,0,6847918.2
15568562,€160272.27,1,No,8,No,0,14424504.3
15773276,€114552.6,1,No,4,No,1,10309734
15622801,€102000.17,1,Yes,8,Yes,0,9180015.3
15779886,€0.0,2,No,7,No,0,0
15713673,€137853.0,1,Yes,1,Yes,0,12406770
15783083,€0.0,2,No,9,No,0,0
15742824,€162318.61,1,No,7,No,0,14608674.9
15621550,€140292.58,3,No,1,No,1,12626332.2
15799480,€0.0,2,Yes,0,Yes,0,0
15625247,€0.0,1,No,1,No,0,0
15755241,€0.0,1,Yes,2,Yes,1,0
15575679,€126431.54,1,No,7,No,0,11378838.6
15668235,€123475.04,1,Yes,3,Yes,0,11112753.6
15683183,€97652.96,1,No,6,No,0,8788766.4
15684592,€0.0,2,Yes,4,Yes,0,0
15591169,€137455.99,1,No,4,No,1,12371039.1
15653455,€0.0,2,Yes,2,Yes,0,0
15732563,€99046.31,2,Yes,7,Yes,0,8914167.9
15656471,€0.0,2,Yes,9,Yes,0,0
15598510,€105907.42,2,Yes,4,Yes,0,9531667.8
15766427,€97720.35,2,No,5,No,1,8794831.5
15785342,€0.0,2,Yes,9,Yes,0,0
15641595,€97392.18,2,No,4,No,0,8765296.2
15798429,€0.0,2,Yes,8,Yes,0,0
15648136,€152812.58,1,No,9,No,0,13753132.2
15812482,€139301.68,1,No,3,No,0,12537151.2
15790810,€76319.64,1,Yes,10,Yes,1,6868767.6
15687421,€125919.35,1,No,9,No,1,11332741.5
15765643,€124348.38,2,Yes,6,Yes,0,11191354.2
15654878,€117199.8,1,Yes,7,Yes,0,10547982
15686835,€148384.64,1,No,9,No,1,13354617.6
15768340,€113905.48,1,Yes,3,Yes,0,10251493.2
15673599,€133476.09,1,Yes,5,Yes,0,12012848.1
15689096,€117879.32,1,Yes,0,Yes,0,10609138.8
15684294,€0.0,2,Yes,2,Yes,0,0
15615828,€122359.5,1,No,8,No,0,11012355
15746012,€0.0,2,Yes,0,Yes,1,0
15615797,€108585.35,1,Yes,5,Yes,1,9772681.5
15788494,€145875.74,1,No,8,No,0,13128816.6
15793856,€121542.57,2,Yes,3,Yes,0,10938831.3
15629545,€109508.68,1,No,7,No,0,9855781.2
15661198,€146407.11,1,Yes,2,Yes,0,13176639.9
15715117,€0.0,1,No,6,No,0,0
15701074,€112330.83,1,Yes,8,Yes,0,10109774.7
15793046,€90413.12,1,Yes,4,Yes,0,8137180.8
15623744,€105302.66,1,Yes,8,Yes,0,9477239.4
15611329,€0.0,2,Yes,6,Yes,0,0
15740428,€0.0,2,No,1,No,0,0
15781534,€121520.36,1,No,4,No,0,10936832.4
15618243,€103960.38,1,Yes,1,Yes,0,9356434.2
15784161,€102945.01,1,No,8,No,0,9265050.9
15700325,€92760.55,1,No,8,No,0,8348449.5
15659064,€0.0,2,Yes,8,Yes,0,0
15658364,€134590.21,1,Yes,1,Yes,0,12113118.9
15704340,€104255.03,1,No,10,No,0,9382952.7
15793455,€0.0,1,No,6,No,1,0
15579777,€0.0,2,No,3,No,0,0
15632345,€0.0,2,No,4,No,0,0
15814468,€121399.98,1,Yes,1,Yes,1,10925998.2
15754820,€147127.81,2,Yes,8,Yes,0,13241502.9
15707505,€125927.51,2,No,8,No,0,11333475.9
15699507,€0.0,2,Yes,7,Yes,0,0
15799600,€111599.32,1,Yes,1,Yes,0,10043938.8
15794472,€0.0,2,No,3,No,0,0
15646632,€0.0,2,No,9,No,0,0
15676353,€114212.6,1,Yes,8,Yes,0,10279134
15566312,€0.0,3,Yes,5,Yes,1,0
15570414,€115251.64,1,No,4,No,0,10372647.6
15776743,€0.0,2,Yes,9,Yes,0,0
15674637,€107571.61,1,Yes,3,Yes,0,9681444.9
15730418,€0.0,2,No,2,No,0,0
15739972,€152367.21,3,No,9,No,1,13713048.9
15661591,€130969.77,2,Yes,1,Yes,0,11787279.3
15675585,€97738.97,2,Yes,0,Yes,0,8796507.3
15814750,€0.0,2,Yes,8,Yes,0,0
15593454,€113794.22,1,No,4,No,0,10241479.8
15663421,€128396.33,2,No,6,No,0,11555669.7
15576196,€118207.69,2,No,5,No,1,10638692.1
15677324,€124730.26,1,Yes,9,Yes,0,11225723.4
15568742,€0.0,1,No,9,No,0,0
15693764,€136298.65,1,No,0,No,1,12266878.5
15714260,€0.0,2,No,2,No,0,0
15798200,€0.0,3,Yes,2,Yes,0,0
15656627,€0.0,2,Yes,5,Yes,0,0
15791111,€125724.95,2,No,2,No,0,11315245.5
15638269,€0.0,2,Yes,2,Yes,0,0
15807473,€0.0,2,Yes,1,Yes,0,0
15708534,€0.0,1,No,5,No,1,0
15640686,€95872.86,1,No,5,No,1,8628557.4
15588904,€0.0,1,No,9,No,1,0
15768763,€0.0,1,Yes,2,Yes,1,0
15770543,€74260.03,1,No,7,No,0,6683402.7
15642162,€123407.69,1,No,1,No,1,11106692.1
15714046,€123783.91,2,Yes,3,Yes,0,11140551.9
15575060,€0.0,2,No,5,No,0,0
15812040,€153880.15,1,No,6,No,0,13849213.5
15812073,€0.0,2,Yes,7,Yes,0,0
15706810,€106301.85,2,Yes,1,Yes,0,9567166.5
15584090,€0.0,2,Yes,7,Yes,1,0
15810807,€0.0,2,No,9,No,0,0
15582033,€138076.47,1,No,3,No,1,12426882.3
15687607,€135422.31,1,Yes,9,Yes,0,12188007.9
15588406,€0.0,2,No,7,No,0,0
15784099,€126875.62,1,No,5,No,0,11418805.8
15701352,€96381.68,2,No,3,No,0,8674351.2
15789371,€119703.1,2,Yes,4,Yes,0,10773279
15602845,€152102.18,2,No,2,No,0,13689196.2
15707918,€127675.39,2,No,0,No,0,11490785.1
15602812,€133776.86,2,Yes,2,Yes,0,12039917.4
15675888,€72788.03,1,Yes,9,Yes,0,6550922.7
15591822,€76226.9,1,No,9,No,0,6860421
15738501,€163630.76,1,Yes,9,Yes,1,14726768.4
15585907,€0.0,2,No,5,No,0,0
15579040,€0.0,2,No,10,No,0,0
15804211,€155423.17,1,Yes,3,Yes,0,13988085.3
15736126,€98710.89,1,Yes,0,Yes,1,8883980.1
15745399,€0.0,1,No,2,No,1,0
15760749,€126683.8,1,Yes,7,Yes,0,11401542
15637118,€140700.61,1,No,4,No,0,12663054.9
15657829,€168078.83,1,No,8,No,1,15127094.7
15738497,€107726.93,2,No,4,No,0,9695423.7
15690695,€0.0,2,Yes,9,Yes,0,0
15762351,€0.0,2,Yes,1,Yes,0,0
15791172,€35741.69,1,No,1,No,0,3216752.1
15598982,€98268.84,1,Yes,5,Yes,1,8844195.6
15734765,€133800.98,1,Yes,4,Yes,0,12042088.2
15642912,€125682.79,1,No,2,No,0,11311451.1
15769516,€0.0,2,No,9,No,0,0
15789379,€130428.78,1,No,6,No,0,11738590.2
15695103,€0.0,2,Yes,6,Yes,0,0
15801924,€0.0,2,No,8,No,0,0
15767804,€0.0,2,No,6,No,0,0
15718039,€137138.2,2,Yes,0,Yes,0,12342438
15579994,€73112.95,1,Yes,8,Yes,0,6580165.5
15595037,€152347.01,1,Yes,9,Yes,0,13711230.9
15600720,€115144.68,1,No,8,No,0,10363021.2
15782608,€0.0,2,No,5,No,1,0
15566894,€137817.52,1,No,3,No,0,12403576.8
15749123,€157332.26,1,No,7,No,0,14159903.4
15668943,€0.0,2,No,2,No,0,0
15577423,€124586.93,1,No,5,No,1,11212823.7
15623102,€116980.78,2,Yes,6,Yes,0,10528270.2
15728012,€128398.38,1,No,3,No,0,11555854.2
15683363,€0.0,1,Yes,1,Yes,0,0
15699335,€137657.25,2,Yes,3,Yes,0,12389152.5
15574369,€167259.44,1,Yes,5,Yes,0,15053349.6
15703167,€0.0,2,No,8,No,0,0
15754874,€119009.57,1,No,4,No,0,10710861.3
15723216,€80002.33,1,Yes,2,Yes,0,7200209.7
15725094,€140211.88,1,Yes,4,Yes,0,12619069.2
15647974,€118742.74,2,No,3,No,0,10686846.6
15583371,€138207.08,1,No,1,No,1,12438637.2
15772559,€148636.21,1,Yes,10,Yes,1,13377258.9
15711251,€178827.79,1,No,1,No,0,16094501.1
15719212,€83134.3,1,No,5,No,0,7482087
15764927,€121513.31,1,Yes,3,Yes,0,10936197.9
15731412,€95900.04,1,Yes,6,Yes,0,8631003.6
15719170,€112543.42,1,Yes,1,Yes,0,10128907.8
15596011,€0.0,1,Yes,9,Yes,0,0
15614834,€141751.82,1,Yes,3,Yes,0,12757663.8
15600510,€124140.57,2,No,6,No,0,11172651.3
15625706,€116546.59,2,No,2,No,1,10489193.1
15781409,€0.0,1,No,6,No,0,0
15722583,€157576.47,2,Yes,6,Yes,0,14181882.3
15677243,€0.0,2,No,5,No,0,0
15815070,€141428.99,2,No,5,No,0,12728609.1
15705899,€127510.99,1,Yes,0,Yes,0,11475989.1
15701522,€0.0,2,Yes,9,Yes,0,0
15755978,€0.0,2,No,10,No,0,0
15722090,€81818.49,1,Yes,6,Yes,0,7363664.1
15783526,€100895.54,1,Yes,1,Yes,0,9080598.6
15632125,€63832.43,1,Yes,5,Yes,0,5744918.7
15688395,€0.0,2,No,4,No,0,0
15666975,€116085.06,1,No,4,No,0,10447655.4
15682211,€0.0,2,Yes,1,Yes,0,0
15637411,€0.0,2,Yes,1,Yes,0,0
15591512,€115761.51,1,Yes,2,Yes,1,10418535.9
15606855,€0.0,2,Yes,6,Yes,0,0
15763683,€139626.01,1,Yes,4,Yes,1,12566340.9
15641782,€0.0,1,Yes,7,Yes,1,0
15677184,€115576.44,1,Yes,6,Yes,0,10401879.6
15775042,€0.0,2,No,4,No,0,0
15616630,€77647.6,1,No,5,No,0,6988284
15800233,€0.0,2,No,5,No,0,0
15588419,€148962.46,1,No,10,No,1,13406621.4
15595557,€0.0,2,No,8,No,0,0
15626143,€0.0,2,Yes,2,Yes,0,0
15566030,€80542.81,1,No,5,No,1,7248852.9
15701412,€0.0,2,No,4,No,0,0
15702464,€0.0,2,No,4,No,0,0
15573348,€102050.47,1,Yes,9,Yes,0,9184542.3
15704160,€0.0,1,No,5,No,1,0
15693704,€114948.76,2,Yes,6,Yes,0,10345388.4
15664752,€136000.45,2,No,8,No,0,12240040.5
15628292,€156001.68,2,Yes,4,Yes,0,14040151.2
15621195,€147974.16,2,No,3,No,0,13317674.4
15668629,€0.0,2,No,2,No,0,0
15635197,€90402.77,1,Yes,5,Yes,0,8136249.3
15592761,€0.0,2,No,5,No,0,0
15574283,€0.0,2,Yes,2,Yes,0,0
15598097,€0.0,2,No,9,No,0,0
15711352,€162701.65,2,Yes,3,Yes,0,14643148.5
15620751,€0.0,2,No,2,No,0,0
15656717,€0.0,2,No,6,No,0,0
15643121,€82453.96,2,No,5,No,0,7420856.4
15723671,€100107.99,1,No,9,No,0,9009719.1
15752846,€0.0,2,Yes,7,Yes,0,0
15640852,€83348.89,3,No,5,No,1,7501400.1
15789313,€96553.52,2,No,4,No,1,8689816.8
15793688,€201009.64,1,No,9,No,1,18090867.6
15770405,€125167.74,1,No,5,No,0,11265096.6
15702561,€0.0,1,Yes,9,Yes,0,0
15625964,€153313.67,1,No,5,No,0,13798230.3
15761364,€0.0,2,No,9,No,0,0
15590286,€125879.29,1,No,2,No,0,11329136.1
15587978,€170057.62,1,Yes,6,Yes,0,15305185.8
15773242,€0.0,2,Yes,1,Yes,0,0
15761053,€131326.47,1,No,2,No,1,11819382.3
15702095,€128472.8,1,No,1,No,1,11562552
15764253,€160485.16,1,No,6,No,0,14443664.4
15700801,€84445.68,3,Yes,6,Yes,1,7600111.2
15730590,€115409.18,2,No,1,No,0,10386826.2
15643916,€62400.48,1,Yes,8,Yes,1,5616043.2
15720636,€143054.56,1,Yes,4,Yes,1,12874910.4
15795429,€133628.09,2,Yes,7,Yes,0,12026528.1
15609254,€107135.04,2,Yes,9,Yes,0,9642153.6
15625141,€0.0,2,No,7,No,0,0
15810898,€151659.52,2,Yes,2,Yes,0,13649356.8
15775797,€0.0,3,Yes,7,Yes,0,0
15795246,€155903.82,2,Yes,9,Yes,0,14031343.8
15795275,€82940.25,2,No,4,No,1,7464622.5
15571869,€112650.89,1,No,4,No,1,10138580.1
15694143,€0.0,1,No,10,No,0,0
15748231,€95853.39,2,No,4,No,0,8626805.1
15632185,€82228.67,2,No,1,No,0,7400580.3
15806249,€0.0,2,Yes,4,Yes,0,0
15743293,€163700.78,3,Yes,1,Yes,1,14733070.2
15598157,€106328.08,1,No,4,No,0,9569527.2
15700946,€152992.91,1,Yes,7,Yes,0,13769361.9
15722692,€116439.65,1,No,3,No,0,10479568.5
15696506,€101352.78,1,No,9,No,0,9121750.2
15728823,€0.0,2,No,10,No,0,0
15808851,€105609.17,1,Yes,9,Yes,0,9504825.3
15675231,€0.0,2,Yes,8,Yes,0,0
15732299,€0.0,3,Yes,4,Yes,0,0
15706269,€103894.38,2,Yes,8,Yes,0,9350494.2
15590078,€139834.93,1,Yes,9,Yes,0,12585143.7
15776985,€112518.71,2,Yes,6,Yes,0,10126683.9
15756743,€115895.42,1,No,7,No,0,10430587.8
15782364,€146408.68,1,No,3,No,0,13176781.2
15604093,€165363.31,2,Yes,4,Yes,1,14882697.9
15749328,€0.0,2,No,1,No,1,0
15656322,€71843.15,1,No,3,No,0,6465883.5
15685564,€105492.53,1,Yes,5,Yes,0,9494327.7
15785831,€183027.25,1,Yes,7,Yes,0,16472452.5
15796218,€131968.57,2,Yes,1,Yes,0,11877171.3
15716218,€104118.5,1,Yes,3,Yes,0,9370665
15572735,€0.0,2,Yes,2,Yes,0,0
15633840,€125023.1,2,Yes,0,Yes,0,11252079
15608760,€74323.2,1,Yes,4,Yes,0,6689088
15627848,€109346.13,2,No,7,No,0,9841151.7
15792029,€0.0,2,No,6,No,0,0
15617331,€109698.41,1,Yes,3,Yes,1,9872856.9
15651740,€0.0,2,Yes,5,Yes,0,0
15636407,€127758.09,1,No,5,No,0,11498228.1
15607526,€102645.48,1,No,1,No,1,9238093.2
15632576,€93249.4,1,No,4,No,0,8392446
15581505,€0.0,2,No,5,No,0,0
15612207,€87779.83,1,Yes,1,Yes,1,7900184.7
15707242,€0.0,2,No,5,No,0,0
15721937,€138131.34,1,Yes,0,Yes,0,12431820.6
15773852,€70362.52,2,Yes,4,Yes,0,6332626.8
15719778,€0.0,2,No,1,No,0,0
15650538,€168286.58,1,No,7,No,1,15145792.2
15797475,€86102.27,1,No,3,No,1,7749204.3
15780359,€115142.9,1,Yes,4,Yes,0,10362861
15737104,€126597.89,2,Yes,0,Yes,1,11393810.1
15789936,€0.0,2,No,2,No,0,0
15709523,€157989.21,2,Yes,0,Yes,0,14219028.9
15593425,€187997.15,1,No,1,No,1,16919743.5
15776725,€172192.49,1,Yes,8,Yes,0,15497324.1
15604706,€133105.47,1,No,1,No,1,11979492.3
15790958,€0.0,2,Yes,4,Yes,0,0
15747534,€0.0,1,No,10,No,1,0
15574237,€0.0,2,Yes,8,Yes,0,0
15690332,€192407.97,1,Yes,3,Yes,0,17316717.3
15661290,€107199.75,1,No,9,No,0,9647977.5
15651883,€115796.7,1,No,6,No,1,10421703
15808905,€164858.18,1,Yes,5,Yes,0,14837236.2
15715532,€117633.28,1,Yes,4,Yes,0,10586995.2
15786078,€0.0,2,No,9,No,0,0
15652401,€0.0,2,No,7,No,0,0
15673074,€126663.51,1,Yes,6,Yes,0,11399715.9
15598744,€140273.47,1,Yes,6,Yes,1,12624612.3
15785975,€0.0,2,Yes,7,Yes,0,0
15613180,€153344.72,1,Yes,8,Yes,0,13801024.8
15584229,€123943.18,1,Yes,9,Yes,0,11154886.2
15773804,€0.0,1,No,5,No,0,0
15699515,€98630.31,2,Yes,7,Yes,0,8876727.9
15705313,€58036.33,1,Yes,2,Yes,0,5223269.7
15693817,€0.0,2,No,5,No,0,0
15673790,€109200.74,2,Yes,7,Yes,0,9828066.6
15674868,€0.0,2,Yes,0,Yes,0,0
15692110,€0.0,1,No,7,No,0,0
15645904,€0.0,2,Yes,6,Yes,0,0
15581332,€83173.98,2,Yes,1,Yes,0,7485658.2
15808544,€0.0,1,No,3,No,1,0
15734948,€0.0,2,No,7,No,0,0
15654531,€82559.42,2,No,5,No,1,7430347.8
15637774,€73494.21,1,No,5,No,0,6614478.9
15677141,€132450.24,1,Yes,2,Yes,0,11920521.6
15739578,€128663.9,1,No,6,No,1,11579751
15697360,€79951.9,1,Yes,2,Yes,1,7195671
15655213,€132508.3,1,Yes,8,Yes,1,11925747
15580872,€120530.13,2,No,1,No,0,10847711.7
15683213,€74988.59,2,Yes,10,Yes,0,6748973.1
15801188,€94722.88,1,Yes,6,Yes,0,8525059.2
15645029,€0.0,2,No,5,No,0,0
15633181,€71269.89,2,Yes,6,Yes,0,6414290.1
15598259,€98612.1,1,No,9,No,0,8875089
15576000,€138033.55,1,Yes,6,Yes,0,12423019.5
15766047,€91621.69,1,Yes,2,Yes,0,8245952.1
15596339,€140014.42,1,Yes,3,Yes,0,12601297.8
15715199,€126815.97,2,Yes,5,Yes,0,11413437.3
15615938,€139663.37,1,Yes,3,Yes,0,12569703.3
15679991,€0.0,2,Yes,7,Yes,0,0
15626135,€165312.27,1,No,1,No,0,14878104.3
15792934,€0.0,2,No,8,No,0,0
15744046,€0.0,2,Yes,8,Yes,0,0
15700826,€123699.28,2,Yes,1,Yes,0,11132935.2
15756301,€97325.15,1,Yes,3,Yes,0,8759263.5
15586517,€97041.16,1,Yes,5,Yes,0,8733704.4
15751297,€0.0,2,No,5,No,0,0
15710365,€104129.24,2,No,0,No,1,9371631.6
15679307,€0.0,1,Yes,1,Yes,0,0
15610753,€104367.5,1,Yes,3,Yes,0,9393075
15811036,€135369.71,1,Yes,7,Yes,0,12183273.9
15610912,€112119.48,1,No,6,No,0,10090753.2
15619932,€123760.68,1,Yes,7,Yes,0,11138461.2
15746199,€0.0,1,Yes,6,Yes,1,0
15584967,€0.0,2,Yes,6,Yes,0,0
15734365,€0.0,2,Yes,5,Yes,0,0
15726960,€0.0,2,Yes,3,Yes,0,0
15665177,€0.0,2,Yes,3,Yes,0,0
15779915,€0.0,1,No,5,No,0,0
15729110,€0.0,2,No,7,No,1,0
15575399,€152160.21,2,No,1,No,0,13694418.9
15678374,€0.0,2,Yes,5,Yes,0,0
15792679,€0.0,2,Yes,2,Yes,0,0
15668767,€0.0,2,No,3,No,0,0
15761886,€172381.8,1,Yes,4,Yes,0,15514362
15583076,€106116.56,2,No,6,No,0,9550490.4
15815615,€141952.07,1,Yes,5,Yes,0,12775686.3
15591942,€0.0,2,Yes,7,Yes,0,0
15724924,€138497.84,1,Yes,6,Yes,0,12464805.6
15762123,€0.0,2,No,1,No,0,0
15567893,€124213.36,2,No,3,No,0,11179202.4
15648989,€126872.6,1,No,4,No,0,11418534
15662021,€0.0,2,No,2,No,0,0
15691627,€0.0,1,Yes,8,Yes,0,0
15731751,€120923.52,1,Yes,1,Yes,0,10883116.8
15635277,€142643.54,1,No,7,No,0,12837918.6
15655252,€79857.64,1,Yes,10,Yes,0,7187187.6
15803941,€95502.21,1,No,10,No,0,8595198.9
15714380,€0.0,2,No,5,No,0,0
15666559,€197715.93,2,Yes,8,Yes,0,17794433.7
15799998,€85859.76,1,No,8,No,0,7727378.4
15703763,€85304.27,1,Yes,7,Yes,0,7677384.3
15795640,€132371.3,2,No,1,No,0,11913417
15780056,€0.0,1,No,4,No,0,0
15777873,€0.0,1,No,5,No,1,0
15584749,€79896.0,1,No,4,No,0,7190640
15765258,€0.0,2,Yes,5,Yes,0,0
15623346,€0.0,2,No,4,No,0,0
15614054,€0.0,2,Yes,1,Yes,0,0
15766185,€146587.3,1,Yes,4,Yes,0,13192857
15667632,€0.0,2,Yes,7,Yes,0,0
15599024,€0.0,2,Yes,8,Yes,0,0
15798709,€109109.33,1,Yes,3,Yes,0,9819839.7
15741921,€0.0,2,Yes,8,Yes,0,0
15793671,€0.0,1,No,5,No,0,0
15797900,€142147.32,1,No,9,No,1,12793258.8
15667932,€0.0,2,Yes,10,Yes,0,0
15795933,€0.0,2,Yes,3,Yes,0,0
15660403,€0.0,2,Yes,0,Yes,0,0
15736299,€109106.8,1,No,8,No,0,9819612
15759034,€112262.84,1,No,2,No,0,10103655.6
15724663,€0.0,2,No,5,No,0,0
15594556,€0.0,2,Yes,8,Yes,0,0
15737169,€144238.7,1,Yes,8,Yes,0,12981483
15632472,€159397.75,1,Yes,1,Yes,0,14345797.5
15722813,€125385.01,1,No,4,No,0,11284650.9
15588450,€69365.25,1,Yes,8,Yes,0,6242872.5
15736717,€155271.83,1,Yes,7,Yes,0,13974464.7
15680683,€197200.04,2,No,5,No,0,17748003.6
15710316,€144837.79,1,Yes,5,Yes,0,13035401.1
15746333,€0.0,3,No,3,No,1,0
15606861,€0.0,2,No,8,No,0,0
15641285,€163085.79,1,Yes,3,Yes,0,14677721.1
15662908,€125903.22,2,Yes,7,Yes,0,11331289.8
15814267,€154377.3,1,Yes,6,Yes,0,13893957
15614923,€107511.52,1,Yes,7,Yes,0,9676036.8
15579223,€127406.5,1,No,8,No,0,11466585
15651389,€143656.55,1,Yes,8,Yes,0,12929089.5
15677087,€138106.75,1,No,5,No,0,12429607.5
15665784,€128940.24,1,No,9,No,0,11604621.6
15576706,€114453.58,1,Yes,9,Yes,0,10300822.2
15615473,€0.0,2,No,2,No,0,0
15587299,€0.0,1,No,3,No,0,0
15655389,€131762.94,1,Yes,1,Yes,0,11858664.6
15784491,€0.0,1,No,6,No,0,0
15809999,€150300.65,2,No,3,No,0,13527058.5
15681115,€108935.39,1,Yes,10,Yes,0,9804185.1
15629390,€135847.47,1,No,7,No,0,12226272.3
15792668,€109908.06,2,No,7,No,1,9891725.4
15583863,€142946.18,1,No,8,No,1,12865156.2
15681878,€104339.11,2,Yes,3,Yes,1,9390519.9
15782875,€157274.36,2,Yes,5,Yes,0,14154692.4
15732235,€98848.19,1,Yes,0,Yes,0,8896337.1
15735909,€105103.33,1,No,8,No,1,9459299.7
15653448,€0.0,2,Yes,7,Yes,0,0
15587647,€127120.62,1,Yes,0,Yes,1,11440855.8
15701037,€0.0,2,No,2,No,0,0
15727499,€129118.5,2,No,3,No,0,11620665
15724838,€0.0,1,No,4,No,0,0
15666711,€0.0,3,Yes,0,Yes,1,0
15588933,€146053.66,1,Yes,3,Yes,0,13144829.4
15763111,€124577.15,1,Yes,10,Yes,0,11211943.5
15805676,€151012.55,2,No,4,No,0,13591129.5
15586674,€216109.88,1,Yes,5,Yes,1,19449889.2
15744553,€144318.97,1,No,2,No,0,12988707.3
15776629,€0.0,2,No,4,No,0,0
15647207,€0.0,2,No,7,No,0,0
15715638,€27517.15,2,Yes,3,Yes,0,2476543.5
15750602,€147092.65,1,No,5,No,0,13238338.5
15766810,€92246.14,2,Yes,2,Yes,0,8302152.6
15756625,€0.0,2,No,8,No,1,0
15639552,€148897.02,1,No,8,No,0,13400731.8
15633213,€0.0,1,No,8,No,1,0
15610416,€0.0,1,No,9,No,1,0
15715208,€138335.96,1,Yes,10,Yes,0,12450236.4
15619608,€92895.56,1,No,10,No,1,8360600.4
15628697,€160736.63,1,Yes,9,Yes,0,14466296.7
15643826,€0.0,2,Yes,4,Yes,0,0
15718588,€0.0,2,No,9,No,0,0
15709741,€107141.27,1,No,4,No,0,9642714.3
15723318,€0.0,3,No,0,No,1,0
15717328,€132446.08,2,No,4,No,1,11920147.2
15771299,€92053.0,1,Yes,1,Yes,1,8284770
15706223,€96798.79,2,Yes,2,Yes,0,8711891.1
15612358,€134498.54,2,Yes,9,Yes,0,12104868.6
15769191,€132387.91,2,Yes,8,Yes,0,11914911.9
15618816,€147171.2,1,Yes,2,Yes,0,13245408
15730810,€100524.69,1,Yes,9,Yes,0,9047222.1
15783463,€0.0,2,No,1,No,0,0
15616213,€138214.5,1,No,9,No,1,12439305
15611287,€0.0,2,Yes,4,Yes,0,0
15786454,€0.0,1,Yes,3,Yes,0,0
15768682,€0.0,1,Yes,3,Yes,0,0
15766172,€128743.55,1,No,3,No,0,11586919.5
15637646,€122647.32,1,No,10,No,0,11038258.8
15653404,€79263.9,1,Yes,9,Yes,0,7133751
15690546,€0.0,4,No,2,No,1,0
15735636,€121389.78,1,Yes,2,Yes,1,10925080.2
15605424,€123906.55,1,No,7,No,0,11151589.5
15568449,€143006.7,1,Yes,7,Yes,0,12870603
15688085,€157597.61,1,Yes,3,Yes,0,14183784.9
15683483,€127117.8,2,Yes,3,Yes,0,11440602
15659567,€117103.26,2,Yes,9,Yes,1,10539293.4
15766667,€102989.83,2,Yes,2,Yes,0,9269084.7
15624975,€145118.83,1,Yes,1,Yes,0,13060694.7
15660878,€126076.24,2,Yes,1,Yes,0,11346861.6
15586557,€0.0,1,Yes,5,Yes,0,0
15746183,€0.0,2,Yes,4,Yes,0,0
15631457,€98186.7,1,Yes,5,Yes,0,8836803
15754053,€0.0,3,Yes,7,Yes,0,0
15645839,€0.0,1,Yes,6,Yes,0,0
15689955,€0.0,2,No,7,No,0,0
15593510,€129335.65,1,Yes,5,Yes,1,11640208.5
15654964,€75801.74,1,No,7,No,0,6822156.6
15594039,€0.0,2,No,6,No,0,0
15625929,€159316.64,1,No,7,No,0,14338497.6
15815295,€96479.81,1,No,2,No,0,8683182.9
15621818,€117726.33,1,Yes,7,Yes,0,10595369.7
15652700,€0.0,2,Yes,6,Yes,0,0
15636860,€122351.29,1,No,4,No,0,11011616.1
15569432,€0.0,2,Yes,9,Yes,1,0
15751455,€0.0,1,No,5,No,1,0
15800583,€0.0,1,No,8,No,0,0
15770214,€0.0,2,No,7,No,0,0
15613463,€132598.38,2,Yes,6,Yes,0,11933854.2
15587066,€119272.29,1,No,2,No,1,10734506.1
15693752,€0.0,2,Yes,2,Yes,0,0
15714874,€0.0,2,Yes,3,Yes,0,0
15657809,€106415.57,3,Yes,10,Yes,1,9577401.3
15651955,€0.0,2,Yes,4,Yes,0,0
15570912,€127772.1,2,Yes,9,Yes,0,11499489
15640266,€104631.67,1,Yes,5,Yes,0,9416850.3
15652069,€0.0,2,No,1,No,0,0
15596074,€0.0,1,Yes,10,Yes,0,0
15800268,€118050.79,1,Yes,6,Yes,0,10624571.1
15809847,€0.0,2,No,0,No,0,0
15599074,€136093.74,1,Yes,6,Yes,0,12248436.6
15599591,€88477.36,2,No,7,No,0,7962962.4
15776096,€161572.24,1,Yes,3,Yes,0,14541501.6
15611669,€126608.37,1,Yes,7,Yes,1,11394753.3
15694098,€68332.96,1,Yes,9,Yes,0,6149966.4
15713347,€179852.26,1,No,6,No,0,16186703.4
15713094,€0.0,2,Yes,8,Yes,0,0
15811978,€104763.41,1,Yes,2,Yes,0,9428706.9
15799925,€88541.57,2,Yes,6,Yes,0,7968741.3
15692575,€162888.73,1,No,6,No,1,14659985.7
15743149,€0.0,1,Yes,8,Yes,0,0
15776947,€0.0,1,No,8,No,1,0
15700656,€0.0,2,No,9,No,0,0
15594515,€0.0,2,No,7,No,1,0
15787884,€0.0,2,Yes,7,Yes,0,0
15577988,€0.0,2,Yes,1,Yes,0,0
15795586,€92474.05,1,No,1,No,0,8322664.5
15677739,€0.0,2,No,6,No,0,0
15720134,€115479.48,2,Yes,9,Yes,0,10393153.2
15688868,€87098.91,1,No,5,No,0,7838901.9
15642996,€86351.85,2,No,9,No,0,7771666.5
15771222,€0.0,2,No,5,No,0,0
15605059,€148843.56,1,No,3,No,1,13395920.4
15568088,€163714.52,1,No,3,No,0,14734306.8
15665943,€0.0,2,No,6,No,0,0
15795571,€94153.56,1,Yes,0,Yes,0,8473820.4
15662243,€162702.35,1,No,5,No,1,14643211.5
15593128,€129255.2,2,No,10,No,1,11632968
15589739,€90605.29,1,Yes,3,Yes,0,8154476.1
15787602,€0.0,2,Yes,5,Yes,0,0
15685019,€102787.42,1,No,3,No,0,9250867.8
15704209,€120145.96,2,Yes,7,Yes,1,10813136.4
15605264,€63723.78,2,Yes,0,Yes,0,5735140.2
15708265,€159203.71,1,Yes,10,Yes,1,14328333.9
15740264,€0.0,2,No,9,No,0,0
15615477,€0.0,2,No,1,No,0,0
15727361,€0.0,2,Yes,1,Yes,0,0
15760216,€0.0,1,No,10,No,1,0
15806134,€162691.16,2,No,9,No,0,14642204.4
15601351,€127806.91,1,Yes,9,Yes,0,11502621.9
15669262,€157960.49,2,No,9,No,0,14216444.1
15696989,€139493.25,3,No,8,No,1,12554392.5
15688498,€87096.82,2,No,2,No,0,7838713.8
15686964,€84944.58,1,No,10,No,0,7645012.2
15625035,€160139.59,2,Yes,8,Yes,0,14412563.1
15618391,€0.0,2,Yes,6,Yes,0,0
15591344,€0.0,2,Yes,6,Yes,0,0
15605455,€0.0,2,No,9,No,0,0
15680804,€0.0,2,Yes,6,Yes,0,0
15768282,€94615.11,2,Yes,6,Yes,0,8515359.9
15685826,€90727.79,1,No,7,No,0,8165501.1
15793491,€119545.48,2,No,3,No,0,10759093.2
15797787,€118311.76,1,No,1,No,0,10648058.4
15611171,€129574.98,1,Yes,1,Yes,0,11661748.2
15601627,€148163.57,1,No,8,No,0,13334721.3
15734085,€117154.9,1,Yes,5,Yes,0,10543941
15809309,€154251.67,1,Yes,5,Yes,0,13882650.3
15809462,€0.0,2,Yes,3,Yes,0,0
15634628,€65667.79,2,No,1,No,0,5910101.1
15775678,€0.0,1,Yes,1,Yes,0,0
15579526,€50194.59,1,Yes,1,Yes,0,4517513.1
15779103,€96748.89,2,No,9,No,0,8707400.1
15738715,€0.0,3,No,4,No,1,0
15593943,€132667.17,1,Yes,1,Yes,0,11940045.3
15754574,€0.0,2,Yes,5,Yes,0,0
15737814,€127087.06,1,No,2,No,1,11437835.4
15670889,€125566.9,1,Yes,1,Yes,0,11301021
15629299,€106074.89,1,Yes,1,Yes,1,9546740.1
15771569,€137367.94,1,Yes,4,Yes,0,12363114.6
15811927,€157658.36,1,No,3,No,0,14189252.4
15785654,€114422.85,2,Yes,6,Yes,1,10298056.5
15665524,€103154.66,1,No,5,No,0,9283919.4
15736287,€0.0,1,No,9,No,0,0
15765732,€149592.14,1,Yes,6,Yes,0,13463292.6
15797381,€133903.12,2,Yes,3,Yes,1,12051280.8
15598536,€84587.9,1,Yes,0,Yes,0,7612911
15664506,€197436.82,1,Yes,8,Yes,0,17769313.8
15575619,€104254.27,1,Yes,1,Yes,0,9382884.3
15587394,€140133.08,2,No,4,No,0,12611977.2
15654457,€0.0,3,Yes,2,Yes,1,0
15762793,€136980.23,2,Yes,0,Yes,0,12328220.7
15658067,€120568.41,1,No,3,No,1,10851156.9
15642816,€43658.33,2,Yes,7,Yes,0,3929249.7
15693088,€0.0,2,Yes,9,Yes,0,0
15793883,€0.0,2,No,3,No,0,0
15665283,€72092.95,4,Yes,7,Yes,1,6488365.5
15680421,€0.0,2,No,10,No,0,0
15695148,€0.0,2,Yes,9,Yes,0,0
15636592,€181821.96,2,Yes,0,Yes,1,16363976.4
15772618,€90920.75,1,Yes,7,Yes,0,8182867.5
15724453,€0.0,1,No,2,No,0,0
15565878,€0.0,2,Yes,3,Yes,0,0
15609160,€0.0,2,No,1,No,0,0
15678460,€0.0,1,No,9,No,0,0
15662571,€0.0,2,No,8,No,0,0
15606849,€94920.71,1,Yes,1,Yes,0,8542863.9
15670738,€113939.36,2,No,2,No,0,10254542.4
15662641,€0.0,1,Yes,8,Yes,0,0
15727539,€0.0,2,No,4,No,0,0
15651020,€110666.42,2,No,6,No,0,9959977.8
15673877,€0.0,3,No,1,No,1,0
15760865,€141819.02,1,No,7,No,1,12763711.8
15705009,€156974.26,1,No,8,No,1,14127683.4
15657540,€151215.34,2,No,5,No,0,13609380.6
15707441,€116318.23,1,Yes,8,Yes,0,10468640.7
15694765,€113882.33,1,No,6,No,1,10249409.7
15649086,€0.0,2,Yes,7,Yes,0,0
15650488,€127253.98,1,Yes,6,Yes,1,11452858.2
15760924,€100062.39,1,No,2,No,0,9005615.1
15700263,€0.0,1,No,2,No,1,0
15806922,€126605.14,1,Yes,4,Yes,0,11394462.6
15637522,€106942.08,1,Yes,0,Yes,0,9624787.2
15636548,€0.0,2,No,7,No,0,0
15566891,€88594.93,1,No,3,No,0,7973543.7
15627185,€123737.04,2,No,6,No,0,11136333.6
15754012,€110752.15,2,Yes,1,Yes,0,9967693.5
15627514,€0.0,2,Yes,3,Yes,0,0
15661433,€0.0,1,No,5,No,0,0
15610653,€0.0,2,Yes,5,Yes,0,0
15667002,€0.0,2,No,5,No,0,0
15709199,€0.0,1,Yes,1,Yes,0,0
15710087,€125889.3,3,No,3,No,1,11330037
15679884,€78314.63,3,Yes,10,Yes,1,7048316.7
15784180,€206329.65,1,Yes,7,Yes,1,18569668.5
15808849,€145536.9,1,Yes,7,Yes,0,13098321
15751549,€77082.65,2,No,2,No,0,6937438.5
15588235,€145081.73,1,Yes,8,Yes,0,13057355.7
15640418,€115897.73,1,No,4,No,0,10430795.7
15721116,€108058.07,2,Yes,0,Yes,0,9725226.3
15599084,€191523.09,1,Yes,7,Yes,0,17237078.1
15773394,€0.0,2,Yes,3,Yes,0,0
15625713,€91187.9,1,Yes,7,Yes,0,8206911
15766417,€0.0,2,Yes,2,Yes,0,0
15622578,€113958.55,1,Yes,5,Yes,0,10256269.5
15799924,€147167.25,1,No,1,No,0,13245052.5
15618363,€82916.48,1,Yes,9,Yes,0,7462483.2
15637138,€0.0,2,No,1,No,0,0
15781665,€0.0,1,No,5,No,0,0
15804853,€57098.96,1,No,0,No,1,5138906.4
15651627,€115341.19,1,Yes,1,Yes,1,10380707.1
15680685,€165257.2,1,No,3,No,0,14873148
15808930,€0.0,1,No,1,No,0,0
15570970,€0.0,2,Yes,9,Yes,0,0
15679961,€68799.72,1,Yes,7,Yes,0,6191974.8
15705458,€116120.19,2,Yes,2,Yes,0,10450817.1
15750396,€0.0,2,Yes,1,Yes,0,0
15679928,€84102.11,2,Yes,2,Yes,0,7569189.9
15711181,€0.0,2,Yes,4,Yes,0,0
15698324,€0.0,1,Yes,4,Yes,0,0
15807433,€0.0,2,Yes,9,Yes,0,0
15636590,€0.0,2,Yes,1,Yes,0,0
15628950,€104013.79,1,No,6,No,0,9361241.1
15617206,€120822.86,2,No,8,No,0,10874057.4
15603741,€128389.12,1,Yes,4,Yes,0,11555020.8
15742607,€102800.72,1,Yes,7,Yes,0,9252064.8
15747821,€135470.9,1,No,6,No,0,12192381
15612043,€90145.04,1,Yes,7,Yes,0,8113053.6
15809558,€0.0,1,Yes,7,Yes,0,0
15803750,€161801.47,1,Yes,3,Yes,1,14562132.3
15704681,€99660.13,2,Yes,2,Yes,0,8969411.7
15667392,€123081.84,2,Yes,6,Yes,0,11077365.6
15738889,€102870.93,1,Yes,8,Yes,1,9258383.7
15598838,€151105.68,1,Yes,1,Yes,0,13599511.2
15579109,€163856.76,1,Yes,5,Yes,0,14747108.4
15799042,€0.0,1,Yes,7,Yes,0,0
15697042,€127290.61,1,No,8,No,0,11456154.9
15696605,€180614.04,1,No,4,No,0,16255263.6
15802274,€55053.62,1,No,7,No,0,4954825.8
15596808,€96110.22,1,No,4,No,0,8649919.8
15705403,€106521.49,1,Yes,3,Yes,0,9586934.1
15732903,€82255.51,2,No,7,No,0,7402995.9
15581968,€0.0,2,Yes,1,Yes,0,0
15683892,€102395.79,1,No,3,No,0,9215621.1
15595447,€118201.41,1,No,8,No,0,10638126.9
15569249,€44582.07,3,Yes,6,Yes,1,4012386.3
15656188,€0.0,2,Yes,5,Yes,0,0
15689661,€0.0,2,Yes,6,Yes,0,0
15644934,€105522.06,1,No,9,No,0,9496985.4
15721793,€123936.54,1,Yes,7,Yes,0,11154288.6
15687413,€0.0,2,Yes,6,Yes,0,0
15761286,€119499.42,2,Yes,7,Yes,0,10754947.8
15658240,€135814.7,2,No,9,No,0,12223323
15706232,€0.0,1,Yes,9,Yes,1,0
15583394,€106259.63,2,Yes,8,Yes,0,9563366.7
15715643,€0.0,2,Yes,8,Yes,0,0
15644856,€115463.16,1,No,2,No,0,10391684.4
15785488,€0.0,2,Yes,9,Yes,0,0
15711571,€120233.83,1,No,5,No,0,10821044.7
15778604,€0.0,2,No,7,No,0,0
15751180,€81132.21,1,No,7,No,0,7301898.9
15748360,€122196.99,2,Yes,10,Yes,0,10997729.1
15770039,€112290.22,1,No,4,No,1,10106119.8
15685096,€0.0,2,Yes,4,Yes,0,0
15669501,€0.0,2,Yes,5,Yes,0,0
15622631,€154409.74,1,No,8,No,1,13896876.6
15586699,€0.0,2,No,9,No,0,0
15702377,€132759.8,1,No,1,No,0,11948382
15577170,€76705.87,2,Yes,5,Yes,0,6903528.3
15769451,€0.0,2,Yes,1,Yes,0,0
15811877,€0.0,2,No,4,No,0,0
15648725,€0.0,2,Yes,3,Yes,0,0
15752801,€125961.74,2,No,9,No,1,11336556.6
15808175,€49572.73,1,No,7,No,1,4461545.7
15681342,€103015.12,2,Yes,1,Yes,0,9271360.8
15589210,€0.0,1,No,4,No,0,0
15696826,€104001.38,1,Yes,1,Yes,0,9360124.2
15614962,€87116.71,1,Yes,2,Yes,0,7840503.9
15689061,€82547.11,2,Yes,5,Yes,0,7429239.9
15640074,€0.0,1,No,5,No,1,0
15776156,€121325.84,1,Yes,4,Yes,1,10919325.6
15739548,€111167.7,1,No,9,No,0,10005093
15662854,€139714.4,2,No,5,No,0,12574296
15687688,€139875.2,2,No,10,No,0,12588768
15715750,€113063.83,1,No,2,No,1,10175744.7
15571121,€138340.06,1,Yes,8,Yes,0,12450605.4
15726466,€114974.24,1,No,1,No,0,10347681.6
15660390,€0.0,2,Yes,6,Yes,0,0
15663942,€0.0,2,No,5,No,0,0
15638610,€117325.54,1,No,5,No,1,10559298.6
15644446,€0.0,1,Yes,6,Yes,0,0
15585892,€0.0,1,No,8,No,0,0
15609356,€0.0,2,No,1,No,0,0
15803378,€0.0,2,Yes,8,Yes,0,0
15599440,€0.0,2,No,8,No,0,0
15692408,€0.0,2,Yes,2,Yes,0,0
15683168,€0.0,1,Yes,6,Yes,0,0
15790254,€78737.61,1,Yes,1,Yes,0,7086384.9
15767729,€182876.88,2,Yes,5,Yes,1,16458919.2
15768600,€130023.38,1,No,9,No,1,11702104.2
15699839,€152606.82,1,Yes,2,Yes,0,13734613.8
15786237,€0.0,2,No,7,No,0,0
15694530,€167268.98,1,Yes,4,Yes,0,15054208.2
15796813,€167831.88,2,No,3,No,1,15104869.2
15605791,€144287.6,2,No,9,No,0,12985884
15714087,€151855.33,1,No,5,No,0,13666979.7
15711446,€0.0,3,No,3,No,1,0
15588123,€0.0,2,Yes,2,Yes,0,0
15748552,€155994.15,1,No,4,No,0,14039473.5
15618410,€147527.03,1,No,7,No,0,13277432.7
15672432,€0.0,1,No,4,No,1,0
15610042,€100267.03,1,No,8,No,0,9024032.7
15580914,€83287.05,2,Yes,0,Yes,1,7495834.5
15583680,€0.0,1,Yes,4,Yes,0,0
15813718,€0.0,2,No,4,No,0,0
15767264,€117438.17,1,No,1,No,1,10569435.3
15686461,€121235.05,2,Yes,7,Yes,0,10911154.5
15678882,€129965.18,1,No,3,No,0,11696866.2
15789611,€150836.92,1,No,8,No,1,13575322.8
15668679,€0.0,2,Yes,0,Yes,0,0
15631685,€163894.35,1,Yes,1,Yes,0,14750491.5
15655658,€0.0,2,Yes,2,Yes,0,0
15753591,€0.0,2,No,2,No,0,0
15617348,€0.0,2,No,1,No,0,0
15704581,€87967.42,2,Yes,2,Yes,0,7917067.8
15738487,€0.0,2,No,3,No,0,0
15648069,€0.0,2,Yes,6,Yes,0,0
15737627,€121093.29,2,No,2,No,0,10898396.1
15731586,€121691.54,2,No,2,No,0,10952238.6
15757467,€0.0,2,Yes,6,Yes,0,0
15597709,€154121.32,2,No,6,No,1,13870918.8
15720529,€0.0,2,Yes,6,Yes,0,0
15596797,€0.0,2,Yes,1,Yes,0,0
15681755,€0.0,2,Yes,5,Yes,0,0
15815271,€165048.5,3,No,6,No,1,14854365
15682860,€0.0,2,No,6,No,0,0
15621546,€127638.35,1,Yes,9,Yes,0,11487451.5
15705918,€0.0,2,Yes,8,Yes,0,0
15684512,€135290.42,2,Yes,8,Yes,0,12176137.8
15671769,€170252.05,3,Yes,4,Yes,1,15322684.5
15642934,€108269.2,2,No,4,No,0,9744228
15594305,€0.0,2,No,1,No,0,0
15789201,€145623.36,1,No,9,No,0,13106102.4
15706762,€145809.53,2,Yes,4,Yes,0,13122857.7
15766183,€130334.84,2,Yes,2,Yes,0,11730135.6
15777994,€0.0,2,Yes,3,Yes,0,0
15568162,€0.0,1,Yes,8,Yes,0,0
15680643,€0.0,2,Yes,1,Yes,0,0
15761854,€0.0,1,Yes,4,Yes,0,0
15730793,€111009.32,1,Yes,3,Yes,1,9990838.8
15692137,€0.0,1,Yes,2,Yes,0,0
15608595,€157371.54,1,Yes,3,Yes,0,14163438.6
15709459,€0.0,1,Yes,5,Yes,0,0
15775750,€134560.62,1,No,9,No,0,12110455.8
15585855,€0.0,1,Yes,1,Yes,0,0
15752139,€72373.62,2,No,5,No,0,6513625.8
15768295,€109564.1,1,Yes,7,Yes,0,9860769
15766906,€132116.13,2,No,4,No,0,11890451.7
15725776,€101195.23,1,No,7,No,0,9107570.7
15682576,€149436.73,2,Yes,1,Yes,0,13449305.7
15704081,€130682.11,2,Yes,9,Yes,0,11761389.9
15719940,€115280.49,2,No,10,No,1,10375244.1
15672894,€129944.39,2,No,8,No,0,11694995.1
15667451,€0.0,2,Yes,5,Yes,0,0
15636767,€0.0,1,Yes,10,Yes,0,0
15571415,€151802.29,1,No,6,No,1,13662206.1
15575605,€0.0,2,Yes,6,Yes,0,0
15649160,€138731.95,1,Yes,3,Yes,0,12485875.5
15615832,€155621.08,1,Yes,8,Yes,0,14005897.2
15600975,€150005.38,1,No,4,No,1,13500484.2
15690772,€0.0,2,Yes,2,Yes,0,0
15565714,€64430.06,2,Yes,1,Yes,0,5798705.4
15763108,€106261.63,1,No,7,No,1,9563546.7
15723884,€0.0,2,No,3,No,0,0
15644453,€132670.53,1,No,4,No,1,11940347.7
15655464,€0.0,1,Yes,3,Yes,0,0
15783883,€117314.92,1,No,1,No,1,10558342.8
15787693,€145874.35,1,No,3,No,1,13128691.5
15664793,€146777.44,2,Yes,7,Yes,0,13209969.6
15642391,€109978.83,1,No,4,No,1,9898094.7
15756538,€0.0,1,Yes,5,Yes,0,0
15668830,€108881.73,1,No,8,No,0,9799355.7
15796569,€0.0,1,Yes,10,Yes,0,0
15677112,€112957.26,2,No,2,No,0,10166153.4
15815040,€103362.14,1,Yes,8,Yes,1,9302592.6
15590434,€89015.61,1,Yes,4,Yes,0,8011404.9
15597536,€133618.01,1,No,5,No,0,12025620.9
15723989,€93680.43,2,Yes,5,Yes,0,8431238.7
15767358,€97486.15,2,No,1,No,0,8773753.5
15594812,€137794.18,2,Yes,2,Yes,0,12401476.2
15688210,€101928.51,1,No,8,No,0,9173565.9
15681509,€0.0,2,Yes,9,Yes,0,0
15572390,€0.0,2,No,6,No,0,0
15801441,€79585.96,1,Yes,2,Yes,0,7162736.4
15783859,€161884.99,1,Yes,3,Yes,0,14569649.1
15575243,€129068.54,2,Yes,1,Yes,0,11616168.6
15773421,€0.0,2,No,4,No,0,0
15788776,€132623.76,3,No,6,No,1,11936138.4
15765257,€121461.87,1,Yes,5,Yes,1,10931568.3
15661412,€175307.32,1,No,8,No,0,15777658.8
15636478,€136658.61,1,Yes,7,Yes,0,12299274.9
15603683,€146584.19,2,No,3,No,0,13192577.1
15651868,€0.0,1,No,6,No,0,0
15815443,€131414.76,1,No,10,No,0,11827328.4
15682686,€0.0,2,Yes,3,Yes,0,0
15697460,€99441.21,2,Yes,4,Yes,0,8949708.9
15748432,€0.0,2,Yes,4,Yes,0,0
15698271,€0.0,2,No,4,No,0,0
15808662,€0.0,2,No,3,No,0,0
15690372,€181110.13,2,No,1,No,0,16299911.7
15781875,€100476.46,2,Yes,3,Yes,0,9042881.4
15801473,€51949.95,2,No,2,No,0,4675495.5
15704509,€121063.49,1,No,8,No,0,10895714.1
15694666,€88441.64,1,Yes,8,Yes,1,7959747.6
15731166,€127023.39,1,Yes,1,Yes,0,11432105.1
15728523,€144147.68,1,Yes,5,Yes,0,12973291.2
15788442,€173306.13,1,Yes,2,Yes,0,15597551.7
15689781,€0.0,1,No,0,No,1,0
15764226,€106425.75,1,Yes,8,Yes,0,9578317.5
15809837,€135392.31,2,Yes,6,Yes,1,12185307.9
15805212,€0.0,2,Yes,1,Yes,0,0
15716082,€152685.4,1,No,6,No,0,13741686
15643056,€82083.52,1,Yes,1,Yes,0,7387516.8
15654859,€131629.17,2,No,2,No,1,11846625.3
15761158,€0.0,2,Yes,7,Yes,0,0
15577515,€108477.27,1,Yes,0,Yes,1,9762954.3
15723827,€114779.35,1,No,4,No,0,10330141.5
15646594,€57568.94,1,Yes,5,Yes,0,5181204.6
15712877,€0.0,2,No,1,No,0,0
15598802,€0.0,2,Yes,8,Yes,0,0
15699340,€0.0,2,No,4,No,0,0
15691150,€110559.46,1,Yes,4,Yes,0,9950351.4
15608688,€0.0,2,No,4,No,0,0
15737998,€0.0,1,No,8,No,1,0
15735837,€0.0,2,Yes,3,Yes,0,0
15659100,€128152.82,1,No,9,No,0,11533753.8
15609070,€120961.5,3,Yes,7,Yes,1,10886535
15650313,€129472.33,1,Yes,6,Yes,0,11652509.7
15627699,€105000.23,1,No,10,No,0,9450020.7
15591010,€109339.17,2,No,8,No,1,9840525.3
15798895,€55328.4,1,No,6,No,1,4979556
15745375,€72012.76,1,No,3,No,0,6481148.4
15775235,€110480.48,1,No,6,No,0,9943243.2
15780088,€132439.99,1,No,9,No,0,11919599.1
15649379,€0.0,2,Yes,3,Yes,0,0
15713983,€94108.54,2,No,5,No,0,8469768.6
15709252,€105173.99,1,Yes,10,Yes,1,9465659.1
15699238,€0.0,2,No,8,No,0,0
15732884,€131959.86,1,No,7,No,0,11876387.4
15587297,€0.0,2,Yes,7,Yes,0,0
15684722,€122952.9,2,No,5,No,0,11065761
15621244,€107379.68,1,Yes,0,Yes,0,9664171.2
15744273,€122641.56,2,No,6,No,0,11037740.4
15682540,€0.0,2,Yes,8,Yes,0,0
15636521,€124037.28,1,Yes,1,Yes,0,11163355.2
15785339,€117565.03,2,No,9,No,0,10580852.7
15638983,€133189.4,1,No,5,No,0,11987046
15654625,€120252.02,2,Yes,8,Yes,0,10822681.8
15697310,€152264.81,1,No,3,No,0,13703832.9
15678210,€105069.98,2,Yes,5,Yes,0,9456298.2
15575438,€115076.06,1,Yes,7,Yes,0,10356845.4
15632789,€0.0,2,Yes,8,Yes,0,0
15621423,€117280.23,3,No,7,No,1,10555220.7
15573520,€110540.43,2,Yes,6,Yes,0,9948638.7
15740458,€135095.47,1,No,7,No,0,12158592.3
15762799,€187861.18,2,Yes,0,Yes,0,16907506.2
15686885,€124655.59,2,Yes,3,Yes,0,11219003.1
15565996,€0.0,2,Yes,8,Yes,0,0
15662152,€134105.01,1,No,9,No,0,12069450.9
15711742,€0.0,1,Yes,4,Yes,0,0
15701885,€0.0,2,Yes,9,Yes,0,0
15774262,€83693.34,2,Yes,8,Yes,0,7532400.6
15567839,€114631.23,1,Yes,9,Yes,0,10316810.7
15644400,€128601.98,1,No,9,No,0,11574178.2
15797246,€91258.52,2,No,2,No,0,8213266.8
15778290,€70416.75,1,Yes,8,Yes,0,6337507.5
15708714,€0.0,2,No,6,No,0,0
15586183,€0.0,2,No,5,No,0,0
15761733,€0.0,2,Yes,10,Yes,0,0
15773934,€88294.6,1,No,6,No,0,7946514
15705343,€0.0,1,No,7,No,0,0
15593959,€93577.3,1,Yes,1,Yes,0,8421957
15664615,€136650.89,1,Yes,5,Yes,1,12298580.1
15671014,€98765.84,1,Yes,8,Yes,0,8888925.6
15657778,€84309.57,2,No,1,No,0,7587861.3
15585192,€136258.06,1,No,10,No,0,12263225.4
15592914,€0.0,2,Yes,9,Yes,0,0
15770995,€131160.85,1,No,1,No,0,11804476.5
15570990,€145222.99,2,No,4,No,0,13070069.1
15596165,€98141.57,2,Yes,4,Yes,0,8832741.3
15788131,€0.0,1,No,6,No,1,0
15800773,€102282.61,1,Yes,9,Yes,0,9205434.9
15690153,€116121.84,2,Yes,4,Yes,0,10450965.6
15638989,€190066.54,1,No,5,No,1,17105988.6
15623210,€149349.58,3,No,8,No,1,13441462.2
15652658,€155176.83,2,Yes,1,Yes,0,13965914.7
15684440,€98986.28,1,Yes,2,Yes,0,8908765.2
15730287,€147726.98,3,No,8,No,1,13295428.2
15720353,€0.0,2,No,1,No,0,0
15767231,€144852.06,1,No,7,No,0,13036685.4
15761554,€89299.81,1,No,4,No,1,8036982.9
15706637,€0.0,2,No,9,No,0,0
15690492,€97663.16,2,No,6,No,0,8789684.4
15694237,€95161.75,1,No,4,No,0,8564557.5
15729771,€154586.92,1,Yes,9,Yes,1,13912822.8
15609823,€127095.14,2,No,8,No,0,11438562.6
15793366,€92526.15,2,Yes,7,Yes,0,8327353.5
15614813,€107362.8,1,No,0,No,0,9662652
15566495,€0.0,1,No,2,No,1,0
15707602,€127286.04,2,Yes,2,Yes,1,11455743.6
15635244,€0.0,2,Yes,6,Yes,0,0
15805627,€0.0,2,Yes,2,Yes,0,0
15607986,€139930.18,1,Yes,10,Yes,0,12593716.2
15799785,€77949.69,1,Yes,4,Yes,0,7015472.1
15699963,€121405.04,1,Yes,1,Yes,0,10926453.6
15624595,€124580.69,1,Yes,5,Yes,0,11212262.1
15629750,€133087.76,1,No,5,No,0,11977898.4
15651460,€0.0,1,Yes,7,Yes,0,0
15753550,€0.0,2,No,7,No,0,0
15594133,€0.0,1,No,7,No,1,0
15772329,€103741.14,1,No,8,No,1,9336702.6
15591552,€98877.95,1,No,7,No,0,8899015.5
15750921,€105843.26,2,Yes,5,Yes,0,9525893.4
15701687,€77526.66,3,No,7,No,1,6977399.4
15728906,€0.0,2,Yes,5,Yes,0,0
15670029,€0.0,2,No,7,No,0,0
15763579,€105264.88,2,Yes,2,Yes,0,9473839.2
15728010,€0.0,2,Yes,5,Yes,0,0
15663194,€110150.43,1,Yes,3,Yes,1,9913538.7
15736510,€0.0,3,No,2,No,1,0
15745804,€0.0,2,Yes,7,Yes,0,0
15631451,€0.0,2,Yes,6,Yes,0,0
15746995,€138166.3,1,No,9,No,0,12434967
15730673,€122265.24,1,No,7,No,0,11003871.6
15734649,€133295.98,1,No,0,No,1,11996638.2
15701081,€0.0,1,Yes,2,Yes,0,0
15632503,€148326.09,1,No,0,No,1,13349348.1
15585928,€68927.57,1,Yes,2,Yes,0,6203481.3
15648681,€139914.6,4,Yes,5,Yes,1,12592314
15747757,€118723.11,1,No,8,No,1,10685079.9
15718921,€106957.28,1,Yes,7,Yes,0,9626155.2
15571081,€190238.93,1,Yes,7,Yes,0,17121503.7
15734578,€113537.73,1,Yes,1,Yes,0,10218395.7
15579583,€101090.27,1,Yes,4,Yes,0,9098124.3
15622729,€0.0,2,Yes,2,Yes,0,0
15662189,€0.0,1,Yes,3,Yes,0,0
15692718,€0.0,2,No,7,No,0,0
15762716,€168920.75,1,No,10,No,1,15202867.5
15724851,€111589.67,1,No,9,No,0,10043070.3
15587266,€172310.33,1,Yes,6,Yes,0,15507929.7
15675926,€118028.35,1,No,7,No,1,10622551.5
15706268,€147910.3,1,Yes,1,Yes,0,13311927
15581871,€131287.36,2,Yes,7,Yes,0,11815862.4
15666166,€121276.32,1,Yes,0,Yes,0,10914868.8
15671582,€109869.32,1,Yes,6,Yes,0,9888238.8
15680901,€97435.85,2,Yes,6,Yes,0,8769226.5
15642336,€0.0,2,No,9,No,0,0
15653147,€133853.27,1,Yes,2,Yes,0,12046794.3
15571284,€109528.16,2,Yes,0,Yes,0,9857534.4
15591360,€84607.34,2,Yes,4,Yes,0,7614660.6
15810485,€101438.0,1,No,1,No,0,9129420
15611973,€0.0,2,Yes,7,Yes,0,0
15735572,€113657.83,1,Yes,9,Yes,1,10229204.7
15567860,€189318.16,2,No,7,No,1,17038634.4
15795690,€99513.91,1,Yes,3,Yes,0,8956251.9
15706464,€97585.32,2,No,4,No,0,8782678.8
15725028,€0.0,2,Yes,3,Yes,0,0
15751167,€0.0,2,Yes,4,Yes,0,0
15633944,€136659.74,1,Yes,3,Yes,0,12299376.6
15672637,€85755.86,1,No,4,No,0,7718027.4
15680895,€0.0,1,No,7,No,0,0
15793825,€0.0,2,No,4,No,0,0
15611318,€51690.89,1,No,4,No,1,4652180.1
15768474,€0.0,2,No,3,No,0,0
15716276,€111669.68,1,No,2,No,0,10050271.2
15623668,€154741.45,2,No,2,No,0,13926730.5
15696361,€125681.51,1,Yes,7,Yes,0,11311335.9
15607988,€155303.71,1,No,8,No,0,13977333.9
15637891,€140681.68,1,Yes,4,Yes,0,12661351.2
15789865,€71902.52,1,Yes,9,Yes,0,6471226.8
15627190,€146606.6,1,Yes,6,Yes,0,13194594
15788224,€123949.75,1,No,1,No,0,11155477.5
15702149,€144753.21,1,Yes,1,Yes,0,13027788.9
15708236,€91285.22,1,Yes,6,Yes,0,8215669.8
15568469,€0.0,2,No,0,No,0,0
15764444,€125850.53,2,Yes,8,Yes,0,11326547.7
15794204,€108116.66,1,Yes,7,Yes,0,9730499.4
15807546,€0.0,2,Yes,2,Yes,0,0
15782159,€67639.56,2,Yes,8,Yes,0,6087560.4
15618703,€150200.23,1,Yes,6,Yes,1,13518020.7
15793317,€141287.15,1,No,7,No,0,12715843.5
15740487,€0.0,3,Yes,6,Yes,1,0
15722479,€0.0,2,Yes,1,Yes,0,0
15688264,€0.0,2,Yes,0,Yes,0,0
15583067,€97157.96,1,Yes,4,Yes,0,8744216.4
15686670,€0.0,2,No,2,No,1,0
15593345,€125241.17,2,Yes,6,Yes,0,11271705.3
15811690,€128966.13,1,No,2,No,1,11606951.7
15734008,€152581.06,1,No,5,No,1,13732295.4
15771856,€0.0,2,No,1,No,0,0
15762045,€142688.57,2,Yes,5,Yes,0,12841971.3
15778142,€130089.56,2,Yes,1,Yes,0,11708060.4
15689268,€0.0,1,Yes,9,Yes,0,0
15721507,€117094.02,1,No,1,No,1,10538461.8
15750476,€0.0,2,No,8,No,0,0
15810723,€0.0,3,No,10,No,1,0
15787229,€0.0,2,No,2,No,0,0
15570508,€90218.9,1,No,7,No,0,8119701
15617065,€194532.66,1,No,4,No,1,17507939.4
15689786,€169743.83,1,No,1,No,1,15276944.7
15648876,€0.0,1,No,5,No,0,0
15802106,€155973.88,1,No,8,No,0,14037649.2
15773869,€129321.44,1,Yes,4,Yes,0,11638929.6
15711635,€138650.49,2,No,6,No,0,12478544.1
15795527,€136487.86,2,No,2,No,0,12283907.4
15759133,€0.0,2,Yes,6,Yes,0,0
15679394,€38617.2,1,Yes,4,Yes,0,3475548
15801072,€0.0,2,No,7,No,0,0
15646082,€82909.14,1,No,8,No,1,7461822.6
15796111,€145151.4,1,Yes,8,Yes,1,13063626
15670646,€147187.84,1,Yes,0,Yes,1,13246905.6
15578722,€0.0,2,No,4,No,0,0
15815095,€108185.81,2,No,7,No,1,9736722.9
15730360,€0.0,2,Yes,4,Yes,0,0
15763194,€0.0,2,Yes,7,Yes,0,0
15720725,€0.0,2,No,2,No,0,0
15567834,€105918.1,1,Yes,5,Yes,0,9532629
15720644,€0.0,2,No,6,No,0,0
15811742,€0.0,2,No,7,No,0,0
15813363,€0.0,2,No,2,No,0,0
15717629,€59972.26,2,Yes,6,Yes,0,5397503.4
15713160,€157228.61,2,No,7,No,0,14150574.9
15568878,€0.0,2,No,5,No,0,0
15809800,€0.0,2,No,4,No,0,0
15736420,€210433.08,2,Yes,4,Yes,1,18938977.2
15757933,€102452.71,1,No,1,No,0,9220743.9
15623072,€0.0,2,No,5,No,0,0
15683993,€142987.46,2,No,8,No,0,12868871.4
15570947,€143330.56,2,Yes,7,Yes,0,12899750.4
15797767,€0.0,1,Yes,6,Yes,1,0
15731989,€120165.4,2,No,4,No,0,10814886
15591035,€0.0,1,Yes,6,Yes,0,0
15586479,€0.0,1,No,4,No,1,0
15605872,€66573.17,1,Yes,6,Yes,0,5991585.3
15666012,€102833.46,2,Yes,4,Yes,0,9255011.4
15641733,€164757.56,1,No,5,No,0,14828180.4
15593178,€153610.61,1,Yes,10,Yes,1,13824954.9
15649183,€0.0,3,Yes,8,Yes,0,0
15736399,€0.0,2,No,10,No,0,0
15751137,€169025.83,1,No,3,No,0,15212324.7
15757188,€153455.72,2,Yes,4,Yes,0,13811014.8
15726167,€0.0,2,Yes,4,Yes,0,0
15624850,€153972.89,2,No,10,No,0,13857560.1
15717700,€114609.55,2,Yes,9,Yes,0,10314859.5
15716347,€143625.83,2,Yes,7,Yes,0,12926324.7
15696287,€116520.28,1,Yes,1,Yes,1,10486825.2
15638871,€80926.02,2,Yes,6,Yes,0,7283341.8
15765093,€166594.78,1,Yes,6,Yes,0,14993530.2
15592999,€115465.98,1,Yes,0,Yes,0,10391938.2
15641715,€0.0,2,Yes,8,Yes,0,0
15607746,€0.0,1,Yes,1,Yes,0,0
15625311,€92618.62,1,Yes,7,Yes,0,8335675.8
15573077,€141825.88,1,Yes,8,Yes,1,12764329.2
15735106,€149594.02,2,No,6,No,0,13463461.8
15672912,€130051.66,2,No,7,No,1,11704649.4
15589881,€0.0,2,Yes,7,Yes,0,0
15660144,€0.0,2,No,4,No,0,0
15664083,€158468.76,1,Yes,2,Yes,0,14262188.4
15690898,€161889.79,1,No,8,No,0,14570081.1
15808023,€133681.78,1,Yes,9,Yes,0,12031360.2
15676909,€0.0,2,No,5,No,0,0
15764922,€187294.46,1,No,3,No,0,16856501.4
15766734,€0.0,1,No,5,No,0,0
15795079,€0.0,2,Yes,6,Yes,0,0
15757434,€119706.22,1,No,7,No,0,10773559.8
15673747,€0.0,1,Yes,8,Yes,0,0
15808386,€138523.2,1,No,7,No,1,12467088
15603565,€90778.76,2,No,5,No,1,8170088.4
15744044,€99353.42,1,No,4,No,1,8941807.8
15577771,€111524.49,1,Yes,1,Yes,1,10037204.1
15769548,€128645.67,1,No,7,No,0,11578110.3
15802071,€117458.51,1,Yes,1,Yes,1,10571265.9
15677395,€129189.15,2,No,9,No,0,11627023.5
15632010,€121260.19,2,No,7,No,0,10913417.1
15779492,€94231.13,1,No,6,No,1,8480801.7
15694677,€0.0,2,Yes,1,Yes,0,0
15704315,€163757.06,1,Yes,8,Yes,0,14738135.4
15742009,€0.0,2,Yes,4,Yes,0,0
15766663,€0.0,2,No,4,No,0,0
15742297,€141005.47,1,Yes,2,Yes,0,12690492.3
15688059,€105356.09,2,Yes,9,Yes,0,9482048.1
15752344,€0.0,2,No,5,No,0,0
15698749,€85897.95,1,No,6,No,0,7730815.5
15631693,€0.0,2,Yes,7,Yes,0,0
15604536,€164672.66,1,Yes,4,Yes,0,14820539.4
15802869,€99169.67,2,Yes,2,Yes,0,8925270.3
15635598,€0.0,2,No,6,No,0,0
15592326,€0.0,2,Yes,8,Yes,0,0
15736533,€124053.03,1,No,5,No,0,11164772.7
15647191,€0.0,2,No,4,No,0,0
15622507,€103499.09,2,No,3,No,0,9314918.1
15765487,€151766.71,1,Yes,9,Yes,0,13659003.9
15646521,€0.0,1,Yes,1,Yes,0,0
15746258,€101486.96,1,Yes,7,Yes,0,9133826.4
15692430,€123601.56,2,No,2,No,0,11124140.4
15625501,€127201.58,1,No,1,No,1,11448142.2
15640521,€144962.74,1,No,3,No,1,13046646.6
15790630,€0.0,1,No,4,No,1,0
15664720,€122017.19,1,No,8,No,0,10981547.1
15750055,€100262.88,2,Yes,9,Yes,0,9023659.2
15644878,€117302.62,1,No,6,No,0,10557235.8
15754578,€135984.15,2,No,0,No,0,12238573.5
15705379,€0.0,2,No,3,No,0,0
15761047,€160997.54,2,Yes,2,Yes,0,14489778.6
15671293,€128389.63,1,Yes,2,Yes,1,11555066.7
15687527,€0.0,2,No,1,No,0,0
15647898,€130554.51,3,No,5,No,1,11749905.9
15671534,€90212.0,1,No,6,No,1,8119080
15591248,€71996.29,1,Yes,9,Yes,0,6479666.1
15676156,€85615.66,2,No,4,No,0,7705409.4
15812918,€62339.81,2,No,6,No,0,5610582.9
15604130,€142319.03,1,No,6,No,0,12808712.7
15700549,€0.0,2,Yes,5,Yes,0,0
15715519,€0.0,2,No,5,No,0,0
15707042,€87413.19,1,No,2,No,0,7867187.1
15605276,€0.0,2,Yes,4,Yes,0,0
15630592,€0.0,1,No,4,No,1,0
15636626,€97560.16,1,Yes,3,Yes,0,8780414.4
15740411,€141787.31,2,Yes,8,Yes,0,12760857.9
15593834,€129934.64,1,No,7,No,1,11694117.6
15804235,€166178.02,2,Yes,2,Yes,0,14956021.8
15679801,€163097.55,2,Yes,5,Yes,0,14678779.5
15673907,€0.0,2,No,8,No,0,0
15636562,€0.0,2,No,8,No,0,0
15702571,€151958.19,3,Yes,1,Yes,1,13676237.1
15627365,€0.0,2,Yes,0,Yes,0,0
15748499,€118400.91,1,Yes,4,Yes,1,10656081.9
15598614,€0.0,2,No,8,No,0,0
15668889,€116322.27,4,No,2,No,1,10469004.3
15800049,€0.0,1,Yes,5,Yes,0,0
15583724,€0.0,2,Yes,4,Yes,0,0
15622083,€143138.91,2,No,6,No,0,12882501.9
15645571,€0.0,2,Yes,4,Yes,0,0
15598266,€0.0,1,Yes,9,Yes,0,0
15667934,€129804.17,1,No,0,No,0,11682375.3
15569682,€108308.11,1,No,9,No,1,9747729.9
15772941,€110153.27,1,Yes,3,Yes,0,9913794.3
15586174,€116377.48,1,Yes,4,Yes,0,10473973.2
15803682,€117791.06,2,Yes,10,Yes,0,10601195.4
15627328,€0.0,2,Yes,2,Yes,0,0
15717065,€105419.73,1,No,8,No,0,9487775.7
15602456,€99219.47,2,Yes,4,Yes,0,8929752.3
15721569,€119327.93,1,Yes,8,Yes,0,10739513.7
15573798,€83947.12,2,No,6,No,0,7555240.8
15638272,€99883.16,1,Yes,4,Yes,0,8989484.4
15799859,€165438.26,1,No,4,No,1,14889443.4
15599152,€156111.24,1,No,1,No,0,14050011.6
15737909,€111095.58,2,No,2,No,0,9998602.2
15646190,€119963.45,1,No,0,No,1,10796710.5
15711249,€0.0,2,No,4,No,0,0
15671987,€153137.74,1,No,8,No,0,13782396.6
15812766,€156111.08,1,No,6,No,0,14049997.2
15778589,€113014.7,2,Yes,7,Yes,0,10171323
15750104,€132615.73,2,No,5,No,0,11935415.7
15784526,€102016.38,1,Yes,5,Yes,1,9181474.2
15646563,€0.0,1,Yes,9,Yes,0,0
15744423,€0.0,2,No,5,No,0,0
15593694,€0.0,2,No,8,No,0,0
15785367,€0.0,1,No,4,No,1,0
15687765,€80380.24,1,No,4,No,0,7234221.6
15789014,€108909.12,1,No,6,No,0,9801820.8
15703177,€90865.8,1,Yes,2,Yes,0,8177922
15660263,€99799.76,2,No,4,No,0,8981978.4
15776545,€200724.96,1,Yes,10,Yes,1,18065246.4
15683276,€140363.95,2,Yes,10,Yes,0,12632755.5
15599272,€151844.64,1,Yes,1,Yes,0,13666017.6
15589541,€0.0,2,Yes,2,Yes,0,0
15608804,€133231.48,1,Yes,8,Yes,0,11990833.2
15645820,€0.0,2,No,7,No,0,0
15659031,€126598.99,2,Yes,8,Yes,0,11393909.1
15790113,€113317.1,1,No,6,No,1,10198539
15652289,€0.0,2,No,4,No,0,0
15605341,€93173.88,1,Yes,8,Yes,0,8385649.2
15697844,€0.0,1,No,10,No,1,0
15652048,€105007.31,2,Yes,7,Yes,0,9450657.9
15587038,€0.0,1,Yes,2,Yes,1,0
15660528,€0.0,2,No,4,No,0,0
15700300,€131593.85,1,Yes,4,Yes,1,11843446.5
15642001,€119530.52,1,No,9,No,1,10757746.8
15580366,€118614.6,2,Yes,4,Yes,0,10675314
15657228,€95829.13,2,Yes,9,Yes,0,8624621.7
15729377,€0.0,2,Yes,1,Yes,0,0
15686913,€0.0,1,No,0,No,0,0
15631267,€153590.73,2,Yes,6,Yes,0,13823165.7
15632275,€0.0,1,No,2,No,0,0
15715907,€113109.52,1,No,9,No,1,10179856.8
15764841,€130557.24,1,Yes,0,Yes,0,11750151.6
15748649,€93183.19,1,No,8,No,0,8386487.1
15771409,€151933.63,1,No,7,No,1,13674026.7
15779207,€125495.64,2,Yes,2,Yes,0,11294607.6
15814116,€0.0,2,No,7,No,0,0
15665087,€118547.72,1,Yes,8,Yes,0,10669294.8
15611189,€97792.21,1,No,1,No,0,8801298.9
15729718,€0.0,3,No,6,No,1,0
15733602,€0.0,2,Yes,2,Yes,0,0
15620103,€167181.01,1,Yes,8,Yes,0,15046290.9
15770406,€121355.19,1,Yes,9,Yes,0,10921967.1
15800554,€0.0,2,Yes,1,Yes,0,0
15611409,€0.0,2,No,0,No,0,0
15646535,€113226.47,1,No,5,No,0,10190382.3
15575430,€118392.75,1,Yes,1,Yes,0,10655347.5
15711299,€145262.54,1,Yes,8,Yes,0,13073628.6
15642063,€163505.16,1,No,6,No,0,14715464.4
15706602,€118114.28,2,Yes,1,Yes,0,10630285.2
15592773,€108449.23,3,No,0,No,1,9760430.7
15786539,€0.0,2,Yes,1,Yes,0,0
15737542,€103294.56,1,No,10,No,0,9296510.4
15590234,€0.0,1,No,1,No,1,0
15773776,€0.0,1,Yes,6,Yes,0,0
15728082,€0.0,2,No,6,No,0,0
15609987,€119919.12,1,No,2,No,0,10792720.8
15735330,€0.0,1,No,1,No,0,0
15649430,€0.0,2,Yes,4,Yes,0,0
15768777,€0.0,2,Yes,4,Yes,0,0
15777893,€0.0,2,No,1,No,0,0
15791326,€0.0,1,No,3,No,0,0
15615176,€0.0,2,No,7,No,0,0
15735221,€0.0,2,No,10,No,0,0
15617991,€128744.04,1,Yes,4,Yes,0,11586963.6
15658504,€137727.34,2,Yes,9,Yes,0,12395460.6
15785705,€106731.58,1,No,10,No,1,9605842.2
15801817,€123544.21,1,Yes,7,Yes,0,11118978.9
15752578,€133968.96,2,No,2,No,0,12057206.4
15781574,€126534.6,1,Yes,9,Yes,0,11388114
15792107,€0.0,1,Yes,8,Yes,0,0
15569917,€87609.68,2,No,6,No,1,7884871.2
15721504,€0.0,2,No,3,No,0,0
15757306,€0.0,3,Yes,3,Yes,1,0
15647295,€0.0,2,No,9,No,0,0
15642098,€108960.0,2,No,0,No,1,9806400
15696120,€0.0,2,No,2,No,0,0
15675176,€144953.31,1,Yes,6,Yes,0,13045797.9
15700046,€103544.88,2,No,4,No,0,9319039.2
15782089,€0.0,1,No,6,No,0,0
15706394,€0.0,2,Yes,7,Yes,0,0
15759387,€101487.18,1,Yes,1,Yes,1,9133846.2
15623369,€105355.81,1,No,10,No,1,9482022.9
15732943,€77967.5,1,No,4,No,1,7017075
15750545,€0.0,4,No,5,No,1,0
15809909,€0.0,2,Yes,4,Yes,0,0
15642448,€120047.77,1,Yes,8,Yes,0,10804299.3
15791944,€175464.85,3,No,7,No,1,15791836.5
15768342,€79475.3,3,Yes,8,Yes,1,7152777
15567919,€167735.69,2,Yes,8,Yes,0,15096212.1
15674750,€0.0,2,No,8,No,0,0
15778345,€74385.98,1,No,1,No,0,6694738.2
15687634,€94754.0,1,Yes,5,Yes,0,8527860
15666096,€0.0,1,Yes,4,Yes,0,0
15581700,€86920.86,1,Yes,3,Yes,0,7822877.4
15656417,€132077.48,2,No,1,No,0,11886973.2
15649101,€127847.86,1,No,10,No,0,11506307.4
15781975,€0.0,1,Yes,3,Yes,1,0
15700511,€176702.36,2,Yes,9,Yes,0,15903212.4
15770255,€83555.58,1,No,10,No,0,7520002.2
15643574,€0.0,2,No,8,No,0,0
15595010,€0.0,2,No,9,No,0,0
15580579,€0.0,1,Yes,1,Yes,1,0
15748532,€0.0,1,Yes,10,Yes,0,0
15773789,€96858.35,1,No,7,No,0,8717251.5
15600027,€0.0,2,Yes,1,Yes,0,0
15620832,€0.0,2,Yes,0,Yes,0,0
15568819,€132796.04,3,Yes,8,Yes,1,11951643.6
15748691,€154970.54,1,Yes,1,Yes,0,13947348.6
15583552,€88902.21,1,No,3,No,0,8001198.9
15588019,€98738.92,1,No,7,No,0,8886502.8
15713250,€0.0,2,Yes,8,Yes,0,0
15569595,€0.0,1,No,6,No,0,0
15794868,€137456.28,2,Yes,10,Yes,0,12371065.2
15576680,€0.0,2,No,4,No,0,0
15613699,€73937.02,1,No,7,No,1,6654331.8
15609758,€158621.04,1,No,7,No,1,14275893.6
15762392,€113257.2,1,Yes,1,Yes,0,10193148
15693382,€0.0,1,Yes,9,Yes,0,0
15791769,€116536.43,1,No,9,No,0,10488278.7
15712483,€0.0,2,No,4,No,1,0
15636454,€101070.69,1,No,6,No,1,9096362.1
15710138,€0.0,2,Yes,6,Yes,0,0
15571571,€127331.46,3,Yes,3,Yes,0,11459831.4
15638751,€0.0,2,No,5,No,0,0
15598574,€0.0,2,Yes,5,Yes,0,0
15796787,€105969.42,1,No,0,No,0,9537247.8
15615670,€119547.46,1,Yes,5,Yes,0,10759271.4
15705506,€0.0,2,No,7,No,0,0
15599535,€138668.18,1,Yes,5,Yes,0,12480136.2
15768449,€51582.5,2,Yes,7,Yes,0,4642425
15725002,€0.0,2,No,7,No,0,0
15611682,€169902.92,1,Yes,6,Yes,0,15291262.8
15749964,€87262.4,2,No,4,No,0,7853616
15678779,€0.0,2,Yes,7,Yes,0,0
15752601,€0.0,2,No,7,No,0,0
15758477,€0.0,2,No,2,No,0,0
15629133,€0.0,2,No,9,No,0,0
15604963,€0.0,2,No,5,No,0,0
15796413,€0.0,2,No,6,No,0,0
15812470,€0.0,2,Yes,5,Yes,0,0
15587443,€0.0,2,Yes,1,Yes,0,0
15689692,€150348.37,1,Yes,3,Yes,0,13531353.3
15779586,€115074.02,2,No,3,No,0,10356661.8
15667588,€0.0,1,Yes,3,Yes,0,0
15624423,€99986.98,1,No,8,No,0,8998828.2
15591107,€110357.0,1,No,3,No,1,9932130
15748986,€166685.92,2,Yes,8,Yes,0,15001732.8
15793896,€95312.8,1,Yes,7,Yes,0,8578152
15620570,€202443.47,1,No,4,No,0,18219912.3
15727811,€109493.62,1,No,0,No,1,9854425.8
15707681,€88977.39,2,Yes,9,Yes,0,8007965.1
15702030,€104982.57,1,No,2,No,0,9448431.3
15673238,€154110.99,2,No,8,No,1,13869989.1
15604196,€185714.28,1,Yes,6,Yes,0,16714285.2
15769356,€116022.53,2,Yes,3,Yes,0,10442027.7
15665590,€0.0,2,Yes,6,Yes,0,0
15572361,€164011.48,1,No,2,No,0,14761033.2
15667460,€0.0,2,Yes,9,Yes,0,0
15654760,€101514.89,1,Yes,1,Yes,0,9136340.1
15632669,€0.0,2,Yes,4,Yes,0,0
15613673,€0.0,1,No,9,No,0,0
15698522,€134599.33,2,No,9,No,0,12113939.7
15741633,€147511.26,1,Yes,10,Yes,0,13276013.4
15674583,€78396.08,1,Yes,0,Yes,0,7055647.2
15665374,€0.0,2,No,5,No,0,0
15588854,€110581.29,1,Yes,3,Yes,0,9952316.1
15810716,€151836.36,2,No,8,No,0,13665272.4
15776921,€83624.55,2,No,5,No,0,7526209.5
15569394,€148197.15,2,No,2,No,0,13337743.5
15788215,€122924.75,1,No,5,No,1,11063227.5
15641007,€72594.0,1,Yes,4,Yes,0,6533460
15594651,€115221.36,1,Yes,4,Yes,0,10369922.4
15575146,€117808.74,2,Yes,8,Yes,0,10602786.6
15608916,€147754.68,1,Yes,7,Yes,0,13297921.2
15666297,€0.0,3,No,3,No,1,0
15598586,€113292.17,1,Yes,10,Yes,0,10196295.3
15665014,€0.0,2,No,5,No,0,0
15701738,€115163.38,1,Yes,2,Yes,1,10364704.2
15650591,€118098.62,1,Yes,10,Yes,1,10628875.8
15652667,€0.0,2,Yes,9,Yes,0,0
15679622,€0.0,1,Yes,8,Yes,0,0
15730150,€120825.7,1,No,0,No,0,10874313
15813192,€0.0,2,Yes,6,Yes,0,0
15606554,€0.0,1,Yes,1,Yes,0,0
15611794,€133845.28,2,Yes,6,Yes,0,12046075.2
15672357,€0.0,2,No,7,No,0,0
15711759,€108541.04,1,Yes,5,Yes,0,9768693.6
15615296,€0.0,1,No,10,No,1,0
15699294,€0.0,2,No,1,No,0,0
15788634,€113817.06,1,No,2,No,0,10243535.4
15660871,€137300.23,1,No,8,No,0,12357020.7
15618258,€158024.38,1,No,5,No,0,14222194.2
15722535,€127837.54,1,Yes,7,Yes,0,11505378.6
15711977,€161533.0,1,No,4,No,0,14537970
15690169,€161171.7,2,No,7,No,1,14505453
15790689,€80958.36,1,Yes,9,Yes,0,7286252.4
15665181,€0.0,2,Yes,7,Yes,0,0
15633608,€146193.6,2,Yes,2,Yes,1,13157424
15805261,€0.0,2,Yes,8,Yes,0,0
15740356,€115021.76,1,Yes,4,Yes,0,10351958.4
15808223,€126773.43,1,Yes,1,Yes,0,11409608.7
15769980,€92889.91,1,Yes,3,Yes,0,8360091.9
15675450,€0.0,2,Yes,9,Yes,0,0
15776494,€146622.35,1,Yes,5,Yes,1,13196011.5
15592412,€131038.14,1,No,4,No,1,11793432.6
15777452,€88820.29,1,No,6,No,0,7993826.1
15692258,€115406.97,1,No,1,No,0,10386627.3
15791045,€132951.92,1,Yes,3,Yes,0,11965672.8
15807889,€108891.7,1,No,5,No,0,9800253
15602043,€141788.63,2,No,5,No,0,12760976.7
15807335,€116954.32,1,Yes,4,Yes,0,10525888.8
15629985,€90450.0,2,No,10,No,1,8140500
15679453,€125997.22,1,Yes,8,Yes,1,11339749.8
15637315,€0.0,2,No,3,No,0,0
15691513,€0.0,4,Yes,9,Yes,1,0
15622289,€0.0,2,Yes,9,Yes,0,0
15715184,€144637.86,2,No,4,No,0,13017407.4
15702801,€86616.35,1,No,3,No,1,7795471.5
15719931,€0.0,2,No,8,No,0,0
15806081,€127924.25,2,No,2,No,0,11513182.5
15796336,€0.0,2,No,9,No,0,0
15647306,€131240.61,1,Yes,9,Yes,1,11811654.9
15742369,€0.0,2,Yes,5,Yes,0,0
15655859,€120046.74,2,No,5,No,0,10804206.6
15675650,€97819.36,1,Yes,8,Yes,0,8803742.4
15574119,€62979.93,1,Yes,1,Yes,0,5668193.7
15754168,€0.0,1,Yes,3,Yes,0,0
15763029,€161450.03,1,Yes,9,Yes,1,14530502.7
15765048,€0.0,2,No,3,No,0,0
15786215,€119496.25,2,No,8,No,0,10754662.5
15707559,€0.0,2,Yes,9,Yes,0,0
15582129,€43772.66,3,No,1,No,1,3939539.4
15687540,€100249.41,2,Yes,9,Yes,0,9022446.9
15787196,€0.0,2,Yes,2,Yes,0,0
15670898,€108028.08,2,No,5,No,1,9722527.2
15775433,€53013.29,2,Yes,1,Yes,0,4771196.1
15700693,€0.0,2,Yes,2,Yes,0,0
15677955,€122088.67,1,No,1,No,0,10987980.3
15570086,€90544.0,1,Yes,9,Yes,0,8148960
15794875,€0.0,2,Yes,6,Yes,0,0
15673591,€141252.18,4,Yes,3,Yes,1,12712696.2
15631756,€147813.05,2,No,5,No,0,13303174.5
15757617,€134140.68,1,No,6,No,0,12072661.2
15612729,€0.0,2,Yes,7,Yes,0,0
15637857,€0.0,1,Yes,8,Yes,0,0
15681007,€128548.49,4,No,2,No,1,11569364.1
15593622,€122198.21,2,Yes,10,Yes,0,10997838.9
15629273,€145177.84,1,No,8,No,1,13066005.6
15765846,€94222.53,1,No,2,No,0,8480027.7
15596013,€143212.22,1,No,1,No,1,12889099.8
15722473,€0.0,2,No,3,No,0,0
15774936,€143350.41,1,Yes,6,Yes,1,12901536.9
15685640,€130931.83,1,Yes,3,Yes,0,11783864.7
15566563,€137851.31,1,No,4,No,1,12406617.9
15768746,€0.0,2,No,6,No,0,0
15689952,€0.0,1,Yes,5,Yes,0,0
15725906,€0.0,1,Yes,8,Yes,1,0
15634501,€140614.15,1,Yes,1,Yes,0,12655273.5
15571940,€118680.57,1,Yes,3,Yes,0,10681251.3
15741643,€122917.69,1,Yes,7,Yes,0,11062592.1
15806822,€0.0,2,No,0,No,0,0
15701166,€131754.11,2,Yes,5,Yes,0,11857869.9
15718531,€0.0,2,Yes,8,Yes,0,0
15628308,€0.0,2,Yes,6,Yes,0,0
15585287,€119948.09,1,No,9,No,1,10795328.1
15781619,€0.0,1,No,1,No,1,0
15805162,€0.0,2,Yes,0,Yes,0,0
15588535,€0.0,2,No,6,No,0,0
15775307,€97266.1,1,Yes,3,Yes,0,8753949
15777616,€113690.83,1,No,10,No,0,10232174.7
15692291,€99056.22,2,No,6,No,1,8915059.8
15680843,€0.0,2,Yes,8,Yes,0,0
15606232,€116338.68,1,Yes,7,Yes,0,10470481.2
15641585,€97339.99,1,Yes,6,Yes,0,8760599.1
15684358,€0.0,2,Yes,3,Yes,0,0
15806389,€137592.31,2,Yes,1,Yes,1,12383307.9
15641860,€108760.27,2,No,6,No,1,9788424.3
15814237,€128770.88,2,Yes,3,Yes,0,11589379.2
15808780,€0.0,2,No,2,No,0,0
15767064,€44054.84,1,Yes,1,Yes,0,3964935.6
15751177,€119657.53,1,No,2,No,1,10769177.7
15613427,€108797.63,2,No,7,No,0,9791786.7
15647259,€0.0,2,No,2,No,0,0
15748660,€102025.32,1,No,1,No,1,9182278.8
15726695,€122446.61,2,No,9,No,0,11020194.9
15757473,€158786.67,2,Yes,7,Yes,0,14290800.3
15809509,€125689.29,1,Yes,3,Yes,0,11312036.1
15715512,€154640.41,1,Yes,1,Yes,0,13917636.9
15614168,€146710.76,1,No,4,No,1,13203968.4
15679818,€136709.35,1,Yes,7,Yes,1,12303841.5
15609928,€129305.09,2,Yes,5,Yes,0,11637458.1
15731246,€0.0,2,No,10,No,0,0
15685243,€0.0,2,Yes,10,Yes,0,0
15638730,€82844.33,2,Yes,0,Yes,0,7455989.7
15697034,€0.0,2,Yes,2,Yes,0,0
15699225,€0.0,2,No,0,No,0,0
15677387,€76692.22,1,Yes,10,Yes,0,6902299.8
15759184,€117715.84,1,No,7,No,0,10594425.6
15595991,€87105.32,1,Yes,8,Yes,0,7839478.8
15681332,€0.0,1,No,6,No,1,0
15756299,€69311.16,1,Yes,2,Yes,0,6238004.4
15750547,€0.0,2,Yes,9,Yes,0,0
15566380,€66948.67,2,Yes,10,Yes,0,6025380.3
15675963,€0.0,2,Yes,9,Yes,0,0
15674671,€128410.71,2,Yes,2,Yes,0,11556963.9
15621466,€99897.53,1,No,3,No,0,8990777.7
15607176,€0.0,1,Yes,3,Yes,0,0
15570299,€152622.34,1,No,6,No,0,13736010.6
15613197,€0.0,2,No,8,No,0,0
15798885,€138227.19,2,Yes,4,Yes,0,12440447.1
15714883,€111395.53,1,Yes,2,Yes,0,10025597.7
15604497,€84386.57,1,No,7,No,0,7594791.3
15773949,€0.0,2,Yes,3,Yes,0,0
15774164,€174673.65,2,No,5,No,0,15720628.5
15774127,€0.0,2,No,3,No,0,0
15619016,€109019.65,2,Yes,5,Yes,0,9811768.5
15795759,€107906.75,1,No,1,No,1,9711607.5
15798844,€128914.97,1,No,7,No,1,11602347.3
15717962,€111179.83,1,Yes,9,Yes,0,10006184.7
15691504,€124099.13,1,No,8,No,0,11168921.7
15693893,€122471.09,1,Yes,9,Yes,0,11022398.1
15672499,€134692.4,2,Yes,3,Yes,0,12122316
15750410,€123816.5,1,Yes,4,Yes,0,11143485
15568904,€106288.54,1,Yes,3,Yes,0,9565968.6
15649033,€127723.25,2,No,7,No,1,11495092.5
15780989,€145843.82,1,Yes,2,Yes,1,13125943.8
15771059,€148200.72,1,No,2,No,0,13338064.8
15687852,€104145.65,1,No,2,No,0,9373108.5
15695280,€142755.25,1,No,8,No,0,12847972.5
15592751,€81245.79,1,No,3,No,1,7312121.1
15598338,€168560.46,2,No,3,No,0,15170441.4
15735784,€0.0,1,No,8,No,0,0
15629128,€132193.94,2,Yes,2,Yes,0,11897454.6
15642870,€0.0,1,Yes,9,Yes,0,0
15637977,€139330.1,1,No,8,No,0,12539709
15600792,€0.0,2,Yes,0,Yes,0,0
15576131,€0.0,2,No,5,No,0,0
15686588,€134571.5,1,Yes,2,Yes,0,12111435
15761018,€143829.2,2,No,2,No,1,12944628
15616029,€0.0,2,No,7,No,0,0
15761149,€133444.97,1,Yes,8,Yes,0,12010047.3
15802758,€104753.84,2,No,4,No,1,9427845.6
15647838,€116574.84,1,No,2,No,1,10491735.6
15735968,€0.0,2,Yes,10,Yes,0,0
15581286,€176914.8,1,Yes,9,Yes,0,15922332
15625445,€68348.18,2,Yes,8,Yes,0,6151336.2
15600173,€0.0,2,Yes,9,Yes,0,0
15635143,€56726.83,2,Yes,2,Yes,0,5105414.7
15664849,€65269.23,1,Yes,3,Yes,1,5874230.7
15762455,€66220.17,1,Yes,6,Yes,0,5959815.3
15797165,€0.0,1,No,9,No,1,0
15788189,€96147.55,1,No,8,No,0,8653279.5
15780492,€0.0,2,No,4,No,0,0
15678497,€0.0,1,No,2,No,1,0
15588560,€145330.43,1,Yes,8,Yes,0,13079738.7
15606003,€0.0,2,Yes,3,Yes,0,0
15611756,€124192.28,2,Yes,4,Yes,0,11177305.2
15789563,€111288.18,1,Yes,7,Yes,1,10015936.2
15702416,€107805.67,1,No,7,No,0,9702510.3
15766288,€103700.69,1,No,5,No,1,9333062.1
15667633,€0.0,2,Yes,1,Yes,0,0
15622774,€0.0,1,Yes,0,Yes,0,0
15755416,€87739.08,1,Yes,3,Yes,0,7896517.2
15769915,€133313.34,1,Yes,0,Yes,0,11998200.6
15643908,€0.0,1,Yes,10,Yes,0,0
15627395,€154902.66,1,Yes,7,Yes,0,13941239.4
15679663,€0.0,2,No,0,No,0,0
15651581,€112595.85,1,No,6,No,1,10133626.5
15596379,€119695.75,1,Yes,3,Yes,0,10772617.5
15746674,€0.0,1,No,7,No,1,0
15801256,€0.0,2,Yes,7,Yes,0,0
15663808,€152614.51,2,Yes,8,Yes,0,13735305.9
15598521,€131647.01,2,No,7,No,0,11848230.9
15621457,€96654.72,2,No,6,No,0,8698924.8
15764726,€137583.04,1,Yes,3,Yes,0,12382473.6
15646374,€62717.84,2,Yes,3,Yes,0,5644605.6
15716501,€95377.13,1,Yes,9,Yes,0,8583941.7
15589948,€135936.1,2,Yes,1,Yes,0,12234249
15811343,€161591.11,3,Yes,5,Yes,0,14543199.9
15659677,€142382.03,1,Yes,8,Yes,0,12814382.7
15594436,€0.0,2,Yes,2,Yes,0,0
15748995,€0.0,2,Yes,9,Yes,0,0
15677062,€127043.09,1,Yes,6,Yes,0,11433878.1
15697201,€0.0,1,Yes,3,Yes,0,0
15666453,€78885.88,2,Yes,4,Yes,0,7099729.2
15693771,€95922.9,1,No,8,No,1,8633061
15569867,€0.0,2,No,8,No,0,0
15711602,€91711.59,1,Yes,3,Yes,0,8254043.1
15717736,€110031.09,2,Yes,10,Yes,0,9902798.1
15750441,€81210.72,2,Yes,5,Yes,0,7308964.8
15732791,€122947.92,1,Yes,5,Yes,0,11065312.8
15775104,€182065.85,1,No,1,No,0,16385926.5
15757607,€0.0,1,No,0,No,1,0
15793070,€69974.66,2,No,2,No,1,6297719.4
15760456,€123711.73,2,No,10,No,1,11134055.7
15665385,€76495.04,1,No,6,No,0,6884553.6
15612418,€0.0,2,No,9,No,0,0
15727138,€0.0,2,Yes,9,Yes,0,0
15732061,€121874.89,1,No,1,No,1,10968740.1
15776051,€0.0,2,Yes,6,Yes,0,0
15616530,€188455.19,1,No,6,No,1,16960967.1
15632344,€99045.93,2,No,0,No,0,8914133.7
15744979,€0.0,1,Yes,8,Yes,0,0
15745433,€205770.78,2,No,2,No,0,18519370.2
15683657,€79340.95,1,No,0,No,0,7140685.5
15718572,€138456.03,2,Yes,9,Yes,0,12461042.7
15665783,€0.0,2,Yes,7,Yes,0,0
15652782,€101099.9,2,Yes,2,Yes,0,9098991
15707025,€0.0,2,Yes,5,Yes,0,0
15647807,€109219.83,1,No,8,No,0,9829784.7
15718281,€123276.69,2,Yes,1,Yes,1,11094902.1
15660571,€113034.31,1,Yes,10,Yes,0,10173087.9
15727857,€0.0,2,No,1,No,0,0
15639252,€129548.5,2,Yes,6,Yes,0,11659365
15628144,€74812.84,1,Yes,4,Yes,0,6733155.6
15683560,€0.0,2,No,7,No,0,0
15653275,€0.0,2,No,1,No,1,0
15622182,€153538.13,2,No,3,No,0,13818431.7
15613962,€0.0,2,Yes,9,Yes,0,0
15618437,€0.0,2,Yes,10,Yes,0,0
15783338,€155619.36,1,Yes,0,Yes,0,14005742.4
15764491,€159693.9,2,Yes,10,Yes,0,14372451
15712960,€171653.17,1,Yes,3,Yes,0,15448785.3
15688157,€47685.47,2,Yes,2,Yes,0,4291692.3
15579287,€0.0,2,Yes,4,Yes,0,0
15570931,€0.0,1,No,5,No,1,0
15615177,€123692.0,1,Yes,6,Yes,0,11132280
15809906,€148853.29,2,Yes,1,Yes,0,13396796.1
15652169,€133161.95,1,Yes,2,Yes,0,11984575.5
15649450,€143221.35,2,No,6,No,0,12889921.5
15777179,€0.0,2,Yes,9,Yes,0,0
15803538,€0.0,3,No,1,No,1,0
15610936,€0.0,2,No,6,No,0,0
15590094,€126265.88,2,No,9,No,0,11363929.2
15572706,€0.0,1,No,5,No,0,0
15634564,€112713.34,1,Yes,8,Yes,0,10144200.6
15684296,€141173.03,1,Yes,5,Yes,0,12705572.7
15702293,€0.0,2,Yes,7,Yes,0,0
15642099,€0.0,2,No,6,No,0,0
15773273,€118866.36,1,Yes,5,Yes,0,10697972.4
15613337,€0.0,2,Yes,2,Yes,0,0
15800482,€0.0,2,Yes,7,Yes,0,0
15732644,€92316.31,2,No,5,No,1,8308467.9
15713426,€122185.53,1,No,1,No,1,10996697.7
15640789,€123345.85,1,No,4,No,0,11101126.5
15598892,€73070.18,2,No,4,No,0,6576316.2
15606436,€0.0,2,No,7,No,0,0
15751227,€95120.59,1,No,1,No,0,8560853.1
15812365,€102800.65,1,No,8,No,0,9252058.5
15616088,€97072.42,1,Yes,7,Yes,0,8736517.8
15803886,€132876.55,1,Yes,6,Yes,0,11958889.5
15587311,€0.0,2,Yes,6,Yes,0,0
15617401,€0.0,2,No,2,No,0,0
15775886,€0.0,1,No,3,No,1,0
15807305,€0.0,1,No,2,No,0,0
15761717,€51962.91,2,No,10,No,0,4676661.9
15628008,€98759.89,1,No,6,No,0,8888390.1
15583755,€156570.86,1,Yes,2,Yes,0,14091377.4
15661409,€0.0,1,Yes,1,Yes,1,0
15774250,€159024.71,1,No,1,No,1,14312223.9
15681476,€73493.17,1,Yes,1,Yes,1,6614385.3
15654870,€0.0,2,Yes,8,Yes,0,0
15790448,€69617.36,1,No,6,No,0,6265562.4
15785326,€136526.26,2,No,5,No,0,12287363.4
15592854,€113736.27,1,Yes,3,Yes,0,10236264.3
15617486,€106723.28,1,No,1,No,1,9605095.2
15806796,€138847.9,1,Yes,10,Yes,0,12496311
15644699,€0.0,2,No,0,No,0,0
15622305,€107868.14,2,Yes,2,Yes,0,9708132.6
15608209,€96926.12,2,No,3,No,0,8723350.8
15626898,€77599.23,1,No,7,No,0,6983930.7
15644297,€178787.54,1,Yes,5,Yes,0,16090878.6
15731569,€0.0,2,Yes,5,Yes,0,0
15582149,€129668.43,2,Yes,3,Yes,0,11670158.7
15802483,€146178.13,2,Yes,6,Yes,0,13156031.7
15686999,€0.0,2,No,8,No,0,0
15772479,€0.0,2,No,4,No,0,0
15778884,€154763.21,2,Yes,2,Yes,0,13928688.9
15623630,€116251.24,1,Yes,3,Yes,1,10462611.6
15774316,€0.0,2,Yes,6,Yes,0,0
15695097,€100954.88,2,No,0,No,0,9085939.2
15645404,€124620.01,2,No,4,No,1,11215800.9
15750574,€0.0,2,Yes,4,Yes,0,0
15636812,€112701.04,1,No,9,No,0,10143093.6
15712068,€84692.5,1,Yes,8,Yes,0,7622325
15652030,€108204.52,1,No,2,No,1,9738406.8
15577398,€86449.39,1,Yes,6,Yes,0,7780445.1
15756848,€0.0,1,Yes,10,Yes,0,0
15806929,€73194.99,1,Yes,5,Yes,0,6587549.1
15656005,€124593.23,1,No,7,No,0,11213390.7
15722632,€119655.77,1,Yes,2,Yes,1,10769019.3
15794356,€121765.37,2,Yes,3,Yes,0,10958883.3
15659656,€110837.73,1,No,4,No,0,9975395.7
15588341,€99835.17,1,Yes,10,Yes,0,8985165.3
15709142,€91057.37,2,No,2,No,0,8195163.3
15627042,€0.0,2,No,7,No,0,0
15627517,€149400.27,1,No,7,No,0,13446024.3
15803032,€89111.63,1,No,9,No,0,8020046.7
15665129,€132527.9,2,Yes,1,Yes,0,11927511
15628272,€114997.42,1,No,9,No,0,10349767.8
15678206,€161798.53,1,No,6,No,0,14561867.7
15678427,€96129.32,2,Yes,2,Yes,0,8651638.8
15678067,€0.0,2,No,3,No,0,0
15793331,€133050.97,2,No,5,No,0,11974587.3
15699532,€120124.35,2,Yes,8,Yes,0,10811191.5
15605827,€0.0,2,No,8,No,0,0
15643635,€133705.74,1,No,5,No,0,12033516.6
15787710,€0.0,2,No,9,No,0,0
15614137,€0.0,2,No,7,No,0,0
15754494,€152805.05,1,No,4,No,0,13752454.5
15713440,€151701.45,3,Yes,1,Yes,1,13653130.5
15803479,€0.0,2,Yes,1,Yes,0,0
15709639,€112465.06,1,Yes,5,Yes,0,10121855.4
15601719,€156007.09,1,No,6,No,0,14040638.1
15772482,€132405.52,3,No,3,No,1,11916496.8
15591489,€142662.68,1,No,5,No,0,12839641.2
15629002,€102603.3,2,Yes,8,Yes,0,9234297
15798053,€0.0,2,No,9,No,0,0
15753895,€0.0,2,No,1,No,0,0
15595426,€105000.85,2,Yes,6,Yes,1,9450076.5
15645815,€0.0,2,Yes,5,Yes,0,0
15632848,€69518.95,1,No,1,No,0,6256705.5
15703068,€126145.54,2,Yes,8,Yes,0,11353098.6
15791513,€138937.35,1,Yes,4,Yes,1,12504361.5
15587210,€113581.98,1,No,10,No,0,10222378.2
15793803,€112572.39,1,No,1,No,0,10131515.1
15787756,€114514.71,2,No,10,No,1,10306323.9
15723437,€0.0,2,Yes,2,Yes,0,0
15702715,€0.0,2,Yes,10,Yes,0,0
15809872,€84906.45,1,No,2,No,0,7641580.5
15644295,€126816.18,1,Yes,2,Yes,0,11413456.2
15778694,€105249.76,2,Yes,1,Yes,0,9472478.4
15759555,€0.0,2,No,2,No,0,0
15631406,€109387.9,1,No,5,No,0,9844911
15616676,€122478.51,1,No,3,No,1,11023065.9
15771154,€137732.23,2,Yes,8,Yes,0,12395900.7
15669491,€157866.77,1,Yes,2,Yes,0,14208009.3
15697691,€0.0,1,Yes,6,Yes,0,0
15665180,€136789.14,1,No,3,No,1,12311022.6
15752588,€0.0,2,Yes,1,Yes,0,0
15743051,€144684.03,1,Yes,10,Yes,0,13021562.7
15571873,€107065.31,1,Yes,9,Yes,0,9635877.9
15679743,€91301.72,1,Yes,8,Yes,0,8217154.8
15769412,€207034.96,2,No,4,No,1,18633146.4
15775124,€0.0,2,Yes,8,Yes,0,0
15732113,€0.0,1,Yes,8,Yes,0,0
15578141,€0.0,1,Yes,3,Yes,1,0
15595874,€0.0,2,No,6,No,0,0
15755642,€0.0,2,Yes,5,Yes,0,0
15576526,€0.0,2,Yes,6,Yes,0,0
15792489,€0.0,2,No,9,No,0,0
15733705,€92472.1,2,Yes,8,Yes,0,8322489
15807221,€0.0,2,No,1,No,0,0
15573045,€127738.75,2,Yes,10,Yes,0,11496487.5
15756824,€101242.98,2,No,5,No,0,9111868.2
15773520,€92599.55,2,Yes,4,Yes,0,8333959.5
15627439,€0.0,2,Yes,10,Yes,0,0
15701439,€0.0,4,No,1,No,1,0
15785352,€82373.94,1,No,6,No,1,7413654.6
15616525,€141356.47,1,No,4,No,0,12722082.3
15717489,€0.0,1,No,9,No,1,0
15795737,€72664.0,2,Yes,3,Yes,0,6539760
15693877,€123365.34,2,No,3,No,0,11102880.6
15576111,€121898.58,1,No,5,No,0,10970872.2
15595713,€0.0,1,Yes,6,Yes,0,0
15808868,€103696.97,3,No,3,No,1,9332727.3
15708193,€0.0,2,No,2,No,0,0
15697801,€74129.18,2,Yes,1,Yes,1,6671626.2
15770121,€0.0,1,No,9,No,0,0
15800524,€185379.02,1,No,3,No,0,16684111.8
15686236,€118087.68,1,No,1,No,1,10627891.2
15659807,€109402.13,1,Yes,8,Yes,0,9846191.7
15736078,€130367.87,1,No,7,No,1,11733108.3
15620836,€108410.87,2,No,2,No,0,9756978.3
15698184,€90408.16,2,No,2,No,0,8136734.4
15717643,€90425.15,2,Yes,6,Yes,0,8138263.5
15776596,€140094.59,1,No,6,No,1,12608513.1
15814757,€0.0,2,Yes,9,Yes,0,0
15812607,€95439.4,1,Yes,6,Yes,1,8589546
15663888,€204017.4,2,No,6,No,0,18361566
15748882,€0.0,2,No,9,No,0,0
15690829,€137115.16,1,No,3,No,1,12340364.4
15695819,€134740.19,2,No,5,No,0,12126617.1
15696834,€0.0,2,No,5,No,0,0
15797710,€98955.87,1,Yes,4,Yes,0,8906028.3
15700654,€49157.09,2,No,9,No,0,4424138.1
15583764,€130240.33,1,No,1,No,0,11721629.7
15688849,€108019.27,3,Yes,1,Yes,1,9721734.3
15661473,€126725.25,1,No,4,No,1,11405272.5
15601030,€96693.66,1,Yes,5,Yes,0,8702429.4
15789557,€129810.6,1,Yes,7,Yes,0,11682954
15745250,€156652.13,1,No,8,No,1,14098691.7
15590349,€0.0,1,No,9,No,1,0
15741693,€130661.96,1,Yes,4,Yes,0,11759576.4
15618446,€0.0,2,Yes,8,Yes,0,0
15766552,€0.0,2,No,6,No,0,0
15668775,€130747.1,1,No,3,No,0,11767239
15757895,€106629.49,1,Yes,6,Yes,0,9596654.1
15774551,€112029.83,1,Yes,3,Yes,0,10082684.7
15684011,€130575.26,1,Yes,7,Yes,0,11751773.4
15736146,€96679.71,1,Yes,4,Yes,0,8701173.9
15656286,€0.0,2,No,0,No,0,0
15774847,€171740.69,1,No,6,No,0,15456662.1
15619340,€0.0,2,No,1,No,0,0
15815656,€100116.67,1,Yes,9,Yes,1,9010500.3
15623357,€120596.93,1,Yes,2,Yes,0,10853723.7
15601324,€0.0,2,Yes,1,Yes,0,0
15715510,€95984.69,2,Yes,2,Yes,0,8638622.1
15663770,€142557.11,1,Yes,1,Yes,0,12830139.9
15779267,€0.0,2,No,5,No,0,0
15597957,€0.0,2,Yes,2,Yes,0,0
15584620,€143644.16,1,No,6,No,1,12927974.4
15750772,€132129.72,1,Yes,6,Yes,0,11891674.8
15706557,€0.0,2,No,0,No,1,0
15594391,€183555.24,1,No,2,No,1,16519971.6
15661656,€91902.56,2,Yes,2,Yes,0,8271230.4
15631217,€156218.19,1,Yes,6,Yes,0,14059637.1
15588955,€93259.57,3,No,5,No,1,8393361.3
15758252,€168085.38,2,Yes,2,Yes,0,15127684.2
15740223,€107714.74,3,No,1,No,1,9694326.6
15805413,€117852.26,2,No,6,No,0,10606703.4
15635116,€0.0,1,No,2,No,1,0
15764892,€84474.62,2,Yes,10,Yes,0,7602715.8
15795936,€0.0,2,No,3,No,0,0
15655232,€126803.34,2,Yes,6,Yes,0,11412300.6
15640133,€0.0,2,No,0,No,0,0
15751524,€68806.84,1,No,10,No,0,6192615.6
15670552,€115141.18,1,No,3,No,0,10362706.2
15623966,€0.0,2,Yes,2,Yes,0,0
15752193,€90723.36,1,Yes,6,Yes,0,8165102.4
15607269,€151249.45,2,Yes,2,Yes,0,13612450.5
15700752,€0.0,2,Yes,6,Yes,0,0
15777901,€94752.49,1,No,9,No,1,8527724.1
15639117,€0.0,1,No,6,No,1,0
15720203,€0.0,1,No,7,No,0,0
15586236,€132084.66,3,Yes,5,Yes,1,11887619.4
15676645,€0.0,2,Yes,5,Yes,0,0
15715988,€0.0,2,Yes,2,Yes,0,0
15603749,€45472.28,1,Yes,2,Yes,1,4092505.2
15608956,€0.0,1,No,1,No,0,0
15733872,€130229.71,2,No,10,No,1,11720673.9
15666982,€123948.85,1,No,9,No,0,11155396.5
15602647,€127415.85,1,Yes,6,Yes,1,11467426.5
15623063,€110067.71,1,No,8,No,1,9906093.9
15682928,€65521.2,1,Yes,4,Yes,0,5896908
15729246,€0.0,2,Yes,5,Yes,0,0
15588928,€0.0,2,Yes,5,Yes,0,0
15803352,€155736.42,2,Yes,3,Yes,0,14016277.8
15607485,€0.0,2,No,4,No,0,0
15656249,€118307.57,2,Yes,3,Yes,0,10647681.3
15761783,€0.0,1,Yes,6,Yes,0,0
15716605,€103099.17,2,No,7,No,0,9278925.3
15757425,€0.0,2,Yes,1,Yes,0,0
15603096,€125789.69,1,No,6,No,1,11321072.1
15588580,€109646.83,1,Yes,4,Yes,0,9868214.7
15770539,€127187.86,1,Yes,1,Yes,0,11446907.4
15572022,€0.0,1,Yes,6,Yes,0,0
15571843,€0.0,1,No,1,No,0,0
15752502,€130385.82,1,Yes,4,Yes,0,11734723.8
15609058,€107787.47,1,Yes,1,Yes,0,9700872.3
15775108,€99325.04,2,Yes,1,Yes,0,8939253.6
15708904,€0.0,1,No,9,No,0,0
15600086,€123764.95,1,Yes,7,Yes,0,11138845.5
15814675,€128264.03,1,No,8,No,1,11543762.7
15572777,€86006.21,1,Yes,7,Yes,0,7740558.9
15585106,€57068.43,2,No,8,No,0,5136158.7
15738936,€103607.24,2,Yes,5,Yes,0,9324651.6
15750970,€99004.24,1,Yes,1,Yes,0,8910381.6
15725772,€0.0,2,Yes,2,Yes,0,0
15692106,€147386.72,3,No,3,No,1,13264804.8
15791533,€93608.28,1,No,6,No,1,8424745.2
15715715,€0.0,2,Yes,2,Yes,0,0
15785576,€119496.87,1,No,9,No,0,10754718.3
15798834,€0.0,1,No,7,No,0,0
15744127,€0.0,2,No,2,No,0,0
15637427,€0.0,2,Yes,6,Yes,0,0
15576990,€152885.77,1,No,5,No,0,13759719.3
15615352,€99607.37,2,Yes,4,Yes,0,8964663.3
15647333,€137003.68,1,No,4,No,0,12330331.2
15572050,€122831.58,1,Yes,3,Yes,1,11054842.2
15581370,€99811.44,2,No,2,No,0,8983029.6
15813503,€154712.58,2,No,8,No,0,13924132.2
15769783,€0.0,1,Yes,8,Yes,0,0
15793135,€147687.24,1,Yes,7,Yes,0,13291851.6
15599182,€0.0,2,Yes,2,Yes,0,0
15689517,€127009.83,1,No,3,No,0,11430884.7
15641366,€124737.96,1,Yes,1,Yes,1,11226416.4
15588859,€179356.28,2,No,0,No,1,16142065.2
15732293,€0.0,2,Yes,8,Yes,0,0
15568032,€127320.36,3,No,1,No,0,11458832.4
15623525,€125175.58,1,Yes,0,Yes,0,11265802.2
15606601,€186788.96,2,No,6,No,0,16811006.4
15800811,€148556.74,1,Yes,3,Yes,0,13370106.6
15610711,€128644.46,1,No,8,No,0,11578001.4
15809654,€127476.73,2,Yes,7,Yes,0,11472905.7
15576077,€159561.93,1,Yes,9,Yes,0,14360573.7
15643378,€112419.92,1,Yes,1,Yes,0,10117792.8
15566790,€129991.76,2,Yes,8,Yes,0,11699258.4
15774402,€0.0,1,Yes,5,Yes,0,0
15694641,€0.0,2,Yes,2,Yes,0,0
15605916,€0.0,1,No,3,No,1,0
15812356,€89175.06,2,Yes,6,Yes,0,8025755.4
15644179,€0.0,2,No,3,No,1,0
15771674,€162390.52,2,No,5,No,0,14615146.8
15623314,€190353.08,1,No,3,No,0,17131777.2
15613292,€0.0,2,No,8,No,0,0
15813871,€0.0,2,No,2,No,0,0
15759480,€139180.97,1,Yes,10,Yes,0,12526287.3
15587712,€114435.47,1,No,8,No,0,10299192.3
15671165,€149950.19,1,Yes,5,Yes,0,13495517.1
15620746,€126115.6,1,No,4,No,0,11350404
15706537,€111396.97,1,Yes,7,Yes,0,10025727.3
15589312,€115007.08,1,No,3,No,0,10350637.2
15741180,€102141.9,1,Yes,6,Yes,0,9192771
15733888,€133686.52,1,No,3,No,1,12031786.8
15798532,€120879.73,2,Yes,9,Yes,0,10879175.7
15577359,€0.0,1,No,5,No,1,0
15614936,€82321.88,1,Yes,10,Yes,0,7408969.2
15747647,€0.0,2,No,4,No,0,0
15588566,€116474.28,2,Yes,5,Yes,0,10482685.2
15570141,€132352.69,1,No,3,No,0,11911742.1
15800793,€182491.57,1,No,4,No,0,16424241.3
15572415,€0.0,2,Yes,6,Yes,0,0
15635125,€120787.18,2,Yes,2,Yes,0,10870846.2
15636551,€130181.47,2,No,3,No,0,11716332.3
15600912,€88348.43,2,Yes,5,Yes,0,7951358.7
15768476,€0.0,2,Yes,6,Yes,0,0
15650266,€146186.28,2,Yes,2,Yes,0,13156765.2
15621004,€0.0,1,No,7,No,1,0
15748352,€104488.17,1,Yes,0,Yes,0,9403935.3
15788920,€109196.67,2,No,4,No,0,9827700.3
15743236,€80538.56,1,No,7,No,1,7248470.4
15637717,€109026.8,2,Yes,4,Yes,0,9812412
15635500,€61319.63,1,Yes,2,Yes,0,5518766.7
15634792,€0.0,2,Yes,9,Yes,0,0
15607560,€0.0,2,Yes,2,Yes,0,0
15727177,€177822.03,1,No,6,No,1,16003982.7
15774358,€110939.3,1,No,4,No,1,9984537
15791304,€165413.43,1,Yes,7,Yes,0,14887208.7
15603328,€77805.66,1,Yes,1,Yes,0,7002509.4
15804937,€0.0,2,No,3,No,0,0
15804142,€175575.95,2,No,3,No,1,15801835.5
15608845,€124197.22,1,No,3,No,0,11177749.8
15702434,€0.0,2,No,3,No,0,0
15632609,€160132.75,1,No,10,No,0,14411947.5
15603550,€70258.88,2,No,7,No,0,6323299.2
15755239,€162657.64,2,Yes,4,Yes,0,14639187.6
15670528,€132217.45,1,No,0,No,1,11899570.5
15732704,€148042.97,2,No,9,No,0,13323867.3
15589019,€92855.02,1,Yes,4,Yes,0,8356951.8
15677796,€129289.98,1,No,9,No,1,11636098.2
15760177,€100252.18,1,Yes,9,Yes,0,9022696.2
15636595,€107592.89,2,Yes,3,Yes,0,9683360.1
15737275,€113096.41,1,Yes,3,Yes,0,10178676.9
15672905,€0.0,2,Yes,7,Yes,0,0
15753955,€149940.04,2,No,7,No,0,13494603.6
15708504,€121438.58,1,Yes,8,Yes,1,10929472.2
15592451,€0.0,2,No,9,No,0,0
15790455,€0.0,1,Yes,2,Yes,1,0
15572174,€148874.01,2,Yes,3,Yes,0,13398660.9
15656330,€68138.37,1,Yes,0,Yes,0,6132453.3
15569626,€110080.3,1,Yes,5,Yes,0,9907227
15608726,€0.0,2,Yes,7,Yes,0,0
15637366,€114268.85,2,Yes,5,Yes,0,10284196.5
15778049,€117412.35,1,No,6,No,0,10567111.5
15727421,€0.0,2,Yes,6,Yes,0,0
15688865,€0.0,2,No,9,No,0,0
15751032,€35549.81,2,No,1,No,0,3199482.9
15734737,€0.0,2,Yes,9,Yes,0,0
15746515,€136492.92,3,Yes,7,Yes,1,12284362.8
15664311,€123675.69,1,Yes,3,Yes,0,11130812.1
15708139,€139532.34,1,No,1,No,0,12557910.6
15768574,€178713.98,1,Yes,1,Yes,0,16084258.2
15738018,€0.0,2,No,5,No,0,0
15699753,€89086.31,1,No,1,No,0,8017767.9
15703199,€96143.47,1,No,3,No,0,8652912.3
15627830,€32197.64,1,Yes,5,Yes,0,2897787.6
15570855,€0.0,2,Yes,7,Yes,0,0
15772503,€0.0,2,No,4,No,0,0
15584453,€0.0,2,Yes,10,Yes,0,0
15710111,€0.0,2,No,6,No,0,0
15618562,€140306.38,1,No,0,No,1,12627574.2
15706764,€0.0,2,No,1,No,0,0
15798737,€0.0,2,No,8,No,0,0
15712608,€74483.97,2,Yes,2,Yes,0,6703557.3
15636736,€0.0,2,Yes,7,Yes,1,0
15703544,€0.0,1,No,0,No,0,0
15815645,€152303.66,2,Yes,8,Yes,0,13707329.4
15705739,€159904.79,1,No,5,No,0,14391431.1
15709643,€0.0,3,No,1,No,0,0
15669805,€99557.94,1,No,1,No,0,8960214.6
15737489,€116886.59,1,No,5,No,0,10519793.1
15775131,€142188.2,2,Yes,9,Yes,0,12796938
15765283,€149961.99,2,No,3,No,0,13496579.1
15628715,€0.0,2,Yes,8,Yes,0,0
15813283,€0.0,1,No,2,No,0,0
15745716,€0.0,2,Yes,7,Yes,0,0
15598485,€28649.64,1,Yes,8,Yes,0,2578467.6
15696552,€81025.6,2,No,4,No,0,7292304
15754569,€0.0,2,Yes,1,Yes,0,0
15701741,€152462.79,1,No,3,No,0,13721651.1
15572631,€0.0,1,Yes,10,Yes,0,0
15636069,€155519.59,1,No,7,No,0,13996763.1
15682467,€118851.05,1,Yes,1,Yes,0,10696594.5
15790744,€92899.27,2,No,9,No,0,8360934.3
15625023,€0.0,1,Yes,4,Yes,0,0
15731267,€75263.7,1,No,4,No,0,6773733
15742879,€147904.31,1,Yes,1,Yes,0,13311387.9
15757015,€106640.5,1,No,5,No,0,9597645
15770711,€90696.78,1,Yes,4,Yes,0,8162710.2
15569430,€175509.8,2,No,2,No,0,15795882
15617304,€0.0,2,Yes,6,Yes,0,0
15704466,€0.0,2,No,7,No,0,0
15664681,€114321.28,2,No,2,No,0,10288915.2
15605534,€95560.04,1,No,4,No,1,8600403.6
15792473,€88379.81,3,Yes,5,Yes,1,7954182.9
15802625,€85915.52,1,Yes,7,Yes,0,7732396.8
15766017,€72309.3,1,Yes,3,Yes,1,6507837
15762172,€0.0,2,No,2,No,0,0
15728333,€0.0,1,Yes,8,Yes,0,0
15792868,€0.0,2,No,1,No,0,0
15605698,€0.0,3,Yes,3,Yes,1,0
15777060,€0.0,1,No,4,No,1,0
15626243,€133844.22,1,Yes,3,Yes,0,12045979.8
15719898,€154872.08,2,Yes,7,Yes,0,13938487.2
15599976,€0.0,2,No,9,No,0,0
15752809,€116121.67,1,No,6,No,0,10450950.3
15589698,€107104.5,1,Yes,6,Yes,1,9639405
15609977,€71026.77,1,No,6,No,0,6392409.3
15750121,€0.0,1,No,3,No,0,0
15734177,€0.0,2,Yes,4,Yes,0,0
15781347,€0.0,2,Yes,1,Yes,0,0
15592025,€0.0,2,Yes,7,Yes,0,0
15670163,€0.0,2,No,4,No,0,0
15765402,€145644.05,1,No,6,No,0,13107964.5
15624343,€129667.77,1,No,7,No,0,11670099.3
15602354,€109341.87,1,No,3,No,0,9840768.3
15579183,€0.0,2,Yes,1,Yes,0,0
15584899,€0.0,2,Yes,5,Yes,0,0
15723658,€0.0,2,No,6,No,0,0
15803965,€87485.67,1,Yes,3,Yes,0,7873710.3
15682489,€0.0,2,No,9,No,0,0
15813645,€53369.13,1,Yes,0,Yes,0,4803221.7
15766787,€0.0,2,Yes,9,Yes,0,0
15687171,€146679.77,1,No,5,No,0,13201179.3
15690744,€112499.42,2,No,2,No,0,10124947.8
15707974,€48387.0,1,No,2,No,0,4354830
15673084,€68079.8,1,Yes,1,Yes,0,6127182
15814772,€160133.88,1,Yes,4,Yes,0,14412049.2
15743709,€66190.33,1,Yes,4,Yes,0,5957129.7
15610343,€0.0,2,Yes,10,Yes,1,0
15737414,€123761.68,1,No,4,No,0,11138551.2
15788480,€122325.58,1,No,0,No,1,11009302.2
15568519,€0.0,2,No,9,No,0,0
15792453,€138912.17,1,Yes,1,Yes,0,12502095.3
15658100,€0.0,2,Yes,0,Yes,0,0
15695197,€128524.19,2,No,7,No,0,11567177.1
15749807,€0.0,2,No,3,No,0,0
15773876,€0.0,2,No,3,No,0,0
15591698,€132934.89,1,No,9,No,1,11964140.1
15712813,€150805.17,3,Yes,3,Yes,1,13572465.3
15763898,€0.0,2,Yes,3,Yes,0,0
15793324,€0.0,3,Yes,9,Yes,0,0
15757759,€165969.26,3,No,7,No,1,14937233.4
15796230,€124495.98,3,Yes,2,Yes,1,11204638.2
15611729,€141559.5,1,Yes,1,Yes,1,12740355
15709531,€114756.14,1,No,2,No,0,10328052.6
15650751,€0.0,2,Yes,6,Yes,0,0
15641413,€155393.98,2,No,7,No,1,13985458.2
15753840,€0.0,1,Yes,6,Yes,1,0
15669994,€128663.81,2,No,1,No,0,11579742.9
15695301,€113522.64,1,Yes,4,Yes,0,10217037.6
15792004,€0.0,2,No,3,No,0,0
15603035,€0.0,2,Yes,3,Yes,0,0
15717286,€79035.95,1,No,8,No,1,7113235.5
15577107,€0.0,3,Yes,6,Yes,1,0
15754747,€141918.09,2,Yes,9,Yes,0,12772628.1
15705676,€107944.33,2,No,9,No,0,9714989.7
15751912,€0.0,2,Yes,7,Yes,0,0
15677336,€120043.13,1,No,1,No,1,10803881.7
15684395,€125191.69,1,Yes,10,Yes,1,11267252.1
15659949,€96399.31,2,No,1,No,0,8675937.9
15812422,€0.0,2,Yes,2,Yes,0,0
15806941,€76961.6,2,Yes,7,Yes,0,6926544
15637690,€98675.74,1,No,7,No,1,8880816.6
15632882,€126817.13,2,Yes,1,Yes,1,11413541.7
15807107,€121394.42,1,No,3,No,0,10925497.8
15661034,€106059.4,1,No,5,No,1,9545346
15811958,€112755.34,2,No,2,No,0,10147980.6
15785167,€0.0,2,No,4,No,0,0
15646720,€0.0,3,No,7,No,1,0
15658614,€145400.69,2,Yes,7,Yes,0,13086062.1
15704657,€72647.64,1,No,3,No,1,6538287.6
15567147,€0.0,2,Yes,4,Yes,0,0
15701319,€96340.81,2,Yes,6,Yes,1,8670672.9
15745266,€0.0,1,Yes,6,Yes,1,0
15650437,€124450.36,2,Yes,8,Yes,0,11200532.4
15764314,€113877.23,2,No,2,No,0,10248950.7
15612594,€0.0,2,Yes,3,Yes,0,0
15593501,€148667.81,2,No,5,No,0,13380102.9
15804150,€0.0,2,Yes,3,Yes,0,0
15649297,€111065.93,2,Yes,4,Yes,0,9995933.7
15641110,€0.0,1,No,0,No,0,0
15660608,€158697.61,1,No,8,No,0,14282784.9
15806570,€0.0,1,No,4,No,1,0
15715345,€0.0,2,No,6,No,0,0
15755521,€90044.32,2,Yes,0,Yes,1,8103988.8
15579074,€84651.79,1,Yes,10,Yes,0,7618661.1
15641158,€102128.27,1,No,3,No,1,9191544.3
15752507,€148846.39,1,No,9,No,1,13396175.1
15597983,€154953.94,1,Yes,10,Yes,0,13945854.6
15586069,€108883.29,1,No,0,No,0,9799496.1
15655082,€112070.86,3,No,4,No,1,10086377.4
15720155,€131354.39,1,Yes,6,Yes,1,11821895.1
15582116,€132746.2,2,No,7,No,1,11947158
15749365,€0.0,2,Yes,8,Yes,0,0
15632069,€125211.55,2,No,8,No,0,11269039.5
15663134,€0.0,2,Yes,1,Yes,1,0
15766683,€139422.37,1,No,6,No,1,12548013.3
15707219,€0.0,2,Yes,4,Yes,0,0
15709232,€157099.47,2,Yes,5,Yes,0,14138952.3
15801351,€0.0,2,No,3,No,0,0
15578747,€83600.24,1,Yes,5,Yes,0,7524021.6
15675626,€0.0,1,No,2,No,0,0
15583736,€81795.74,2,No,4,No,0,7361616.6
15590011,€129378.32,1,Yes,9,Yes,0,11644048.8
15609913,€0.0,1,No,9,No,0,0
15719479,€0.0,2,Yes,7,Yes,0,0
15575147,€99339.0,1,No,9,No,1,8940510
15597309,€0.0,2,No,7,No,0,0
15648367,€74430.1,2,Yes,6,Yes,0,6698709
15758031,€91241.85,1,Yes,3,Yes,0,8211766.5
15751771,€99092.45,1,Yes,2,Yes,0,8918320.5
15689288,€0.0,2,No,5,No,0,0
15731026,€100062.16,2,No,2,No,0,9005594.4
15775809,€98723.67,1,Yes,6,Yes,0,8885130.3
15743076,€0.0,1,Yes,9,Yes,0,0
15658258,€128760.32,1,No,6,No,0,11588428.8
15756321,€144772.69,1,No,5,No,1,13029542.1
15706799,€0.0,1,No,4,No,1,0
15775703,€71281.29,1,Yes,2,Yes,1,6415316.1
15642636,€117035.89,1,Yes,9,Yes,0,10533230.1
15704651,€0.0,2,No,1,No,0,0
15806771,€3768.69,2,No,0,No,1,339182.1
15566735,€108913.84,2,Yes,2,Yes,0,9802245.6
15681671,€101100.22,2,Yes,2,Yes,0,9099019.8
15775949,€110615.47,1,Yes,7,Yes,0,9955392.3
15586752,€152143.89,1,Yes,8,Yes,0,13692950.1
15582519,€121797.09,1,Yes,6,Yes,1,10961738.1
15658233,€109798.25,1,Yes,5,Yes,0,9881842.5
15755330,€122403.24,1,Yes,7,Yes,1,11016291.6
15605072,€145860.98,1,Yes,3,Yes,1,13127488.2
15617538,€0.0,2,No,7,No,0,0
15591428,€0.0,2,No,9,No,0,0
15692142,€105086.74,1,Yes,7,Yes,1,9457806.6
15692931,€114991.45,1,Yes,2,Yes,0,10349230.5
15781127,€96769.04,1,Yes,8,Yes,0,8709213.6
15677136,€0.0,2,No,5,No,0,0
15677828,€0.0,2,No,4,No,0,0
15567897,€132725.1,1,Yes,5,Yes,0,11945259
15793641,€0.0,2,Yes,3,Yes,0,0
15678333,€0.0,2,No,7,No,0,0
15630511,€0.0,2,No,6,No,0,0
15792627,€84557.82,1,Yes,5,Yes,0,7610203.8
15717191,€93817.41,2,Yes,1,Yes,1,8443566.9
15625716,€113913.53,1,Yes,9,Yes,0,10252217.7
15710053,€140406.68,2,Yes,5,Yes,0,12636601.2
15580043,€105229.34,1,Yes,8,Yes,0,9470640.6
15601410,€0.0,3,Yes,1,Yes,1,0
15684669,€137891.35,1,No,9,No,1,12410221.5
15619083,€0.0,2,Yes,6,Yes,0,0
15692207,€0.0,2,Yes,6,Yes,0,0
15730705,€165252.52,1,No,9,No,0,14872726.8
15749688,€0.0,2,No,8,No,0,0
15728542,€0.0,2,Yes,4,Yes,0,0
15760063,€0.0,2,Yes,7,Yes,0,0
15658982,€122034.4,3,Yes,5,Yes,1,10983096
15758769,€0.0,1,No,7,No,0,0
15778481,€118962.58,1,Yes,1,Yes,0,10706632.2
15661162,€0.0,1,No,2,No,1,0
15568164,€71379.53,2,Yes,4,Yes,0,6424157.7
15601569,€171178.25,1,No,2,No,1,15406042.5
15772383,€131307.11,1,No,9,No,0,11817639.9
15667456,€0.0,2,Yes,3,Yes,0,0
15672983,€87099.85,2,No,5,No,0,7838986.5
15799534,€183135.39,2,Yes,5,Yes,0,16482185.1
15582847,€0.0,2,Yes,0,Yes,0,0
15612478,€0.0,3,No,10,No,1,0
15709621,€0.0,2,Yes,3,Yes,0,0
15802009,€0.0,2,Yes,6,Yes,0,0
15698816,€72535.45,1,Yes,4,Yes,0,6528190.5
15574830,€128137.42,2,No,2,No,1,11532367.8
15603082,€0.0,2,No,9,No,0,0
15685947,€115915.53,2,Yes,0,Yes,1,10432397.7
15643048,€0.0,2,Yes,0,Yes,0,0
15807568,€0.0,2,No,2,No,0,0
15597591,€107000.49,1,Yes,5,Yes,0,9630044.1
15747558,€0.0,2,No,10,No,0,0
15756655,€0.0,2,No,2,No,0,0
15589949,€152806.74,1,No,9,No,0,13752606.6
15601012,€92887.06,1,No,3,No,1,8359835.4
15724269,€0.0,2,Yes,7,Yes,0,0
15567506,€114940.67,2,Yes,6,Yes,1,10344660.3
15791877,€140641.26,2,Yes,0,Yes,0,12657713.4
15794360,€71816.74,2,No,5,No,1,6463506.6
15686538,€0.0,2,Yes,7,Yes,0,0
15585985,€165282.42,1,No,5,No,1,14875417.8
15699257,€143145.87,2,No,2,No,0,12883128.3
15804104,€114731.76,2,Yes,9,Yes,0,10325858.4
15727619,€113909.69,3,No,9,No,1,10251872.1
15740237,€116695.27,1,No,2,No,0,10502574.3
15801436,€0.0,1,No,4,No,1,0
15705735,€0.0,2,Yes,3,Yes,0,0
15649359,€0.0,2,Yes,1,Yes,0,0
15624892,€93978.96,2,No,7,No,0,8458106.4
15784918,€121968.11,2,Yes,2,Yes,0,10977129.9
15584785,€97324.91,1,No,2,No,0,8759241.9
15797197,€0.0,2,No,6,No,0,0
15574858,€0.0,2,Yes,8,Yes,0,0
15794101,€0.0,2,Yes,2,Yes,0,0
15743245,€145155.37,1,No,3,No,1,13063983.3
15791535,€137222.77,1,No,5,No,0,12350049.3
15605215,€0.0,2,Yes,9,Yes,0,0
15771749,€114268.22,2,Yes,5,Yes,0,10284139.8
15616833,€0.0,2,Yes,2,Yes,0,0
15750728,€0.0,1,No,2,No,0,0
15769353,€150490.32,1,No,8,No,1,13544128.8
15770091,€160858.13,2,No,9,No,0,14477231.7
15716420,€170288.38,1,Yes,5,Yes,0,15325954.2
15740602,€111568.01,1,Yes,4,Yes,0,10041120.9
15796071,€83889.03,1,No,7,No,0,7550012.7
15811389,€171982.95,2,Yes,0,Yes,0,15478465.5
15783875,€0.0,2,No,4,No,0,0
15671800,€137624.4,2,Yes,8,Yes,0,12386196
15677288,€121159.65,1,No,3,No,1,10904368.5
15633525,€0.0,2,Yes,7,Yes,0,0
15634606,€0.0,2,Yes,1,Yes,0,0
15579207,€91184.01,1,No,3,No,0,8206560.9
15619892,€0.0,2,No,8,No,0,0
15567778,€144027.8,1,Yes,1,Yes,1,12962502
15711750,€0.0,2,Yes,6,Yes,0,0
15751084,€140170.61,1,Yes,8,Yes,0,12615354.9
15768945,€62092.9,1,Yes,1,Yes,0,5588361
15586931,€0.0,1,Yes,3,Yes,0,0
15636353,€0.0,2,No,4,No,0,0
15623858,€0.0,1,No,9,No,0,0
15703354,€103516.87,1,No,2,No,0,9316518.3
15663987,€0.0,3,No,1,No,1,0
15780805,€0.0,2,No,2,No,1,0
15768566,€0.0,2,Yes,8,Yes,0,0
15643229,€0.0,2,Yes,6,Yes,0,0
15754940,€85162.26,1,Yes,2,Yes,1,7664603.4
15676576,€143061.88,1,No,8,No,0,12875569.2
15800068,€0.0,2,Yes,6,Yes,0,0
15648030,€137388.01,2,No,5,No,0,12364920.9
15668594,€137712.01,1,Yes,1,Yes,0,12394080.9
15728709,€106901.42,2,No,7,No,0,9621127.8
15724181,€105603.21,2,Yes,5,Yes,0,9504288.9
15647546,€150679.71,2,Yes,8,Yes,0,13561173.9
15702601,€108300.27,2,Yes,4,Yes,1,9747024.3
15567725,€52016.08,2,Yes,7,Yes,0,4681447.2
15674179,€60515.13,1,No,7,No,0,5446361.7
15686957,€158584.28,2,No,2,No,0,14272585.2
15607690,€118812.5,2,No,2,No,0,10693125
15806546,€0.0,1,No,4,No,0,0
15632850,€0.0,2,Yes,8,Yes,0,0
15709016,€91219.29,1,No,1,No,1,8209736.1
15638068,€0.0,2,No,7,No,0,0
15749345,€76318.64,1,Yes,1,Yes,0,6868677.6
15791321,€0.0,1,No,4,No,0,0
15699095,€0.0,1,Yes,3,Yes,1,0
15638329,€111432.13,1,Yes,1,Yes,0,10028891.7
15575445,€150148.51,1,No,10,No,0,13513365.9
15752622,€38550.06,1,Yes,7,Yes,0,3469505.4
15774507,€119013.86,1,No,5,No,0,10711247.4
15570857,€111213.64,2,Yes,0,Yes,0,10009227.6
15599386,€71097.23,1,Yes,5,Yes,0,6398750.7
15744913,€109632.85,1,Yes,10,Yes,0,9866956.5
15647292,€148368.02,1,No,7,No,1,13353121.8
15728838,€148600.91,1,No,1,No,1,13374081.9
15584704,€71083.98,1,No,10,No,0,6397558.2
15749068,€139625.34,1,No,9,No,1,12566280.6
15622985,€0.0,1,No,4,No,1,0
15587676,€0.0,1,Yes,9,Yes,0,0
15779496,€81564.1,2,Yes,0,Yes,0,7340769
15733460,€0.0,2,Yes,9,Yes,0,0
15711457,€124540.28,1,Yes,7,Yes,0,11208625.2
15795290,€133616.39,1,No,2,No,0,12025475.1
15611223,€101648.5,2,No,10,No,0,9148365
15794159,€124281.84,1,Yes,8,Yes,0,11185365.6
15780677,€0.0,2,Yes,4,Yes,0,0
15690175,€0.0,2,No,0,No,0,0
15722599,€183613.66,2,No,9,No,0,16525229.4
15569976,€136186.44,1,Yes,1,Yes,1,12256779.6
15707011,€137682.68,1,No,10,No,0,12391441.2
15702277,€106005.54,1,Yes,4,Yes,0,9540498.6
15801915,€152310.55,1,No,6,No,0,13707949.5
15580213,€0.0,2,No,2,No,0,0
15637947,€134446.04,1,Yes,1,Yes,0,12100143.6
15715888,€142289.28,1,Yes,2,Yes,0,12806035.2
15732967,€0.0,2,Yes,6,Yes,0,0
15737047,€0.0,1,No,6,No,1,0
15694039,€149003.76,2,No,9,No,0,13410338.4
15649457,€131341.46,2,Yes,2,Yes,0,11820731.4
15742809,€77919.78,1,No,7,No,0,7012780.2
15637829,€0.0,2,Yes,7,Yes,0,0
15633194,€108309.0,4,Yes,10,Yes,1,9747810
15611635,€0.0,1,Yes,6,Yes,0,0
15638774,€0.0,2,No,9,No,0,0
15722037,€115462.02,1,Yes,7,Yes,0,10391581.8
15672930,€0.0,2,No,9,No,0,0
15668774,€122739.1,1,No,5,No,1,11046519
15780966,€0.0,2,No,2,No,0,0
15659694,€113781.5,2,Yes,3,Yes,1,10240335
15624424,€0.0,2,Yes,1,Yes,0,0
15708713,€0.0,2,Yes,3,Yes,0,0
15755405,€128284.45,1,No,9,No,1,11545600.5
15647570,€120591.19,1,No,8,No,0,10853207.1
15684348,€0.0,2,Yes,8,Yes,0,0
15702541,€166968.28,1,No,2,No,1,15027145.2
15646942,€0.0,2,No,7,No,0,0
15748920,€0.0,2,Yes,8,Yes,0,0
15694581,€0.0,2,Yes,5,Yes,0,0
15643215,€71667.97,2,No,2,No,0,6450117.3
15649060,€82729.47,2,No,3,No,0,7445652.3
15774258,€0.0,2,Yes,1,Yes,0,0
15731553,€0.0,2,No,8,No,0,0
15617029,€0.0,2,No,1,No,0,0
15780716,€129626.19,2,Yes,3,Yes,0,11666357.1
15577018,€114035.39,1,No,2,No,0,10263185.1
15809515,€151922.94,1,No,1,No,0,13673064.6
15789924,€0.0,1,Yes,4,Yes,0,0
15725076,€107751.68,2,Yes,6,Yes,0,9697651.2
15672481,€0.0,2,No,6,No,0,0
15574115,€101179.23,2,Yes,6,Yes,0,9106130.7
15661830,€0.0,2,Yes,6,Yes,0,0
15665879,€0.0,2,Yes,8,Yes,0,0
15673820,€0.0,2,No,7,No,0,0
15747772,€58571.18,2,No,9,No,0,5271406.2
15666197,€153058.64,1,No,8,No,0,13775277.6
15773639,€98270.34,1,No,4,No,0,8844330.6
15581893,€130788.71,1,Yes,1,Yes,1,11770983.9
15672447,€99165.84,1,Yes,7,Yes,1,8924925.6
15777830,€0.0,2,No,4,No,0,0
15713890,€0.0,2,Yes,3,Yes,0,0
15577598,€115636.05,2,No,4,No,0,10407244.5
15786042,€185932.18,2,No,2,No,0,16733896.2
15753462,€72549.0,2,Yes,2,Yes,0,6529410
15759690,€0.0,2,Yes,4,Yes,0,0
15801414,€0.0,2,No,2,No,0,0
15656141,€0.0,1,Yes,5,Yes,0,0
15608701,€121890.06,1,No,3,No,1,10970105.4
15582892,€99786.07,1,Yes,2,Yes,1,8980746.3
15632967,€0.0,2,Yes,3,Yes,0,0
15587573,€115084.53,2,Yes,4,Yes,0,10357607.7
15654891,€0.0,2,Yes,6,Yes,0,0
15611365,€127661.69,1,No,9,No,0,11489552.1
15749103,€118907.6,1,Yes,4,Yes,1,10701684
15810203,€77627.33,2,No,6,No,0,6986459.7
15813660,€160625.17,1,Yes,2,Yes,0,14456265.3
15605673,€0.0,2,No,8,No,0,0
15669282,€124266.86,1,No,10,No,0,11184017.4
15792726,€127974.06,2,Yes,8,Yes,0,11517665.4
15593241,€0.0,2,Yes,3,Yes,0,0
15683053,€0.0,1,No,2,No,1,0
15632736,€104911.35,2,Yes,3,Yes,0,9442021.5
15731865,€0.0,2,No,1,No,0,0
15760450,€0.0,2,Yes,1,Yes,0,0
15787204,€110646.54,1,No,1,No,0,9958188.6
15650454,€0.0,2,Yes,5,Yes,0,0
15573730,€126704.49,2,No,6,No,0,11403404.1
15705050,€0.0,2,Yes,9,Yes,0,0
15791342,€84560.04,1,Yes,1,Yes,0,7610403.6
15684316,€0.0,2,No,9,No,1,0
15700540,€129893.56,1,No,2,No,0,11690420.4
15770631,€167385.81,1,Yes,5,Yes,0,15064722.9
15790594,€0.0,2,Yes,6,Yes,0,0
15604020,€105858.71,1,Yes,4,Yes,0,9527283.9
15637599,€123070.89,1,No,4,No,1,11076380.1
15736578,€0.0,1,Yes,1,Yes,0,0
15666332,€0.0,2,Yes,2,Yes,0,0
15727291,€0.0,2,No,1,No,0,0
15785920,€125141.24,2,Yes,1,Yes,0,11262711.6
15658987,€96173.17,2,Yes,4,Yes,0,8655585.3
15687719,€0.0,2,Yes,5,Yes,0,0
15799641,€0.0,2,No,2,No,0,0
15758702,€0.0,2,Yes,8,Yes,0,0
15689526,€127543.11,2,No,9,No,1,11478879.9
15586848,€0.0,2,No,1,No,0,0
15707637,€0.0,1,No,1,No,1,0
15719426,€103101.56,2,Yes,8,Yes,1,9279140.4
15639265,€126113.28,1,No,7,No,0,11350195.2
15576124,€40488.76,1,No,1,No,0,3643988.4
15757829,€137389.77,2,No,10,No,0,12365079.3
15633227,€85146.36,1,No,9,No,0,7663172.4
15753092,€129828.58,1,Yes,5,Yes,1,11684572.2
15782939,€80214.36,1,No,4,No,1,7219292.4
15746338,€0.0,2,Yes,2,Yes,0,0
15590676,€141796.43,1,No,1,No,0,12761678.7
15599329,€195238.29,4,Yes,7,Yes,1,17571446.1
15783097,€111348.15,1,No,6,No,0,10021333.5
15597885,€0.0,2,Yes,6,Yes,0,0
15597467,€0.0,2,Yes,8,Yes,0,0
15724764,€64404.26,2,No,10,No,0,5796383.4
15778418,€154309.67,1,Yes,9,Yes,1,13887870.3
15684769,€129431.36,1,Yes,10,Yes,0,11648822.4
15756167,€134204.67,1,Yes,5,Yes,0,12078420.3
15632439,€0.0,2,Yes,4,Yes,0,0
15755138,€0.0,2,Yes,8,Yes,0,0
15659092,€0.0,2,No,5,No,1,0
15742116,€116711.06,2,No,9,No,0,10503995.4
15801994,€0.0,2,No,9,No,0,0
15647572,€54980.81,1,Yes,0,Yes,0,4948272.9
15644551,€99773.85,2,No,3,No,0,8979646.5
15709135,€101231.77,2,No,7,No,0,9110859.3
15684469,€117070.21,1,No,2,No,0,10536318.9
15627637,€73314.04,2,No,8,No,0,6598263.6
15667093,€0.0,1,Yes,2,Yes,0,0
15690589,€212314.03,1,Yes,9,Yes,0,19108262.7
15595350,€136067.82,2,No,3,No,0,12246103.8
15777586,€109052.04,2,No,2,No,0,9814683.6
15804064,€79126.17,1,Yes,2,Yes,0,7121355.3
15717770,€0.0,1,No,7,No,1,0
15754443,€108308.0,1,No,9,No,1,9747720
15776939,€102290.56,2,No,3,No,0,9206150.4
15713517,€102025.08,2,No,6,No,0,9182257.2
15683522,€113383.07,1,Yes,2,Yes,0,10204476.3
15673995,€102541.1,1,No,9,No,0,9228699
15771054,€0.0,2,No,5,No,0,0
15578788,€0.0,2,No,6,No,0,0
15737408,€109941.51,1,No,6,No,0,9894735.9
15750837,€141749.68,1,Yes,0,Yes,0,12757471.2
15576022,€0.0,2,Yes,5,Yes,0,0
15635502,€0.0,1,No,2,No,0,0
15627298,€85146.48,2,No,7,No,1,7663183.2
15811415,€134066.1,2,Yes,6,Yes,0,12065949
15645059,€0.0,2,No,8,No,0,0
15689671,€0.0,1,Yes,4,Yes,0,0
15718667,€87619.29,1,No,7,No,0,7885736.1
15803202,€0.0,1,Yes,10,Yes,1,0
15593683,€0.0,2,No,8,No,0,0
15703394,€0.0,2,No,3,No,0,0
15570289,€103409.16,1,No,8,No,1,9306824.4
15567437,€123040.38,1,Yes,7,Yes,0,11073634.2
15711687,€108128.52,1,Yes,4,Yes,0,9731566.8
15656592,€169023.33,2,Yes,8,Yes,0,15212099.7
15634373,€0.0,2,Yes,5,Yes,0,0
15769125,€0.0,2,Yes,10,Yes,0,0
15711386,€0.0,2,Yes,6,Yes,0,0
15714241,€222267.63,1,No,9,No,1,20004086.7
15642530,€144090.42,1,No,10,No,1,12968137.8
15713599,€114835.43,1,Yes,10,Yes,0,10335188.7
15744770,€0.0,2,No,2,No,0,0
15780498,€145030.92,1,Yes,3,Yes,0,13052782.8
15624397,€71240.3,1,Yes,8,Yes,0,6411627
15615219,€138772.15,1,Yes,5,Yes,0,12489493.5
15570908,€93617.07,1,Yes,7,Yes,0,8425536.3
15762855,€0.0,2,Yes,8,Yes,0,0
15661827,€0.0,2,Yes,4,Yes,0,0
15746035,€74237.2,2,Yes,9,Yes,0,6681348
15691906,€127421.78,2,No,5,No,1,11467960.2
15793424,€61274.7,2,No,8,No,0,5514723
15577905,€106486.66,2,Yes,8,Yes,0,9583799.4
15667216,€73194.52,2,Yes,10,Yes,0,6587506.8
15673971,€146498.76,1,No,6,No,1,13184888.4
15701238,€0.0,2,No,1,No,0,0
15644849,€0.0,1,Yes,2,Yes,0,0
15635531,€0.0,2,No,8,No,0,0
15632263,€120355.0,1,No,5,No,0,10831950
15720110,€117265.21,1,Yes,2,Yes,0,10553868.9
15619045,€0.0,2,Yes,4,Yes,0,0
15697510,€0.0,1,No,7,No,1,0
15784923,€109974.22,1,Yes,3,Yes,1,9897679.8
15567383,€98009.13,2,Yes,2,Yes,0,8820821.7
15732621,€0.0,1,Yes,10,Yes,0,0
15757981,€0.0,1,Yes,8,Yes,0,0
15727819,€171671.9,1,Yes,10,Yes,0,15450471
15738088,€0.0,2,No,10,No,1,0
15765173,€0.0,1,No,3,No,1,0
15665159,€128213.96,2,Yes,0,Yes,1,11539256.4
15618203,€116197.65,2,Yes,8,Yes,0,10457788.5
15791452,€0.0,2,No,1,No,0,0
15638159,€86607.39,1,No,6,No,0,7794665.1
15585466,€0.0,2,No,10,No,0,0
15677310,€98854.34,1,No,5,No,1,8896890.6
15646262,€0.0,1,No,7,No,0,0
15656901,€0.0,2,Yes,8,Yes,0,0
15621093,€97338.19,2,No,4,No,0,8760437.1
15592123,€0.0,2,Yes,6,Yes,0,0
15589200,€0.0,2,No,9,No,0,0
15602934,€131698.57,2,No,6,No,0,11852871.3
15812720,€130110.45,2,Yes,10,Yes,0,11709940.5
15695383,€0.0,2,No,9,No,0,0
15723064,€165149.13,2,No,1,No,0,14863421.7
15761606,€101707.8,1,No,9,No,0,9153702
15650322,€105588.66,1,Yes,3,Yes,0,9502979.4
15669782,€111336.89,1,No,9,No,1,10020320.1
15751628,€78391.17,1,Yes,7,Yes,0,7055205.3
15809057,€0.0,2,Yes,6,Yes,0,0
15617052,€0.0,1,No,9,No,1,0
15590810,€144326.09,1,No,9,No,1,12989348.1
15801293,€101278.25,2,Yes,1,Yes,0,9115042.5
15770968,€108711.57,2,No,8,No,0,9784041.3
15572356,€108555.07,1,Yes,1,Yes,0,9769956.3
15603247,€146781.24,1,No,1,No,0,13210311.6
15619116,€0.0,2,Yes,2,Yes,0,0
15691792,€0.0,1,No,8,No,0,0
15783276,€0.0,2,Yes,9,Yes,0,0
15766137,€0.0,2,Yes,2,Yes,0,0
15574554,€103291.25,2,Yes,8,Yes,0,9296212.5
15578671,€209490.21,1,Yes,1,Yes,1,18854118.9
15716608,€0.0,3,No,2,No,1,0
15690670,€0.0,2,Yes,2,Yes,0,0
15630466,€0.0,1,No,8,No,0,0
15630349,€0.0,2,No,5,No,0,0
15803801,€0.0,2,No,4,No,0,0
15647890,€149405.18,1,Yes,9,Yes,0,13446466.2
15606115,€191665.21,1,Yes,6,Yes,1,17249868.9
15714642,€0.0,1,No,7,No,0,0
15741181,€135071.12,1,Yes,6,Yes,0,12156400.8
15773973,€0.0,2,Yes,2,Yes,0,0
15758546,€0.0,2,Yes,8,Yes,0,0
15598940,€181804.34,2,Yes,6,Yes,0,16362390.6
15669783,€47020.65,2,Yes,3,Yes,1,4231858.5
15624993,€128518.98,1,Yes,7,Yes,1,11566708.2
15760568,€142658.04,2,Yes,5,Yes,0,12839223.6
15699047,€120150.39,2,Yes,9,Yes,0,10813535.1
15616168,€81905.95,1,Yes,7,Yes,0,7371535.5
15773146,€137998.2,2,Yes,3,Yes,0,12419838
15770375,€123126.29,1,No,8,No,0,11081366.1
15589725,€0.0,2,Yes,4,Yes,0,0
15710034,€135645.29,2,Yes,1,Yes,1,12208076.1
15800806,€122449.31,2,Yes,7,Yes,0,11020437.9
15570485,€161766.87,1,No,4,No,0,14559018.3
15575391,€0.0,2,Yes,3,Yes,0,0
15790750,€123187.51,1,Yes,10,Yes,0,11086875.9
15714832,€150956.71,1,No,9,No,0,13586103.9
15619953,€105021.28,1,No,6,No,0,9451915.2
15673929,€0.0,2,Yes,4,Yes,0,0
15578835,€133204.91,1,Yes,1,Yes,0,11988441.9
15752388,€0.0,2,Yes,6,Yes,0,0
15797081,€115488.52,2,Yes,9,Yes,1,10393966.8
15570194,€0.0,2,No,5,No,0,0
15580149,€0.0,2,No,7,No,0,0
15777708,€0.0,2,No,3,No,0,0
15769955,€0.0,2,No,1,No,0,0
15810444,€130565.02,1,No,6,No,1,11750851.8
15645593,€91328.71,1,No,2,No,0,8219583.9
15765345,€0.0,2,Yes,4,Yes,0,0
15760873,€81310.34,1,Yes,7,Yes,0,7317930.6
15794178,€107136.6,1,No,3,No,0,9642294
15589361,€0.0,1,Yes,9,Yes,0,0
15662483,€0.0,2,Yes,7,Yes,0,0
15809736,€0.0,1,Yes,2,Yes,1,0
15731148,€108477.49,1,Yes,0,Yes,1,9762974.1
15774328,€144757.97,2,Yes,1,Yes,0,13028217.3
15646969,€0.0,2,Yes,2,Yes,0,0
15718769,€113110.26,1,No,1,No,0,10179923.4
15610226,€106414.57,2,No,9,No,0,9577311.3
15616270,€106920.91,1,Yes,4,Yes,0,9622881.9
15790717,€0.0,2,No,7,No,0,0
15635703,€131513.26,1,Yes,1,Yes,0,11836193.4
15616365,€0.0,2,No,2,No,0,0
15630244,€134320.23,2,No,10,No,0,12088820.7
15734714,€79715.36,1,No,3,No,0,7174382.4
15721433,€74306.19,2,No,4,No,0,6687557.1
15590201,€0.0,4,Yes,5,Yes,1,0
15590828,€126428.38,1,No,7,No,0,11378554.2
15752097,€99640.89,1,No,8,No,0,8967680.1
15800031,€66338.68,1,Yes,3,Yes,1,5970481.2
15630857,€0.0,2,Yes,6,Yes,0,0
15689953,€128226.37,1,No,10,No,0,11540373.3
15759733,€0.0,2,Yes,5,Yes,0,0
15810826,€0.0,2,No,6,No,0,0
15668009,€0.0,2,Yes,1,Yes,0,0
15743456,€0.0,2,No,10,No,0,0
15725762,€122168.65,1,No,4,No,0,10995178.5
15761713,€178074.33,1,No,7,No,0,16026689.7
15769246,€135078.41,1,No,2,No,1,12157056.9
15781129,€69434.4,2,Yes,8,Yes,1,6249096
15599124,€0.0,2,No,5,No,0,0
15639004,€0.0,2,Yes,2,Yes,0,0
15810995,€122726.56,1,Yes,3,Yes,0,11045390.4
15653773,€164496.99,1,Yes,7,Yes,0,14804729.1
15708357,€0.0,1,No,8,No,0,0
15733597,€150219.41,2,No,0,No,0,13519746.9
15789560,€187534.79,1,Yes,8,Yes,1,16878131.1
15699524,€0.0,1,No,3,No,0,0
15626475,€0.0,2,Yes,2,Yes,0,0
15810839,€103108.17,1,No,0,No,0,9279735.3
15684318,€96486.57,2,Yes,6,Yes,0,8683791.3
15768120,€90560.48,2,No,9,No,0,8150443.2
15712807,€131764.96,1,Yes,3,Yes,1,11858846.4
15696371,€92476.88,1,No,1,No,0,8322919.2
15675794,€152076.93,1,No,9,No,1,13686923.7
15774277,€0.0,2,Yes,2,Yes,0,0
15603764,€0.0,1,Yes,4,Yes,1,0
15618647,€43504.42,1,Yes,1,Yes,0,3915397.8
15614643,€0.0,2,No,2,No,0,0
15707696,€0.0,2,Yes,5,Yes,0,0
15749583,€93569.86,3,No,2,No,1,8421287.4
15815125,€102486.21,2,Yes,4,Yes,0,9223758.9
15779620,€0.0,1,Yes,1,Yes,0,0
15768233,€114346.3,1,Yes,8,Yes,1,10291167
15637788,€110203.77,1,No,3,No,0,9918339.3
15777046,€128362.59,1,No,9,No,0,11552633.1
15788723,€143888.22,2,Yes,10,Yes,1,12949939.8
15790489,€170600.78,1,Yes,5,Yes,0,15354070.2
15739476,€0.0,1,Yes,5,Yes,0,0
15612670,€0.0,2,Yes,10,Yes,0,0
15631222,€75339.64,1,Yes,2,Yes,0,6780567.6
15658972,€122038.34,1,No,8,No,0,10983450.6
15724691,€0.0,2,Yes,1,Yes,0,0
15740442,€186825.57,1,No,8,No,1,16814301.3
15760427,€124788.18,1,No,6,No,0,11230936.2
15677939,€0.0,2,Yes,3,Yes,0,0
15611599,€0.0,2,Yes,2,Yes,0,0
15633474,€138553.57,1,Yes,2,Yes,0,12469821.3
15671973,€0.0,2,Yes,5,Yes,0,0
15790019,€105387.89,1,Yes,9,Yes,0,9484910.1
15737735,€95053.1,1,Yes,4,Yes,1,8554779
15661745,€0.0,1,Yes,3,Yes,0,0
15797065,€0.0,2,Yes,0,Yes,0,0
15710671,€137361.96,1,No,3,No,0,12362576.4
15656522,€158537.42,1,No,10,No,0,14268367.8
15705085,€0.0,2,No,9,No,0,0
15744873,€143595.87,1,No,5,No,1,12923628.3
15781914,€169947.41,2,Yes,9,Yes,0,15295266.9
15637354,€148167.83,2,Yes,7,Yes,0,13335104.7
15717307,€0.0,2,No,5,No,0,0
15746695,€48023.83,1,No,6,No,0,4322144.7
15804962,€155655.46,1,Yes,1,Yes,1,14008991.4
15665378,€0.0,2,No,6,No,0,0
15757865,€0.0,2,Yes,7,Yes,0,0
15578787,€0.0,1,No,4,No,1,0
15794323,€121240.76,1,No,8,No,0,10911668.4
15697546,€0.0,2,No,3,No,0,0
15629519,€0.0,2,Yes,1,Yes,0,0
15624703,€129847.75,2,No,9,No,0,11686297.5
15570002,€118772.71,4,No,8,No,1,10689543.9
15808566,€0.0,2,Yes,2,Yes,0,0
15805463,€105163.88,2,Yes,2,Yes,0,9464749.2
15709136,€0.0,2,Yes,8,Yes,0,0
15801605,€0.0,2,Yes,0,Yes,0,0
15567855,€0.0,2,No,1,No,0,0
15675141,€93934.63,1,No,4,No,0,8454116.7
15665759,€117866.92,1,Yes,5,Yes,0,10608022.8
15761487,€0.0,1,Yes,5,Yes,1,0
15700394,€122857.46,2,No,4,No,1,11057171.4
15631162,€0.0,2,Yes,10,Yes,0,0
15630641,€127103.97,1,Yes,6,Yes,0,11439357.3
15585066,€0.0,1,Yes,1,Yes,1,0
15722991,€96402.96,1,No,9,No,1,8676266.4
15737404,€132512.26,1,Yes,1,Yes,0,11926103.4
15722409,€107604.66,1,Yes,8,Yes,0,9684419.4
15806420,€0.0,2,No,9,No,0,0
15658148,€0.0,2,No,7,No,0,0
15810660,€120875.23,2,Yes,4,Yes,0,10878770.7
15709780,€71786.9,2,Yes,9,Yes,0,6460821
15727350,€113143.12,1,No,8,No,0,10182880.8
15752312,€150777.72,2,Yes,1,Yes,0,13569994.8
15616745,€174894.53,1,Yes,2,Yes,0,15740507.7
15572294,€0.0,1,No,7,No,0,0
15674110,€160416.56,1,Yes,2,Yes,0,14437490.4
15662501,€91246.53,1,No,3,No,1,8212187.7
15649239,€0.0,2,No,10,No,0,0
15700424,€0.0,1,Yes,5,Yes,0,0
15636388,€98775.23,1,No,7,No,0,8889770.7
15713975,€139756.12,1,No,10,No,1,12578050.8
15592925,€177626.77,3,Yes,3,Yes,1,15986409.3
15581626,€0.0,1,Yes,8,Yes,1,0
15641319,€0.0,1,No,4,No,1,0
15723481,€0.0,2,Yes,8,Yes,0,0
15787825,€152496.82,1,Yes,6,Yes,0,13724713.8
15710726,€0.0,2,Yes,8,Yes,0,0
15627195,€112930.28,2,No,1,No,0,10163725.2
15657957,€113674.2,1,No,8,No,1,10230678
15676117,€0.0,1,No,9,No,0,0
15607874,€144450.58,1,Yes,0,Yes,0,13000552.2
15796993,€171236.3,2,No,1,No,1,15411267
15649858,€96776.49,1,Yes,9,Yes,0,8709884.1
15811032,€145984.92,1,Yes,8,Yes,0,13138642.8
15679963,€96353.8,1,No,8,No,0,8671842
15579131,€0.0,2,Yes,7,Yes,0,0
15572428,€115777.23,1,Yes,0,Yes,0,10419950.7
15622461,€122822.0,2,No,7,No,0,11053980
15636105,€0.0,2,Yes,2,Yes,0,0
15583849,€0.0,2,No,3,No,0,0
15718780,€79450.09,1,Yes,4,Yes,0,7150508.1
15739271,€122394.0,1,Yes,2,Yes,0,11015460
15697129,€0.0,2,No,1,No,0,0
15763415,€134378.89,1,Yes,0,Yes,0,12094100.1
15796617,€0.0,2,No,2,No,0,0
15626628,€88161.85,2,No,2,No,0,7934566.5
15765857,€142412.13,1,No,2,No,0,12817091.7
15742511,€121030.9,1,No,3,No,0,10892781
15786433,€165982.43,2,Yes,3,Yes,0,14938418.7
15685805,€0.0,2,No,6,No,0,0
15627971,€206663.75,1,No,8,No,0,18599737.5
15783025,€94661.53,2,No,3,No,0,8519537.7
15726289,€174400.36,1,No,0,No,0,15696032.4
15802118,€123428.69,1,Yes,7,Yes,0,11108582.1
15607990,€175735.5,1,Yes,6,Yes,0,15816195
15695932,€78381.13,1,Yes,5,Yes,0,7054301.7
15812279,€115345.86,2,No,5,No,0,10381127.4
15687558,€118613.34,1,No,10,No,0,10675200.6
15729065,€109960.06,2,Yes,2,Yes,0,9896405.4
15698902,€142703.4,1,No,1,No,1,12843306
15570192,€121729.42,1,No,8,No,0,10955647.8
15809265,€0.0,1,Yes,4,Yes,0,0
15745201,€139496.35,2,Yes,4,Yes,0,12554671.5
15580623,€0.0,2,No,8,No,0,0
15578156,€138521.83,1,Yes,5,Yes,0,12466964.7
15631063,€0.0,2,No,2,No,0,0
15692577,€83727.68,1,No,10,No,0,7535491.2
15810910,€0.0,2,Yes,9,Yes,0,0
15723217,€0.0,1,No,9,No,0,0
15733111,€124179.3,1,Yes,6,Yes,0,11176137
15610727,€128829.25,1,No,7,No,0,11594632.5
15792720,€171490.78,1,No,6,No,0,15434170.2
15723153,€0.0,2,No,3,No,0,0
15802823,€0.0,2,Yes,7,Yes,0,0
15756118,€0.0,1,No,8,No,0,0
15684934,€0.0,2,Yes,9,Yes,0,0
15776936,€160818.08,1,Yes,7,Yes,1,14473627.2
15729087,€156367.6,2,Yes,9,Yes,0,14073084
15786463,€121669.93,2,No,8,No,1,10950293.7
15717498,€133970.22,2,Yes,6,Yes,0,12057319.8
15718406,€0.0,2,No,3,No,0,0
15799468,€96127.27,1,No,3,No,0,8651454.3
15626383,€121907.97,1,Yes,7,Yes,0,10971717.3
15597385,€0.0,2,Yes,5,Yes,0,0
15570271,€0.0,1,Yes,6,Yes,0,0
15690330,€77701.64,1,Yes,8,Yes,0,6993147.6
15680611,€0.0,3,Yes,9,Yes,0,0
15810227,€0.0,2,Yes,2,Yes,0,0
15807194,€113922.44,2,No,5,No,0,10253019.6
15712199,€183997.7,2,Yes,2,Yes,0,16559793
15694995,€0.0,2,Yes,2,Yes,0,0
15723400,€0.0,2,Yes,4,Yes,0,0
15654772,€89799.46,2,Yes,6,Yes,1,8081951.4
15574743,€0.0,1,Yes,2,Yes,0,0
15807593,€85660.96,1,No,7,No,0,7709486.4
15686718,€115569.21,1,Yes,9,Yes,0,10401228.9
15695299,€81828.22,1,No,2,No,0,7364539.8
15722701,€132694.73,1,No,1,No,0,11942525.7
15799635,€108867.0,1,No,2,No,1,9798030
15742323,€0.0,2,No,7,No,0,0
15658435,€0.0,2,No,5,No,0,0
15586029,€96152.68,2,No,2,No,0,8653741.2
15772337,€153855.52,1,Yes,0,Yes,1,13846996.8
15807555,€0.0,2,No,2,No,0,0
15603378,€141334.95,1,Yes,3,Yes,0,12720145.5
15792862,€104584.11,1,No,1,No,1,9412569.9
15657349,€98173.02,1,No,8,No,1,8835571.8
15777614,€0.0,2,Yes,1,Yes,0,0
15653952,€135157.05,1,Yes,3,Yes,0,12164134.5
15724336,€171601.27,1,No,5,No,0,15444114.3
15689594,€179539.2,1,No,5,No,0,16158528
15801920,€80615.46,2,No,5,No,0,7255391.4
15653347,€0.0,1,No,1,No,1,0
15749951,€126285.73,1,No,5,No,1,11365715.7
15648178,€137964.51,1,Yes,4,Yes,0,12416805.9
15738662,€159434.03,1,No,9,No,0,14349062.7
15640855,€113574.61,2,No,5,No,0,10221714.9
15584288,€0.0,2,Yes,6,Yes,0,0
15760988,€124573.33,2,No,9,No,0,11211599.7
15569624,€105864.6,2,No,6,No,0,9527814
15597949,€104552.61,1,No,5,No,1,9409734.9
15604551,€0.0,2,No,3,No,0,0
15617476,€0.0,2,Yes,5,Yes,0,0
15645323,€0.0,1,Yes,2,Yes,1,0
15793311,€119492.88,2,Yes,8,Yes,1,10754359.2
15764153,€130499.09,2,Yes,0,Yes,0,11744918.1
15802560,€140576.11,1,Yes,6,Yes,0,12651849.9
15728608,€91025.58,2,Yes,9,Yes,0,8192302.2
15770474,€0.0,3,Yes,1,Yes,1,0
15724444,€125877.65,2,Yes,1,Yes,0,11328988.5
15753110,€45752.78,2,No,3,No,1,4117750.2
15711521,€121778.71,1,Yes,3,Yes,0,10960083.9
15632816,€127948.57,1,Yes,2,Yes,0,11515371.3
15693637,€0.0,2,Yes,7,Yes,0,0
15725509,€115286.68,2,Yes,5,Yes,0,10375801.2
15684645,€62078.21,2,No,9,No,0,5587038.9
15692235,€0.0,2,No,1,No,0,0
15777459,€175406.13,2,Yes,4,Yes,1,15786551.7
15656937,€131643.25,1,No,1,No,0,11847892.5
15610643,€151739.65,1,No,3,No,0,13656568.5
15777315,€93616.35,2,No,6,No,0,8425471.5
15611058,€138597.54,2,Yes,5,Yes,1,12473778.6
15630413,€0.0,2,Yes,5,Yes,0,0
15635942,€0.0,2,No,9,No,1,0
15648858,€85225.21,1,Yes,1,Yes,0,7670268.9
15810732,€148749.29,2,No,8,No,0,13387436.1
15705448,€130013.12,1,Yes,7,Yes,1,11701180.8
15730488,€0.0,1,Yes,1,Yes,0,0
15620443,€0.0,2,Yes,6,Yes,0,0
15741078,€111729.47,2,Yes,7,Yes,0,10055652.3
15753161,€180169.44,2,No,5,No,0,16215249.6
15711396,€0.0,2,Yes,8,Yes,0,0
15593499,€0.0,1,No,6,No,1,0
15579189,€0.0,2,Yes,5,Yes,0,0
15743545,€0.0,2,No,2,No,0,0
15791316,€0.0,2,Yes,3,Yes,0,0
15608246,€103914.17,1,Yes,8,Yes,1,9352275.3
15676526,€88772.87,1,Yes,4,Yes,0,7989558.3
15813911,€0.0,1,No,5,No,0,0
15630195,€131184.67,1,Yes,6,Yes,0,11806620.3
15736250,€117810.79,1,Yes,2,Yes,1,10602971.1
15671334,€0.0,1,No,4,No,0,0
15574169,€92466.21,1,No,0,No,0,8321958.9
15718839,€102741.15,2,Yes,2,Yes,0,9246703.5
15762331,€178755.84,1,No,9,No,0,16088025.6
15606901,€0.0,2,No,7,No,0,0
15713559,€146602.25,2,Yes,5,Yes,0,13194202.5
15768881,€0.0,2,Yes,2,Yes,0,0
15743075,€0.0,2,Yes,6,Yes,0,0
15660980,€115702.67,2,Yes,6,Yes,0,10413240.3
15810942,€137655.31,1,Yes,2,Yes,0,12388977.9
15728362,€0.0,2,No,3,No,0,0
15683339,€59877.33,1,No,6,No,1,5388959.7
15685476,€100082.14,1,Yes,5,Yes,0,9007392.6
15663650,€107304.39,3,No,10,No,1,9657395.1
15617434,€0.0,1,Yes,9,Yes,0,0
15622470,€96032.22,1,Yes,10,Yes,0,8642899.8
15703682,€0.0,1,No,10,No,0,0
15727391,€144553.5,2,No,9,No,0,13009815
15711062,€86172.81,2,Yes,5,Yes,0,7755552.9
15567339,€0.0,1,Yes,9,Yes,0,0
15760662,€87212.8,1,Yes,2,Yes,0,7849152
15605737,€0.0,2,No,5,No,0,0
15692977,€130700.92,2,No,2,No,0,11763082.8
15672082,€0.0,2,No,3,No,0,0
15600280,€0.0,2,No,6,No,0,0
15804052,€0.0,2,Yes,6,Yes,0,0
15576065,€171325.98,1,Yes,5,Yes,1,15419338.2
15796838,€92930.92,1,Yes,4,Yes,0,8363782.8
15693526,€0.0,1,No,0,No,0,0
15748595,€77556.79,2,Yes,1,Yes,0,6980111.1
15679029,€102874.28,1,No,7,No,0,9258685.2
15753639,€146093.39,2,No,5,No,0,13148405.1
15604138,€0.0,1,No,2,No,1,0
15666095,€79811.72,2,Yes,4,Yes,1,7183054.8
15643487,€105473.74,1,No,10,No,1,9492636.6
15764033,€121927.92,1,No,1,No,1,10973512.8
15747288,€61671.19,1,Yes,6,Yes,1,5550407.1
15790599,€149363.12,2,Yes,5,Yes,0,13442680.8
15737705,€152309.37,1,No,4,No,0,13707843.3
15737194,€0.0,2,No,5,No,0,0
15726776,€111629.29,1,Yes,1,Yes,0,10046636.1
15804357,€0.0,1,Yes,3,Yes,0,0
15664432,€96296.78,1,No,7,No,1,8666710.2
15688984,€95830.43,1,No,4,No,0,8624738.7
15583026,€135919.33,1,No,0,No,0,12232739.7
15771668,€185966.64,1,No,10,No,1,16736997.6
15779904,€0.0,2,Yes,5,Yes,0,0
15784323,€0.0,2,No,7,No,0,0
15756277,€92244.83,2,No,8,No,0,8302034.7
15663312,€112727.06,2,No,9,No,0,10145435.4
15793197,€100359.54,1,No,8,No,0,9032358.6
15731463,€105301.5,1,Yes,10,Yes,0,9477135
15621768,€112994.65,1,No,6,No,0,10169518.5
15691323,€89025.88,2,No,4,No,0,8012329.2
15781326,€95478.17,1,No,9,No,0,8593035.3
15595640,€0.0,2,No,8,No,0,0
15814331,€119127.46,2,No,7,No,0,10721471.4
15602030,€128206.79,1,Yes,4,Yes,0,11538611.1
15747974,€0.0,2,No,1,No,0,0
15611315,€71433.08,1,No,4,No,0,6428977.2
15636977,€118214.32,3,No,9,No,1,10639288.8
15690337,€102258.11,2,No,5,No,0,9203229.9
15680666,€151963.26,2,No,2,No,0,13676693.4
15679551,€163764.84,1,Yes,2,Yes,1,14738835.6
15778915,€128551.36,2,Yes,7,Yes,0,11569622.4
15568849,€118158.74,1,Yes,10,Yes,0,10634286.6
15747762,€118520.41,1,No,7,No,0,10666836.9
15753679,€0.0,2,Yes,4,Yes,0,0
15750049,€163823.37,1,No,10,No,0,14744103.3
15606097,€104469.58,1,Yes,7,Yes,1,9402262.2
15802368,€0.0,1,Yes,6,Yes,0,0
15767488,€0.0,2,No,7,No,0,0
15669946,€141726.88,1,Yes,2,Yes,0,12755419.2
15612103,€137852.96,1,Yes,2,Yes,1,12406766.4
15645353,€0.0,1,No,1,No,0,0
15650018,€154100.3,1,No,8,No,0,13869027
15659002,€0.0,2,No,6,No,0,0
15616028,€0.0,3,Yes,2,Yes,0,0
15660475,€0.0,1,Yes,9,Yes,0,0
15652615,€140004.96,1,Yes,8,Yes,0,12600446.4
15653572,€127132.96,1,Yes,8,Yes,1,11441966.4
15628059,€0.0,2,Yes,1,Yes,0,0
15703413,€125328.56,1,No,7,No,0,11279570.4
15610433,€0.0,2,No,9,No,0,0
15770548,€139986.65,1,No,3,No,0,12598798.5
15645637,€119787.76,1,Yes,6,Yes,0,10780898.4
15590888,€107556.06,2,No,10,No,0,9680045.4
15568326,€0.0,2,No,2,No,0,0
15655368,€0.0,1,No,1,No,0,0
15665579,€142705.95,1,No,0,No,0,12843535.5
15676091,€0.0,1,Yes,7,Yes,0,0
15716984,€0.0,2,No,4,No,0,0
15715078,€161613.94,2,Yes,6,Yes,0,14545254.6
15569452,€116353.2,2,Yes,3,Yes,0,10471788
15628863,€60013.81,1,Yes,4,Yes,0,5401242.9
15778192,€0.0,2,Yes,4,Yes,0,0
15793723,€144272.07,2,No,9,No,0,12984486.3
15798943,€0.0,2,No,8,No,0,0
15764708,€117696.67,1,No,6,No,0,10592700.3
15791040,€79954.61,2,Yes,1,Yes,0,7195914.9
15631512,€149989.39,1,No,8,No,0,13499045.1
15640106,€124339.9,1,No,7,No,0,11190591
15710315,€135759.4,1,No,4,No,1,12218346
15771535,€0.0,2,No,9,No,0,0
15611947,€83074.0,1,No,3,No,0,7476660
15670266,€141792.61,1,Yes,4,Yes,0,12761334.9
15609083,€0.0,1,No,6,No,1,0
15567923,€0.0,1,No,6,No,0,0
15788183,€106870.12,2,No,1,No,0,9618310.8
15735782,€120962.59,1,No,9,No,0,10886633.1
15774401,€0.0,2,No,4,No,1,0
15737971,€0.0,2,No,5,No,0,0
15758750,€110527.17,1,Yes,0,Yes,0,9947445.3
15611767,€133723.43,1,No,0,No,1,12035108.7
15643770,€112670.48,1,No,5,No,1,10140343.2
15744717,€0.0,2,Yes,2,Yes,0,0
15570681,€116084.32,1,No,1,No,0,10447588.8
15792650,€0.0,1,Yes,0,Yes,1,0
15605531,€0.0,2,No,6,No,0,0
15605339,€0.0,2,Yes,10,Yes,0,0
15672216,€82441.75,1,No,4,No,0,7419757.5
15812893,€0.0,2,Yes,10,Yes,1,0
15624180,€134171.8,4,Yes,10,Yes,1,12075462
15701364,€0.0,2,Yes,10,Yes,0,0
15762588,€0.0,2,Yes,5,Yes,0,0
15806318,€124442.38,1,No,2,No,1,11199814.2
15712596,€0.0,1,No,4,No,0,0
15600399,€0.0,1,No,4,No,1,0
15576216,€108862.76,1,No,4,No,1,9797648.4
15620750,€141099.43,1,Yes,3,Yes,0,12698948.7
15623489,€128843.67,1,Yes,0,Yes,0,11595930.3
15667944,€86843.61,1,Yes,0,Yes,0,7815924.9
15584928,€120074.97,2,Yes,4,Yes,0,10806747.3
15779913,€130231.8,2,Yes,5,Yes,0,11720862
15644977,€0.0,2,No,5,No,0,0
15749679,€109724.38,1,Yes,2,Yes,0,9875194.2
15629010,€111743.43,1,Yes,5,Yes,0,10056908.7
15768465,€121309.17,2,Yes,8,Yes,0,10917825.3
15767781,€82697.28,1,No,10,No,0,7442755.2
15635364,€44301.43,3,Yes,9,Yes,1,3987128.7
15722004,€138317.94,1,No,4,No,0,12448614.6
15766044,€120688.61,1,No,4,No,1,10861974.9
15586680,€176913.52,1,No,4,No,0,15922216.8
15635388,€89047.14,1,No,6,No,0,8014242.6
15655175,€114318.78,2,No,4,No,1,10288690.2
15639133,€0.0,2,No,4,No,0,0
15799653,€94753.55,2,Yes,7,Yes,0,8527819.5
15723872,€0.0,2,Yes,10,Yes,0,0
15775627,€0.0,2,Yes,8,Yes,0,0
15630704,€106520.73,2,No,9,No,0,9586865.7
15815534,€134006.39,1,Yes,0,Yes,0,12060575.1
15697249,€132837.7,1,No,3,No,0,11955393
15681316,€120549.29,2,No,0,No,0,10849436.1
15682523,€139432.55,1,Yes,1,Yes,0,12548929.5
15650244,€80895.44,2,No,7,No,0,7280589.6
15648638,€0.0,2,No,6,No,0,0
15795747,€171646.76,1,Yes,7,Yes,0,15448208.4
15607330,€109121.71,1,Yes,0,Yes,0,9820953.9
15624013,€109844.81,1,No,6,No,0,9886032.9
15800805,€140931.82,1,Yes,7,Yes,0,12683863.8
15667321,€0.0,2,Yes,10,Yes,0,0
15601116,€0.0,2,Yes,6,Yes,0,0
15622033,€101543.51,4,No,3,No,1,9138915.9
15758451,€102708.77,1,No,7,No,0,9243789.3
15688689,€149000.91,2,Yes,8,Yes,0,13410081.9
15652674,€83459.86,1,Yes,0,Yes,0,7511387.4
15806327,€75893.11,2,No,3,No,0,6830379.9
15649618,€167395.6,2,Yes,7,Yes,0,15065604
15677117,€0.0,2,Yes,6,Yes,0,0
15751445,€71283.09,2,Yes,6,Yes,0,6415478.1
15749669,€0.0,2,Yes,3,Yes,0,0
15656351,€0.0,2,Yes,3,Yes,0,0
15667438,€104016.88,1,No,1,No,1,9361519.2
15682273,€127616.56,1,No,5,No,0,11485490.4
15580912,€154737.88,2,Yes,5,Yes,0,13926409.2
15785183,€0.0,2,Yes,2,Yes,0,0
15705383,€125476.31,1,Yes,4,Yes,0,11292867.9
15712903,€176511.08,1,Yes,3,Yes,0,15885997.2
15774285,€110783.28,1,Yes,8,Yes,0,9970495.2
15583138,€141642.92,2,No,2,No,0,12747862.8
15740160,€0.0,2,Yes,1,Yes,0,0
15793425,€0.0,1,Yes,9,Yes,0,0
15749265,€75681.52,1,Yes,1,Yes,0,6811336.8
15623989,€0.0,1,No,3,No,1,0
15604832,€0.0,1,Yes,7,Yes,0,0
15584580,€161111.45,1,No,6,No,0,14500030.5
15573854,€0.0,2,Yes,5,Yes,0,0
15614847,€72494.69,1,Yes,6,Yes,0,6524522.1
15679966,€133964.3,1,Yes,3,Yes,0,12056787
15799435,€0.0,1,No,1,No,0,0
15752186,€0.0,2,No,3,No,0,0
15705544,€157201.48,1,Yes,3,Yes,0,14148133.2
15713632,€95679.29,1,No,5,No,0,8611136.1
15586523,€106230.92,1,Yes,7,Yes,1,9560782.8
15609176,€0.0,2,Yes,5,Yes,0,0
15769308,€81231.85,2,No,9,No,0,7310866.5
15676810,€81480.27,2,Yes,1,Yes,0,7333224.3
15634591,€73059.38,1,Yes,8,Yes,0,6575344.2
15679804,€117559.05,2,Yes,5,Yes,0,10580314.5
15677764,€186445.31,2,Yes,1,Yes,0,16780077.9
15571917,€137657.71,2,No,5,No,0,12389193.9
15574608,€133889.35,1,Yes,8,Yes,0,12050041.5
15740868,€134562.8,1,Yes,9,Yes,0,12110652
15702442,€100781.75,2,Yes,9,Yes,0,9070357.5
15699797,€174356.13,1,No,8,No,0,15692051.7
15648047,€190125.43,2,No,5,No,0,17111288.7
15766826,€146266.0,1,No,7,No,1,13163940
15591628,€164046.1,1,No,9,No,0,14764149
15583857,€123536.52,2,No,4,No,0,11118286.8
15752534,€0.0,2,Yes,10,Yes,0,0
15741403,€171848.38,1,No,1,No,0,15466354.2
15783589,€0.0,2,No,9,No,0,0
15598046,€139562.05,2,No,5,No,0,12560584.5
15643330,€0.0,2,Yes,2,Yes,0,0
15680405,€168001.34,2,Yes,2,Yes,0,15120120.6
15728683,€0.0,2,Yes,0,Yes,0,0
15621644,€123356.63,1,Yes,6,Yes,0,11102096.7
15733032,€0.0,2,Yes,2,Yes,0,0
15608381,€125845.66,1,No,2,No,1,11326109.4
15658946,€45408.85,2,No,10,No,0,4086796.5
15757912,€125977.81,1,No,0,No,0,11338002.9
15645371,€147262.11,1,Yes,7,Yes,1,13253589.9
15653110,€133767.19,1,No,8,No,0,12039047.1
15766355,€108806.96,3,No,0,No,1,9792626.4
15585249,€106036.52,1,No,6,No,1,9543286.8
15611786,€0.0,1,Yes,9,Yes,0,0
15575486,€0.0,2,Yes,1,Yes,0,0
15780215,€0.0,2,Yes,6,Yes,0,0
15686099,€82182.1,1,No,1,No,1,7396389
15739042,€0.0,2,No,9,No,0,0
15815316,€76817.0,4,No,9,No,1,6913530
15778489,€142550.25,2,Yes,9,Yes,0,12829522.5
15786389,€0.0,2,Yes,10,Yes,0,0
15601787,€103711.56,1,Yes,2,Yes,1,9334040.4
15624715,€0.0,1,Yes,2,Yes,0,0
15763093,€128369.75,2,No,7,No,0,11553277.5
15572073,€0.0,2,Yes,5,Yes,0,0
15780256,€0.0,2,Yes,9,Yes,0,0
15659305,€166133.28,1,Yes,8,Yes,0,14951995.2
15638882,€148214.36,1,No,9,No,1,13339292.4
15714680,€121206.96,1,Yes,5,Yes,0,10908626.4
15777217,€0.0,2,Yes,10,Yes,0,0
15739123,€127552.85,2,No,4,No,0,11479756.5
15594450,€159458.53,1,No,9,No,0,14351267.7
15797751,€102085.72,1,Yes,5,Yes,1,9187714.8
15691543,€142537.18,1,Yes,2,Yes,0,12828346.2
15722845,€182781.74,2,Yes,1,Yes,0,16450356.6
15605804,€0.0,2,No,10,No,0,0
15702061,€0.0,2,Yes,7,Yes,0,0
15694321,€0.0,2,No,3,No,0,0
15798749,€152063.59,2,No,3,No,0,13685723.1
15720050,€110997.76,1,No,2,No,0,9989798.4
15758048,€148942.0,1,Yes,2,Yes,0,13404780
15805681,€0.0,1,Yes,9,Yes,0,0
15802809,€84438.57,1,Yes,0,Yes,0,7599471.3
15807239,€93920.47,1,No,7,No,0,8452842.3
15749093,€158713.08,2,No,4,No,0,14284177.2
15689344,€0.0,3,Yes,4,Yes,0,0
15606076,€123204.88,1,Yes,7,Yes,0,11088439.2
15610090,€72945.29,2,No,8,No,0,6565076.1
15693926,€178742.71,1,Yes,0,Yes,0,16086843.9
15791501,€0.0,2,Yes,8,Yes,0,0
15621870,€0.0,1,No,8,No,0,0
15734711,€0.0,1,No,7,No,1,0
15814405,€0.0,1,Yes,9,Yes,1,0
15729359,€0.0,2,Yes,9,Yes,0,0
15606944,€140121.17,1,No,9,No,1,12610905.3
15671934,€132906.88,1,Yes,2,Yes,0,11961619.2
15641773,€179334.83,2,Yes,2,Yes,0,16140134.7
15701972,€137179.39,1,Yes,3,Yes,0,12346145.1
15749114,€0.0,2,Yes,3,Yes,0,0
15780362,€119960.29,2,No,9,No,0,10796426.1
15753229,€127414.55,1,Yes,9,Yes,0,11467309.5
15656009,€0.0,1,No,6,No,0,0
15785024,€137409.19,1,No,9,No,1,12366827.1
15670492,€0.0,2,No,8,No,0,0
15795458,€0.0,1,Yes,2,Yes,0,0
15732438,€0.0,4,No,4,No,1,0
15781987,€112494.99,1,Yes,9,Yes,0,10124549.1
15775826,€78133.15,1,Yes,1,Yes,0,7031983.5
15807457,€0.0,2,No,1,No,0,0
15632538,€145553.07,1,Yes,5,Yes,0,13099776.3
15641389,€123593.22,2,No,4,No,1,11123389.8
15657306,€0.0,1,No,2,No,1,0
15709447,€146286.22,1,No,0,No,0,13165759.8
15762682,€111827.27,2,No,1,No,0,10064454.3
15626042,€0.0,2,Yes,2,Yes,0,0
15597109,€94416.78,1,Yes,1,Yes,0,8497510.2
15756148,€91549.78,1,Yes,2,Yes,0,8239480.2
15665634,€59568.57,1,Yes,7,Yes,0,5361171.3
15739997,€94464.81,2,Yes,2,Yes,0,8501832.9
15686242,€0.0,1,No,4,No,1,0
15759244,€95368.14,2,Yes,8,Yes,0,8583132.6
15672027,€102185.42,2,No,10,No,0,9196687.8
15594576,€144875.71,1,No,1,No,0,13038813.9
15707138,€0.0,2,Yes,5,Yes,0,0
15756954,€0.0,1,Yes,2,Yes,0,0
15619130,€113291.05,2,Yes,5,Yes,0,10196194.5
15639665,€0.0,2,Yes,0,Yes,0,0
15571065,€0.0,2,No,0,No,0,0
15686060,€111677.88,1,No,9,No,1,10051009.2
15615753,€131101.04,1,Yes,8,Yes,0,11799093.6
15800961,€76101.81,2,Yes,1,Yes,0,6849162.9
15763065,€0.0,2,No,2,No,0,0
15672467,€92510.9,2,Yes,7,Yes,0,8325981
15752915,€0.0,2,Yes,2,Yes,0,0
15744695,€77652.4,1,Yes,5,Yes,0,6988716
15584897,€98360.03,1,No,3,No,0,8852402.7
15601857,€115518.07,1,No,4,No,1,10396626.3
15674156,€27288.43,1,Yes,3,Yes,0,2455958.7
15695465,€0.0,1,No,6,No,0,0
15792232,€0.0,2,No,5,No,0,0
15807900,€0.0,1,Yes,7,Yes,1,0
15743760,€131996.66,2,Yes,6,Yes,0,11879699.4
15652835,€121580.42,1,Yes,2,Yes,0,10942237.8
15767818,€132436.34,1,No,10,No,0,11919270.6
15591150,€0.0,2,Yes,10,Yes,0,0
15734659,€107978.4,2,No,5,No,0,9718056
15796115,€78119.59,4,No,4,No,1,7030763.1
15724648,€98684.15,1,No,6,No,0,8881573.5
15737732,€0.0,2,No,10,No,0,0
15632280,€0.0,1,No,9,No,1,0
15750407,€129264.05,2,No,2,No,0,11633764.5
15795370,€131753.41,1,No,6,No,0,11857806.9
15656829,€0.0,2,No,6,No,0,0
15643794,€0.0,1,Yes,2,Yes,0,0
15798605,€57422.62,1,Yes,1,Yes,0,5168035.8
15637324,€0.0,2,Yes,7,Yes,0,0
15589589,€144094.2,1,No,5,No,0,12968478
15778936,€147510.34,1,No,9,No,0,13275930.6
15757385,€161592.76,1,No,8,No,0,14543348.4
15666200,€0.0,2,Yes,1,Yes,0,0
15683977,€0.0,2,Yes,4,Yes,0,0
15675518,€75225.53,2,No,1,No,1,6770297.7
15584812,€0.0,2,No,0,No,0,0
15752984,€87542.89,2,Yes,9,Yes,0,7878860.1
15577913,€144581.96,1,Yes,8,Yes,0,13012376.4
15591980,€122568.05,2,Yes,5,Yes,0,11031124.5
15598948,€172231.93,1,Yes,5,Yes,0,15500873.7
15574142,€171932.26,2,Yes,2,Yes,0,15473903.4
15582903,€0.0,2,Yes,7,Yes,0,0
15733229,€0.0,2,No,7,No,0,0
15635752,€111798.06,2,Yes,4,Yes,0,10061825.4
15771000,€0.0,3,No,4,No,0,0
15804864,€79336.61,1,Yes,5,Yes,0,7140294.9
15641175,€120916.52,3,No,3,No,1,10882486.8
15692226,€142905.51,1,Yes,3,Yes,0,12861495.9
15584156,€0.0,3,No,10,No,1,0
15702656,€96834.78,1,No,1,No,0,8715130.2
15606552,€105261.76,2,Yes,9,Yes,0,9473558.4
15687001,€123544.0,1,Yes,1,Yes,1,11118960
15781903,€127913.71,2,Yes,2,Yes,0,11512233.9
15731951,€95328.6,1,No,5,No,1,8579574
15580953,€73218.89,1,Yes,4,Yes,0,6589700.1
15810390,€0.0,2,Yes,1,Yes,1,0
15628274,€149995.72,2,No,8,No,0,13499614.8
15615444,€123674.28,2,Yes,8,Yes,0,11130685.2
15784010,€124125.26,1,No,2,No,0,11171273.4
15571586,€159035.45,1,No,3,No,1,14313190.5
15748616,€0.0,2,No,5,No,0,0
15769402,€156811.74,1,Yes,7,Yes,0,14113056.6
15739248,€0.0,2,Yes,4,Yes,0,0
15603481,€0.0,2,Yes,4,Yes,0,0
15723604,€150555.83,1,No,6,No,0,13550024.7
15797822,€109137.12,1,Yes,2,Yes,0,9822340.8
15665064,€158351.02,2,No,8,No,0,14251591.8
15640580,€0.0,1,No,9,No,0,0
15581089,€0.0,2,Yes,7,Yes,0,0
15728605,€0.0,2,Yes,4,Yes,0,0
15737385,€0.0,2,No,6,No,0,0
15714789,€0.0,1,Yes,7,Yes,0,0
15786035,€0.0,2,No,9,No,0,0
15815259,€0.0,2,Yes,2,Yes,0,0
15592716,€0.0,1,No,2,No,1,0
15734850,€82729.49,1,No,1,No,0,7445654.1
15638047,€142765.24,2,No,9,No,0,12848871.6
15674573,€121172.97,1,Yes,4,Yes,0,10905567.3
15694859,€132932.14,2,Yes,10,Yes,0,11963892.6
15776404,€123374.46,1,Yes,8,Yes,0,11103701.4
15579345,€161371.5,1,Yes,0,Yes,0,14523435
15690733,€0.0,2,No,4,No,1,0
15631481,€79563.36,2,Yes,8,Yes,0,7160702.4
15620988,€0.0,2,No,2,No,0,0
15571529,€138232.24,1,No,7,No,0,12440901.6
15592104,€0.0,1,No,5,No,1,0
15651900,€81571.05,1,No,1,No,1,7341394.5
15596212,€0.0,2,No,1,No,0,0
15710687,€95927.04,1,No,0,No,0,8633433.6
15613787,€116932.59,1,No,8,No,0,10523933.1
15599211,€0.0,2,No,1,No,1,0
15675983,€79551.12,1,Yes,3,Yes,0,7159600.8
15622370,€116416.94,1,Yes,1,Yes,0,10477524.6
15656319,€88141.1,1,No,4,No,0,7932699
15605130,€177729.13,1,Yes,6,Yes,0,15995621.7
15672574,€0.0,1,Yes,5,Yes,0,0
15659355,€123912.78,2,Yes,6,Yes,0,11152150.2
15777907,€0.0,1,Yes,3,Yes,1,0
15655171,€0.0,1,Yes,3,Yes,0,0
15619674,€108306.44,1,Yes,4,Yes,0,9747579.6
15775192,€102962.62,1,No,4,No,1,9266635.8
15617657,€103502.22,1,Yes,0,Yes,0,9315199.8
15688951,€119654.44,2,Yes,8,Yes,1,10768899.6
15763460,€183768.47,1,No,10,No,0,16539162.3
15756992,€0.0,2,No,1,No,0,0
15617454,€0.0,2,Yes,1,Yes,0,0
15701932,€140900.97,1,Yes,6,Yes,0,12681087.3
15700813,€94049.92,2,No,5,No,0,8464492.8
15645600,€98926.4,1,Yes,8,Yes,0,8903376
15634146,€142872.36,1,Yes,2,Yes,0,12858512.4
15686743,€46057.96,2,Yes,3,Yes,0,4145216.4
15698792,€119769.77,1,Yes,6,Yes,0,10779279.3
15591724,€143244.97,1,No,5,No,0,12892047.3
15571281,€79562.98,1,Yes,10,Yes,0,7160668.2
15661380,€0.0,2,Yes,6,Yes,0,0
15728885,€0.0,1,Yes,0,Yes,0,0
15618950,€96659.64,2,Yes,8,Yes,0,8699367.6
15609804,€0.0,2,No,1,No,0,0
15735849,€165947.99,2,Yes,2,Yes,0,14935319.1
15652948,€92676.3,1,No,4,No,0,8340867
15618155,€83195.12,1,Yes,5,Yes,0,7487560.8
15566378,€129387.94,1,Yes,5,Yes,1,11644914.6
15565879,€0.0,2,Yes,9,Yes,0,0
15792922,€130233.14,1,Yes,9,Yes,0,11720982.6
15770567,€123502.53,1,Yes,3,Yes,0,11115227.7
15738042,€140894.06,2,Yes,8,Yes,0,12680465.4
15714920,€163867.86,1,Yes,7,Yes,0,14748107.4
15782121,€0.0,2,No,2,No,0,0
15673180,€93816.7,2,No,2,No,0,8443503
15660636,€0.0,2,No,8,No,0,0
15664504,€0.0,2,Yes,7,Yes,0,0
15790322,€114668.89,1,No,0,No,0,10320200.1
15739847,€146756.68,1,No,5,No,0,13208101.2
15699415,€150213.71,1,No,6,No,1,13519233.9
15665521,€111183.53,2,Yes,5,Yes,0,10006517.7
15682868,€99816.46,1,Yes,9,Yes,1,8983481.4
15584462,€0.0,1,No,9,No,0,0
15661708,€0.0,2,Yes,5,Yes,0,0
15584452,€0.0,2,No,6,No,0,0
15717010,€0.0,1,Yes,5,Yes,0,0
15643828,€0.0,2,Yes,7,Yes,0,0
15733361,€86714.06,1,No,6,No,1,7804265.4
15795488,€0.0,2,No,2,No,0,0
15581551,€132838.07,1,Yes,8,Yes,0,11955426.3
15632051,€128707.31,1,No,10,No,1,11583657.9
15780409,€0.0,2,No,6,No,0,0
15572767,€0.0,2,No,2,No,0,0
15590337,€123192.12,1,Yes,6,Yes,1,11087290.8
15634551,€115248.11,4,No,3,No,1,10372329.9
15669290,€59360.77,1,Yes,8,Yes,0,5342469.3
15621140,€0.0,2,Yes,9,Yes,0,0
15613518,€112668.7,1,Yes,6,Yes,0,10140183
15728043,€138503.51,2,No,7,No,0,12465315.9
15570073,€0.0,1,Yes,1,Yes,0,0
15777033,€0.0,2,Yes,7,Yes,0,0
15682454,€0.0,2,Yes,3,Yes,0,0
15758513,€0.0,2,No,7,No,0,0
15772604,€157267.95,2,No,1,No,0,14154115.5
15721715,€133871.05,1,Yes,9,Yes,0,12048394.5
15688563,€141989.27,2,No,4,No,0,12779034.3
15772009,€0.0,1,Yes,5,Yes,0,0
15809585,€0.0,2,No,7,No,0,0
15593778,€46388.16,3,No,3,No,1,4174934.4
15655360,€148666.99,1,No,5,No,1,13380029.1
15780909,€115101.5,1,No,7,No,1,10359135
15757310,€148363.38,1,Yes,6,Yes,0,13352704.2
15801411,€0.0,1,No,4,No,1,0
15761706,€144102.32,1,Yes,8,Yes,0,12969208.8
15658409,€128876.71,3,Yes,5,Yes,1,11598903.9
15810010,€118448.15,2,No,6,No,0,10660333.5
15627027,€0.0,2,Yes,5,Yes,0,0
15624374,€0.0,2,Yes,9,Yes,0,0
15720083,€0.0,2,Yes,1,Yes,0,0
15752294,€135979.01,4,Yes,9,Yes,1,12238110.9
15743193,€117271.8,2,No,6,No,1,10554462
15696733,€0.0,1,No,4,No,0,0
15677522,€0.0,2,No,1,No,0,0
15643523,€0.0,2,No,10,No,0,0
15624936,€129205.49,1,Yes,8,Yes,0,11628494.1
15716085,€0.0,1,No,8,No,1,0
15641688,€0.0,1,Yes,7,Yes,1,0
15796834,€104015.54,2,Yes,7,Yes,0,9361398.6
15720123,€0.0,2,No,3,No,0,0
15604732,€0.0,2,No,9,No,0,0
15723484,€103873.39,1,No,1,No,0,9348605.1
15807120,€112383.03,1,No,3,No,1,10114472.7
15810891,€117731.79,2,Yes,2,Yes,0,10595861.1
15640407,€135827.33,2,Yes,0,Yes,0,12224459.7
15778838,€114135.17,1,No,9,No,0,10272165.3
15709256,€0.0,2,Yes,9,Yes,0,0
15742285,€118756.62,1,Yes,6,Yes,0,10688095.8
15729019,€98382.72,1,No,8,No,0,8854444.8
15608588,€100520.92,1,Yes,2,Yes,1,9046882.8
15610557,€79858.13,2,Yes,7,Yes,0,7187231.7
15786418,€0.0,1,Yes,6,Yes,0,0
15653050,€95052.29,1,No,10,No,0,8554706.1
15744914,€177728.55,1,No,1,No,0,15995569.5
15669611,€83116.68,1,Yes,3,Yes,0,7480501.2
15594786,€111565.91,1,Yes,7,Yes,0,10040931.9
15649211,€83015.71,1,No,8,No,0,7471413.9
15766066,€124511.01,1,No,1,No,0,11205990.9
15772216,€130652.52,1,Yes,1,Yes,0,11758726.8
15619898,€0.0,2,Yes,5,Yes,0,0
15724543,€0.0,2,Yes,5,Yes,0,0
15755084,€121854.45,1,No,7,No,0,10966900.5
15730441,€0.0,2,Yes,10,Yes,0,0
15666767,€86893.28,1,No,1,No,0,7820395.2
15690456,€79523.13,1,Yes,7,Yes,0,7157081.7
15570533,€131033.76,1,Yes,7,Yes,1,11793038.4
15797692,€89939.62,1,No,7,No,0,8094565.8
15603135,€95727.05,1,No,3,No,1,8615434.5
15698927,€0.0,2,Yes,7,Yes,0,0
15687363,€155047.56,2,Yes,3,Yes,0,13954280.4
15733444,€0.0,2,No,9,No,0,0
15678057,€118569.03,2,No,10,No,0,10671212.7
15806918,€0.0,1,Yes,5,Yes,0,0
15638247,€0.0,2,No,9,No,0,0
15674833,€0.0,2,No,1,No,0,0
15812534,€0.0,3,Yes,1,Yes,0,0
15586522,€130461.02,1,No,2,No,0,11741491.8
15794297,€0.0,2,No,1,No,0,0
15737025,€0.0,3,No,1,No,1,0
15615931,€0.0,2,Yes,4,Yes,0,0
15664860,€0.0,2,No,3,No,1,0
15664539,€61172.04,1,No,9,No,0,5505483.6
15583692,€90194.34,2,No,2,No,0,8117490.6
15693131,€95508.2,1,Yes,3,Yes,0,8595738
15779973,€99967.76,1,Yes,3,Yes,0,8997098.4
15620557,€101470.29,1,Yes,4,Yes,0,9132326.1
15639549,€70541.06,1,No,4,No,0,6348695.4
15618750,€112211.61,1,No,8,No,0,10099044.9
15796790,€154543.98,1,No,8,No,0,13908958.2
15668309,€111098.85,1,Yes,0,Yes,1,9998896.5
15732437,€131873.07,2,Yes,0,Yes,1,11868576.3
15665158,€137275.36,1,Yes,1,Yes,0,12354782.4
15689322,€153316.14,1,No,3,No,0,13798452.6
15596624,€0.0,2,Yes,9,Yes,0,0
15601977,€121250.04,1,Yes,2,Yes,0,10912503.6
15801462,€109578.04,2,Yes,8,Yes,0,9862023.6
15566139,€53573.18,1,No,5,No,0,4821586.2
15791006,€58003.41,1,No,6,No,0,5220306.9
15668057,€113000.66,1,No,6,No,0,10170059.4
15580805,€0.0,2,No,10,No,0,0
15658768,€0.0,1,No,2,No,1,0
15613048,€139973.65,1,Yes,5,Yes,1,12597628.5
15803654,€151290.16,1,Yes,2,Yes,0,13616114.4
15662337,€121498.11,2,Yes,1,Yes,1,10934829.9
15650924,€103515.39,2,Yes,4,Yes,0,9316385.1
15647203,€0.0,1,No,3,No,0,0
15682778,€0.0,2,Yes,9,Yes,0,0
15579820,€106687.76,1,No,6,No,0,9601898.4
15709354,€0.0,2,Yes,2,Yes,0,0
15728480,€0.0,2,Yes,8,Yes,0,0
15641091,€106089.2,1,No,5,No,0,9548028
15603111,€69608.14,1,No,10,No,1,6264732.6
15679693,€0.0,2,Yes,5,Yes,0,0
15797190,€96202.32,1,No,7,No,0,8658208.8
15788025,€0.0,2,Yes,0,Yes,0,0
15646168,€0.0,2,No,5,No,0,0
15580493,€127818.52,1,No,1,No,0,11503666.8
15726720,€0.0,1,No,7,No,1,0
15735799,€137318.42,1,Yes,3,Yes,0,12358657.8
15773098,€0.0,2,No,5,No,0,0
15668971,€55776.39,2,No,4,No,0,5019875.1
15603221,€84421.62,1,Yes,4,Yes,0,7597945.8
15740043,€83161.65,1,Yes,5,Yes,0,7484548.5
15712264,€0.0,2,Yes,10,Yes,0,0
15751926,€87807.29,2,Yes,3,Yes,0,7902656.1
15589401,€0.0,2,No,4,No,0,0
15742019,€0.0,2,No,6,No,0,0
15660611,€0.0,2,Yes,3,Yes,0,0
15607634,€95293.86,2,Yes,9,Yes,0,8576447.4
15595036,€92847.59,1,No,7,No,0,8356283.1
15745794,€0.0,2,Yes,6,Yes,0,0
15781689,€0.0,2,No,5,No,0,0
15696054,€0.0,1,Yes,2,Yes,0,0
15752467,€0.0,2,Yes,3,Yes,0,0
15597739,€0.0,1,No,3,No,0,0
15651336,€0.0,2,No,4,No,0,0
15636061,€68345.86,2,Yes,4,Yes,0,6151127.4
15723013,€76656.4,2,Yes,7,Yes,0,6899076
15784148,€0.0,2,No,9,No,0,0
15578098,€0.0,2,Yes,8,Yes,0,0
15638621,€60374.98,1,No,1,No,0,5433748.2
15720924,€0.0,1,Yes,1,Yes,0,0
15566531,€88046.88,1,Yes,4,Yes,1,7924219.2
15718064,€0.0,2,No,2,No,0,0
15605067,€0.0,2,No,9,No,0,0
15655335,€0.0,2,No,1,No,0,0
15607301,€129968.67,1,Yes,8,Yes,0,11697180.3
15694628,€157731.6,2,No,4,No,0,14195844
15607112,€0.0,2,Yes,6,Yes,0,0
15635775,€89276.48,1,No,3,No,0,8034883.2
15644280,€138825.19,1,No,4,No,0,12494267.1
15708362,€103729.79,2,Yes,4,Yes,0,9335681.1
15771997,€75499.24,1,No,10,No,0,6794931.6
15730579,€169445.4,1,Yes,5,Yes,0,15250086
15728005,€111359.55,2,No,9,No,0,10022359.5
15791674,€142388.61,2,Yes,10,Yes,1,12814974.9
15754599,€123311.39,2,Yes,4,Yes,0,11098025.1
15693690,€115532.52,1,No,7,No,0,10397926.8
15728963,€167273.71,1,No,10,No,1,15054633.9
15659710,€77886.53,2,No,5,No,0,7009787.7
15658675,€135795.63,1,Yes,6,Yes,0,12221606.7
15638788,€97514.07,1,Yes,8,Yes,0,8776266.3
15609735,€127545.56,2,No,6,No,1,11479100.4
15771477,€106160.37,1,No,9,No,0,9554433.3
15570145,€0.0,2,No,2,No,0,0
15797149,€143680.47,2,Yes,4,Yes,0,12931242.3
15636912,€124483.53,1,No,3,No,0,11203517.7
15687828,€86006.3,1,Yes,5,Yes,0,7740567
15667424,€111094.05,2,Yes,7,Yes,0,9998464.5
15759872,€0.0,2,No,9,No,0,0
15572374,€0.0,2,Yes,1,Yes,0,0
15754926,€0.0,2,No,6,No,0,0
15687431,€115171.71,1,Yes,7,Yes,0,10365453.9
15604515,€111543.26,2,No,10,No,0,10038893.4
15682839,€137936.94,1,Yes,8,Yes,0,12414324.6
15624677,€122304.65,2,No,3,No,0,11007418.5
15646366,€120586.54,1,Yes,8,Yes,0,10852788.6
15701768,€0.0,2,Yes,3,Yes,0,0
15623566,€46520.69,1,Yes,9,Yes,0,4186862.1
15681274,€105473.74,1,Yes,2,Yes,0,9492636.6
15762573,€0.0,2,No,7,No,0,0
15706458,€115730.71,3,Yes,5,Yes,1,10415763.9
15654222,€145396.49,1,Yes,3,Yes,0,13085684.1
15704053,€131078.42,2,No,3,No,1,11797057.8
15724321,€128298.74,1,No,9,No,1,11546886.6
15621815,€165526.71,1,No,6,No,0,14897403.9
15724876,€83714.41,1,Yes,5,Yes,0,7534296.9
15696588,€0.0,2,Yes,3,Yes,0,0
15612832,€125540.05,1,No,7,No,0,11298604.5
15804295,€100254.76,2,Yes,2,Yes,0,9022928.4
15712536,€0.0,2,No,3,No,1,0
15662494,€138150.57,1,Yes,7,Yes,0,12433551.3
15807728,€0.0,1,Yes,1,Yes,1,0
15764916,€95984.21,1,Yes,7,Yes,1,8638578.9
15615330,€0.0,2,Yes,10,Yes,0,0
15638487,€136858.42,1,Yes,2,Yes,0,12317257.8
15627859,€102609.0,1,No,7,No,0,9234810
15622192,€0.0,2,Yes,3,Yes,0,0
15789413,€0.0,2,Yes,3,Yes,0,0
15583221,€77356.92,2,Yes,3,Yes,0,6962122.8
15768495,€110923.15,2,Yes,8,Yes,1,9983083.5
15644103,€151675.65,1,Yes,2,Yes,0,13650808.5
15741197,€0.0,3,No,8,No,0,0
15664547,€0.0,1,No,7,No,1,0
15797293,€0.0,2,No,3,No,0,0
15572021,€80204.11,2,No,8,No,0,7218369.9
15637461,€0.0,2,No,7,No,0,0
15620577,€0.0,2,Yes,4,Yes,0,0
15609643,€115587.49,2,Yes,9,Yes,0,10402874.1
15785358,€106968.96,1,Yes,8,Yes,1,9627206.4
15603883,€0.0,2,Yes,4,Yes,0,0
15782550,€139659.04,1,Yes,0,Yes,0,12569313.6
15775761,€86038.21,3,No,5,No,1,7743438.9
15680201,€102773.2,2,No,5,No,1,9249588
15767594,€0.0,2,Yes,8,Yes,0,0
15591985,€70754.18,1,Yes,8,Yes,1,6367876.2
15789339,€122781.51,1,Yes,4,Yes,0,11050335.9
15781530,€0.0,2,Yes,8,Yes,0,0
15705174,€153545.11,1,Yes,7,Yes,0,13819059.9
15572114,€121629.22,1,Yes,1,Yes,0,10946629.8
15804009,€167983.17,2,Yes,8,Yes,0,15118485.3
15662698,€81153.82,1,Yes,7,Yes,1,7303843.8
15696047,€99760.84,1,Yes,6,Yes,0,8978475.6
15701160,€125890.72,1,Yes,4,Yes,0,11330164.8
15790093,€0.0,2,No,2,No,0,0
15632143,€119148.55,1,No,2,No,0,10723369.5
15736778,€72948.58,2,Yes,1,Yes,0,6565372.2
15734917,€133974.36,2,No,8,No,0,12057692.4
15643903,€154483.98,1,No,1,No,0,13903558.2
15569526,€98627.13,2,No,10,No,0,8876441.7
15777067,€136770.67,1,Yes,2,Yes,0,12309360.3
15795511,€95252.72,1,No,4,No,0,8572744.8
15610419,€117413.95,1,Yes,3,Yes,0,10567255.5
15644994,€137986.58,2,Yes,4,Yes,1,12418792.2
15703707,€143571.52,1,No,10,No,0,12921436.8
15659327,€121197.64,1,No,5,No,1,10907787.6
15771323,€121626.9,1,Yes,5,Yes,0,10946421
15750549,€84440.1,2,Yes,1,Yes,0,7599609
15698462,€0.0,2,Yes,4,Yes,0,0
15739692,€0.0,2,No,1,No,0,0
15744041,€140356.7,1,No,3,No,0,12632103
15700714,€0.0,2,Yes,7,Yes,0,0
15777743,€92224.56,1,Yes,3,Yes,0,8300210.4
15623143,€0.0,2,No,9,No,0,0
15712568,€121355.99,1,No,10,No,0,10922039.1
15617432,€109003.26,1,Yes,9,Yes,0,9810293.4
15650424,€147341.43,1,Yes,3,Yes,1,13260728.7
15728829,€102983.91,1,No,7,No,0,9268551.9
15680430,€96252.98,2,No,4,No,0,8662768.2
15687626,€0.0,2,No,4,No,1,0
15609187,€155879.09,2,No,5,No,0,14029118.1
15609521,€142929.16,2,Yes,4,Yes,0,12863624.4
15752626,€64082.09,1,Yes,7,Yes,0,5767388.1
15571756,€0.0,1,No,5,No,0,0
15814040,€0.0,2,Yes,1,Yes,0,0
15658211,€0.0,2,Yes,2,Yes,0,0
15742091,€118336.95,1,No,6,No,1,10650325.5
15787168,€168253.21,1,Yes,8,Yes,0,15142788.9
15772363,€101979.16,1,No,0,No,0,9178124.4
15659364,€164902.43,1,No,5,No,0,14841218.7
15738980,€0.0,2,No,2,No,0,0
15794236,€111812.52,2,Yes,10,Yes,0,10063126.8
15721383,€0.0,2,Yes,10,Yes,0,0
15652981,€119755.0,1,Yes,2,Yes,0,10777950
15722731,€119556.1,1,No,0,No,1,10760049
15640507,€119349.69,3,Yes,3,Yes,1,10741472.1
15578878,€139528.23,1,Yes,3,Yes,0,12557540.7
15744295,€94773.11,1,No,1,No,0,8529579.9
15776558,€108345.22,1,Yes,1,Yes,0,9751069.8
15596136,€166939.88,1,Yes,9,Yes,0,15024589.2
15704597,€174571.36,1,Yes,7,Yes,0,15711422.4
15648272,€71829.34,1,Yes,9,Yes,0,6464640.6
15594915,€0.0,2,Yes,8,Yes,0,0
15581115,€76769.68,1,No,9,No,0,6909271.2
15763907,€104614.29,1,No,1,No,1,9415286.1
15705994,€0.0,1,No,10,No,0,0
15772421,€128927.93,1,Yes,1,Yes,0,11603513.7
15711572,€110941.93,2,No,9,No,0,9984773.7
15691170,€99250.08,1,Yes,10,Yes,0,8932507.2
15600106,€0.0,2,No,1,No,0,0
15745431,€0.0,2,Yes,7,Yes,0,0
15649508,€0.0,2,No,8,No,0,0
15812611,€0.0,2,Yes,5,Yes,0,0
15619699,€0.0,1,No,7,No,0,0
15813946,€104682.83,1,No,1,No,1,9421454.7
15762762,€118886.55,1,No,5,No,0,10699789.5
15629793,€156823.7,2,No,8,No,0,14114133
15781298,€124216.93,1,Yes,3,Yes,0,11179523.7
15622658,€144258.52,1,No,2,No,0,12983266.8
15658980,€128793.63,1,No,9,No,0,11591426.7
15701936,€126315.26,1,No,10,No,1,11368373.4
15686917,€0.0,2,No,4,No,0,0
15807312,€0.0,2,Yes,5,Yes,0,0
15574523,€0.0,2,Yes,1,Yes,0,0
15724200,€115341.55,1,Yes,1,Yes,0,10380739.5
15738224,€99162.29,1,No,6,No,0,8924606.1
15593283,€156848.13,2,Yes,1,Yes,1,14116331.7
15814690,€105736.32,1,Yes,2,Yes,1,9516268.8
15807245,€200117.76,2,No,1,No,0,18010598.4
15799358,€62212.29,1,Yes,6,Yes,1,5599106.1
15616172,€0.0,2,No,2,No,0,0
15777958,€0.0,2,Yes,10,Yes,0,0
15809124,€151532.4,1,Yes,5,Yes,0,13637916
15616367,€121523.51,1,No,1,No,1,10937115.9
15687385,€0.0,1,Yes,5,Yes,0,0
15607877,€0.0,2,Yes,8,Yes,0,0
15736327,€68238.51,2,Yes,1,Yes,0,6141465.9
15746704,€136808.53,2,Yes,9,Yes,0,12312767.7
15778304,€92398.08,1,Yes,0,Yes,0,8315827.2
15588456,€143566.12,1,Yes,5,Yes,0,12920950.8
15664035,€0.0,2,Yes,9,Yes,0,0
15596405,€127728.24,2,Yes,7,Yes,0,11495541.6
15815097,€0.0,2,No,9,No,0,0
15762708,€119658.49,1,Yes,10,Yes,0,10769264.1
15776211,€0.0,2,Yes,6,Yes,0,0
15626012,€149879.66,1,No,4,No,0,13489169.4
15792077,€119859.52,2,No,8,No,0,10787356.8
15718765,€104533.24,1,No,6,No,1,9407991.6
15576615,€145382.61,1,No,10,No,0,13084434.9
15752650,€121231.39,1,Yes,6,Yes,0,10910825.1
15797502,€141078.57,1,Yes,2,Yes,0,12697071.3
15687329,€108465.65,2,No,1,No,1,9761908.5
15779423,€70657.61,2,Yes,1,Yes,0,6359184.9
15619514,€120105.43,1,No,3,No,1,10809488.7
15615430,€129646.91,1,Yes,4,Yes,1,11668221.9
15716431,€191091.74,2,Yes,10,Yes,0,17198256.6
15798341,€0.0,1,Yes,8,Yes,0,0
15651958,€0.0,2,Yes,8,Yes,0,0
15726179,€131433.33,2,Yes,5,Yes,1,11828999.7
15652999,€137937.95,1,Yes,1,Yes,0,12414415.5
15691950,€0.0,2,No,3,No,0,0
15632446,€0.0,2,No,4,No,0,0
15620936,€0.0,2,Yes,4,Yes,0,0
15587640,€93143.39,1,No,0,No,0,8382905.1
15782231,€0.0,2,No,6,No,0,0
15580462,€112544.45,1,Yes,1,Yes,0,10129000.5
15736371,€123034.43,2,Yes,3,Yes,0,11073098.7
15648032,€0.0,2,Yes,2,Yes,0,0
15610454,€119278.44,1,Yes,9,Yes,0,10735059.6
15671358,€0.0,2,No,4,No,0,0
15747130,€0.0,2,Yes,7,Yes,0,0
15578374,€169312.72,1,No,7,No,0,15238144.8
15572182,€106506.77,3,No,3,No,1,9585609.3
15770041,€128412.61,1,Yes,8,Yes,0,11557134.9
15669414,€118356.89,2,No,9,No,1,10652120.1
15777054,€137479.13,1,No,3,No,0,12373121.7
15621021,€0.0,2,No,1,No,0,0
15785490,€105229.72,1,Yes,3,Yes,1,9470674.8
15577695,€148088.11,1,No,2,No,0,13327929.9
15686974,€0.0,1,Yes,4,Yes,1,0
15574584,€126679.69,1,Yes,8,Yes,0,11401172.1
15719541,€90826.27,2,No,2,No,0,8174364.3
15646310,€143582.89,1,Yes,8,Yes,0,12922460.1
15697606,€125712.2,1,No,10,No,0,11314098
15711489,€0.0,1,Yes,2,Yes,0,0
15670427,€155187.3,1,No,4,No,0,13966857
15731755,€0.0,2,No,10,No,0,0
15796370,€155455.43,1,Yes,5,Yes,0,13990988.7
15598331,€100480.53,1,No,9,No,0,9043247.7
15704795,€0.0,2,Yes,6,Yes,0,0
15796764,€127585.98,3,Yes,3,Yes,1,11482738.2
15589420,€101891.1,1,Yes,2,Yes,0,9170199
15810563,€0.0,2,Yes,8,Yes,0,0
15746569,€0.0,1,No,4,No,1,0
15811594,€128929.88,1,Yes,3,Yes,0,11603689.2
15645896,€121681.91,2,Yes,6,Yes,0,10951371.9
15802909,€139603.22,1,Yes,3,Yes,0,12564289.8
15797665,€0.0,2,No,7,No,0,0
15778959,€0.0,2,Yes,10,Yes,0,0
15722532,€91760.11,1,Yes,10,Yes,0,8258409.9
15784124,€93925.3,1,No,2,No,1,8453277
15776518,€175739.36,1,Yes,4,Yes,0,15816542.4
15611247,€0.0,2,No,10,No,0,0
15721469,€170295.04,2,No,9,No,0,15326553.6
15773338,€101579.28,1,Yes,2,Yes,0,9142135.2
15784042,€118793.6,1,Yes,7,Yes,1,10691424
15776229,€115282.3,1,No,3,No,0,10375407
15655903,€107980.37,1,Yes,6,Yes,0,9718233.3
15590177,€133866.22,1,Yes,1,Yes,0,12047959.8
15568876,€102723.35,2,No,1,No,0,9245101.5
15813140,€0.0,2,Yes,5,Yes,0,0
15770516,€193213.02,2,Yes,7,Yes,0,17389171.8
15755731,€117005.55,1,Yes,8,Yes,1,10530499.5
15574480,€132862.59,1,No,1,No,0,11957633.1
15798084,€0.0,2,No,0,No,0,0
15673020,€204510.94,1,Yes,3,Yes,1,18405984.6
15643575,€65349.71,1,No,1,No,0,5881473.9
15596811,€139753.35,1,No,8,No,0,12577801.5
15786789,€0.0,2,Yes,6,Yes,0,0
15578865,€107959.39,1,Yes,5,Yes,1,9716345.1
15605672,€195926.39,1,Yes,5,Yes,0,17633375.1
15603674,€0.0,2,Yes,1,Yes,0,0
15759915,€87772.52,1,No,6,No,0,7899526.8
15686219,€71018.6,2,No,4,No,0,6391674
15696388,€111096.91,1,Yes,4,Yes,0,9998721.9
15713604,€166776.6,2,Yes,9,Yes,0,15009894
15647800,€101266.51,1,No,6,No,0,9113985.9
15813451,€134796.87,2,Yes,8,Yes,0,12131718.3
15765375,€0.0,1,No,8,No,0,0
15774586,€118588.83,1,Yes,10,Yes,1,10672994.7
15603454,€160454.15,2,Yes,5,Yes,0,14440873.5
15653037,€0.0,1,Yes,1,Yes,0,0
15782475,€0.0,2,Yes,8,Yes,0,0
15593496,€91132.18,1,No,5,No,0,8201896.2
15808971,€0.0,2,Yes,9,Yes,0,0
15791972,€0.0,2,No,7,No,0,0
15676869,€0.0,2,Yes,8,Yes,0,0
15683007,€113113.12,1,No,5,No,0,10180180.8
15659495,€0.0,1,Yes,2,Yes,0,0
15703923,€190409.34,2,Yes,7,Yes,0,17136840.6
15674000,€0.0,2,Yes,10,Yes,0,0
15618171,€0.0,2,Yes,9,Yes,0,0
15732202,€83503.11,2,Yes,1,Yes,1,7515279.9
15735078,€139687.66,2,Yes,1,Yes,0,12571889.4
15798615,€137301.87,1,No,9,No,0,12357168.3
15638494,€129845.26,1,Yes,10,Yes,0,11686073.4
15763874,€0.0,2,Yes,8,Yes,0,0
15696355,€125489.4,1,No,6,No,0,11294046
15655952,€0.0,2,Yes,2,Yes,0,0
15739850,€155417.61,1,Yes,6,Yes,0,13987584.9
15611338,€0.0,2,Yes,4,Yes,0,0
15707861,€85216.61,1,No,10,No,1,7669494.9
15672237,€0.0,1,No,1,No,0,0
15657771,€0.0,1,Yes,6,Yes,0,0
15677783,€113607.47,1,No,4,No,0,10224672.3
15681026,€104552.72,1,Yes,9,Yes,1,9409744.8
15566543,€0.0,2,No,9,No,0,0
15594612,€0.0,1,No,9,No,1,0
15814664,€126524.11,1,No,2,No,0,11387169.9
15642785,€117593.48,2,No,5,No,0,10583413.2
15690164,€83199.05,1,No,4,No,0,7487914.5
15590213,€125920.98,1,Yes,4,Yes,0,11332888.2
15603794,€118469.38,1,Yes,5,Yes,0,10662244.2
15733491,€153537.57,2,No,8,No,0,13818381.3
15806360,€0.0,1,Yes,6,Yes,0,0
15587133,€151027.05,2,No,7,No,0,13592434.5
15721377,€144751.81,1,No,3,No,0,13027662.9
15747927,€155739.76,1,No,4,No,0,14016578.4
15806455,€0.0,2,Yes,7,Yes,0,0
15695474,€122531.86,1,No,7,No,0,11027867.4
15666295,€113957.01,2,No,1,No,1,10256130.9
15656062,€103377.81,1,No,7,No,0,9304002.9
15579969,€0.0,2,Yes,9,Yes,0,0
15703563,€93017.47,2,No,9,No,0,8371572.3
15692664,€90022.85,1,Yes,1,Yes,0,8102056.5
15719276,€74371.49,1,No,6,No,0,6693434.1
15672754,€152039.7,1,Yes,3,Yes,1,13683573
15768163,€137145.12,1,No,7,No,1,12343060.8
15656710,€0.0,1,No,4,No,0,0
15696175,€90602.42,2,Yes,7,Yes,0,8154217.8
15586914,€123841.49,2,No,6,No,0,11145734.1
15581736,€183579.54,2,Yes,1,Yes,0,16522158.6
15588839,€180307.73,2,Yes,8,Yes,0,16227695.7
15589329,€0.0,2,No,4,No,0,0
15605622,€0.0,2,Yes,4,Yes,0,0
15798964,€35016.6,1,No,3,No,0,3151494
15769959,€88381.21,1,No,4,No,1,7954308.9
15657105,€0.0,1,No,2,No,0,0
15569266,€155060.41,1,No,7,No,0,13955436.9
15719294,€0.0,2,No,2,No,0,0
15606229,€0.0,2,No,5,No,0,0
15569892,€57369.61,1,Yes,10,Yes,0,5163264.9
15584532,€0.0,1,Yes,7,Yes,1,0
15682355,€75075.31,2,No,3,No,1,6756777.9
15628319,€130142.79,1,No,4,No,0,11712851.1
15628319,€130142.79,1,No,4,No,0,11712851.1
