CustomerId,Surname,CreditScore,Geography,Gender,Age,Tenure,EstimatedSalary,EstimatedSalaryINR
15634602,Hargrave,619,FRA,Female,42,2,"€ 101,348.88",9121399.2
15647311,Hill,608,Spain,Female,41,1,"€ 112,542.58",10128832.2
15619304,Onio,502,French,Female,42,8,"€ 113,931.57",10253841.3
15701354,Boni,699,FRA,Female,39,1,"€ 93,826.63",8444396.7
15737888,Mitchell,850,Spain,Female,43,2,"€ 79,084.10",7117569
15574012,Chu,645,Spain,Male,44,8,"€ 149,756.71",13478103.9
15592531,Bartlett,822,France,Male,50,7,"€ 10,062.80",905652
15656148,Obinna,376,Germany,Female,29,4,"€ 119,346.88",10741219.2
15792365,He,501,French,Male,44,4,"€ 74,940.50",6744645
15592389,H?,684,France,Male,27,2,"€ 71,725.73",6455315.7
15767821,Bearce,528,French,Male,31,6,"€ 80,181.12",7216300.8
15737173,Andrews,497,Spain,Male,24,3,"€ 76,390.01",6875100.9
15632264,Kay,476,FRA,Female,34,10,"€ 26,260.98",2363488.2
15691483,Chin,549,France,Female,25,5,"€ 190,857.79",17177201.1
15600882,Scott,635,Spain,Female,35,7,"€ 65,951.65",5935648.5
15643966,Goforth,616,Germany,Male,45,3,"€ 64,327.26",5789453.4
15737452,Romeo,653,Germany,Male,58,1,"€ 5,097.67",458790.3
15788218,Henderson,549,Spain,Female,24,9,"€ 14,406.41",1296576.9
15661507,Muldrow,587,Spain,Male,45,6,"€ 158,684.81",14281632.9
15568982,Hao,726,French,Female,24,6,"€ 54,724.03",4925162.7
15577657,McDonald,732,French,Male,41,8,"€ 170,886.17",15379755.3
15597945,Dellucci,636,Spain,Female,32,8,"€ 138,555.46",12469991.4
15699309,Gerasimov,510,Spain,Female,38,4,"€ 118,913.53",10702217.7
15725737,Mosman,669,France,Male,46,3,"€ 8,487.75",763897.5
15625047,Yen,846,FRA,Female,38,5,"€ 187,616.16",16885454.4
15738191,Maclean,577,France,Male,25,3,"€ 124,508.29",11205746.1
15736816,Young,756,Germany,Male,36,2,"€ 170,041.95",15303775.5
15700772,Nebechi,571,FRA,Male,44,9,"€ 38,433.35",3459001.5
15728693,,574,Germany,Female,,3,"-€ 999,999",-89999910
15656300,Lucciano,411,French,Male,29,0,"€ 53,483.21",4813488.9
15589475,Azikiwe,591,Spain,Female,39,3,"€ 140,469.38",12642244.2
15706552,Odinakachukwu,533,France,Male,36,7,"€ 156,731.91",14105871.9
15750181,Sanderson,553,Germany,Male,41,9,"€ 81,898.81",7370892.9
15659428,Maggard,520,Spain,Female,42,6,"€ 34,410.55",3096949.5
15732963,Clements,722,Spain,Female,29,9,"€ 142,033.07",12782976.3
15794171,Lombardo,475,France,Female,45,0,"€ 27,822.99",2504069.1
15788448,Watson,490,Spain,Male,31,3,"€ 114,066.77",10266009.3
15729599,Lorenzo,804,Spain,Male,33,7,"€ 98,453.45",8860810.5
15717426,Armstrong,850,French,Male,36,7,"€ 40,812.90",3673161
15585768,Cameron,582,Germany,Male,41,6,"€ 178,074.04",16026663.6
15619360,Hsiao,472,Spain,Male,40,4,"€ 70,154.22",6313879.8
15738148,Clarke,465,FRA,Female,51,8,"€ 181,297.65",16316788.5
15687946,Osborne,556,FRA,Female,61,2,"€ 94,153.83",8473844.7
15755196,Lavine,834,FRA,Female,49,2,"€ 194,365.76",17492918.4
15684171,Bianchi,660,Spain,Female,61,5,"€ 158,338.39",14250455.1
15754849,Tyler,776,Germany,Female,32,4,"€ 126,517.46",11386571.4
15602280,Martin,829,Germany,Female,27,9,"€ 119,708.21",10773738.9
15771573,Okagbue,637,Germany,Female,39,9,"€ 117,622.80",10586052
15766205,Yin,550,Germany,Male,38,2,"€ 90,878.13",8179031.7
15771873,Buccho,776,Germany,Female,37,2,"€ 194,099.12",17468920.8
15616550,Chidiebele,698,Germany,Male,44,10,"€ 198,059.16",17825324.4
15768193,Trevisani,585,Germany,Male,36,5,"€ 86,424.57",7778211.3
15683553,O'Brien,788,FRA,Female,33,5,"€ 116,978.19",10528037.1
15702298,Parkhill,655,Germany,Male,41,8,"€ 164,040.94",14763684.6
15569590,Yoo,601,Germany,Male,42,1,"€ 40,014.76",3601328.4
15760861,Phillipps,619,French,Male,43,1,"€ 113,410.49",10206944.1
15630053,Tsao,656,France,Male,45,5,"€ 87,107.57",7839681.3
15647091,Endrizzi,725,Germany,Male,19,0,"€ 45,613.75",4105237.5
15623944,T'ien,511,Spain,Female,66,4,"€ 1,643.11",147879.9
15804771,Velazquez,614,FRA,Male,51,4,"€ 46,775.28",4209775.2
15651280,Hunter,742,Germany,Male,35,5,"€ 84,509.57",7605861.3
15773469,Clark,687,Germany,Female,27,9,"€ 126,494.82",11384533.8
15702014,Jeffrey,555,Spain,Male,33,1,"€ 178,798.13",16091831.7
15751208,Pirozzi,684,Spain,Male,56,8,"€ 99,398.36",8945852.4
15592461,Jackson,603,Germany,Male,26,4,"€ 92,840.67",8355660.3
15789484,Hammond,751,Germany,Female,36,6,"€ 27,758.36",2498252.4
15696061,Brownless,581,Germany,Female,34,1,"€ 110,431.51",9938835.9
15641582,Chibugo,735,Germany,Male,43,10,"€ 196,673.28",17700595.2
15638424,Glauert,661,Germany,Female,35,5,"€ 113,656.85",10229116.5
15755648,Pisano,675,FRA,Female,21,8,"€ 18,203.00",1638270
15703793,Konovalova,738,Germany,Male,58,2,"€ 28,373.86",2553647.4
15620344,McKee,813,France,Male,29,6,"€ 33,953.87",3055848.3
15812518,Palermo,657,Spain,Female,37,0,"€ 44,203.55",3978319.5
15779052,Ballard,604,Germany,Female,25,5,"€ 58,426.81",5258412.9
15770811,Wallace,519,FRA,Male,36,9,"€ 145,562.40",13100616
15780961,Cavenagh,735,France,Female,21,1,"€ 22,388.00",2014920
15614049,Hu,664,FRA,Male,55,8,"€ 139,161.64",12524547.6
15662085,Read,678,FRA,Female,32,9,"€ 148,210.64",13338957.6
15575185,Bushell,757,Spain,Male,33,5,"€ 194,239.63",17481566.7
15803136,Postle,416,Germany,Female,41,10,"€ 98,301.61",8847144.9
15706021,Buley,665,France,Female,34,1,"€ 171,413.66",15427229.4
15663706,Leonard,777,France,Female,32,2,"€ 136,458.19",12281237.1
15641732,Mills,543,France,Female,36,3,"€ 26,019.59",2341763.1
15701164,Onyeorulu,506,FRA,Female,34,4,"€ 159,235.29",14331176.1
15738751,Beit,493,France,Female,46,4,"€ 1,907.66",171689.4
15805254,Ndukaku,652,Spain,Female,75,10,"€ 114,675.75",10320817.5
15762418,Gant,750,Spain,Male,22,3,"€ 128,643.35",11577901.5
15625759,Rowley,729,France,Male,30,9,"€ 151,869.35",13668241.5
15622897,Sharpe,646,French,Female,46,4,"€ 93,251.42",8392627.8
15767954,Osborne,635,Germany,Female,28,3,"€ 156,791.36",14111222.4
15757535,Heap,647,Spain,Female,44,5,"€ 174,205.22",15678469.8
15731511,Ritchie,808,France,Male,45,7,"€ 147,132.46",13241921.4
15809248,Cole,524,FRA,Female,36,10,"€ 109,614.57",9865311.3
15640635,Capon,769,FRA,Male,29,8,"€ 172,290.61",15506154.9
15676966,Capon,730,Spain,Male,42,4,"€ 85,982.47",7738422.3
15699461,Fiorentini,515,Spain,Male,35,10,"€ 121,277.78",10915000.2
15738721,Graham,773,Spain,Male,41,9,"€ 64,595.25",5813572.5
15693683,Yuille,814,Germany,Male,29,8,"€ 197,276.13",17754851.7
15604348,Allard,710,Spain,Male,22,8,"€ 99,645.04",8968053.6
15633059,Fanucci,413,France,Male,34,9,"€ 6,534.18",588076.2
15808582,Fu,665,FRA,Female,40,6,"€ 161,848.03",14566322.7
15743192,Hung,623,French,Female,44,6,"€ 167,162.43",15044618.7
15580146,Hung,738,France,Male,31,9,"€ 41,970.72",3777364.8
15776605,Bradley,528,Spain,Male,36,7,"€ 60,536.56",5448290.4
15804919,Dunbabin,670,Spain,Female,65,1,"€ 177,655.68",15989011.2
15613854,Mauldon,622,Spain,Female,46,4,"€ 30,984.59",2788613.1
15599195,Stiger,582,Germany,Male,32,1,"€ 10,054.53",904907.7
15812878,Parsons,785,Germany,Female,36,2,"€ 36,976.52",3327886.8
15602312,Walkom,605,Spain,Male,33,5,"€ 71,862.79",6467651.1
15744689,T'ang,479,Germany,Male,35,9,"€ 99,449.86",8950487.4
15803526,Eremenko,685,Germany,Male,30,3,"€ 63,082.88",5677459.2
15665790,Rowntree,538,Germany,Male,39,7,"€ 27,231.26",2450813.4
15715951,Thorpe,562,France,Male,42,2,"€ 86,797.41",7811766.9
15591100,Chiemela,675,Spain,Male,36,9,"€ 22,994.32",2069488.8
15609618,Fanucci,721,Germany,Male,28,9,"€ 101,300.94",9117084.6
15675522,Ko,628,Germany,Female,30,9,"€ 74,169.13",6675221.7
15705512,Welch,668,Germany,Female,37,6,"€ 115,638.29",10407446.1
15698028,Duncan,506,France,Female,41,1,"€ 31,766.30",2858967
15661670,Chidozie,524,Germany,Female,31,8,"€ 199,725.39",17975285.1
15600781,Wu,699,Germany,Male,34,4,"€ 120,834.48",10875103.2
15682472,Culbreth,828,French,Male,34,8,"€ 38,131.77",3431859.3
15580203,,674,Spain,Male,,6,"-€ 999,999",-89999910
15690673,Cameron,656,French,Female,39,6,"€ 141,069.88",12696289.2
15760085,Calabresi,684,Germany,Female,48,10,"€ 198,129.36",17831642.4
15779659,Zetticci,625,FRA,Female,28,3,"€ 183,646.41",16528176.9
15627360,Fuller,432,France,Male,42,9,"€ 110,265.24",9923871.6
15671137,MacDonald,549,France,Female,52,1,"€ 8,636.05",777244.5
15782688,Piccio,625,Germany,Male,56,0,"€ 46,824.08",4214167.2
15575492,Kennedy,828,FRA,Female,41,7,"€ 171,378.77",15424089.3
15591607,Fernie,770,FRA,Male,24,9,"€ 167,256.35",15053071.5
15740404,He,758,FRA,Female,34,3,"€ 124,226.16",11180354.4
15718369,Kaodilinakachukwu,795,Germany,Female,33,9,"€ 114,935.21",10344168.9
15677871,Cocci,687,France,Male,38,9,"€ 35,608.88",3204799.2
15642004,Alekseeva,686,French,Male,25,1,"€ 16,459.37",1481343.3
15712543,Chinweike,789,Germany,Male,39,7,"€ 124,411.08",11196997.2
15584518,Arthur,589,Germany,Female,50,5,"€ 34,941.23",3144710.7
15802381,Li,461,Germany,Female,34,5,"€ 167,784.28",15100585.2
15610156,Ma,637,FRA,Male,40,2,"€ 93,165.34",8384880.6
15594408,Chia,584,Spain,Female,48,2,"€ 75,161.25",6764512.5
15640905,Vasin,579,Spain,Female,35,1,"€ 8,590.83",773174.7
15698932,Groves,756,Germany,Male,44,10,"€ 189,543.90",17058951
15724944,Tien,663,France,Male,34,7,"€ 180,427.24",16238451.6
15628145,Forwood,682,FRA,Female,43,5,"€ 193,318.33",17398649.7
15713483,Greeves,793,Spain,Male,52,2,"€ 159,123.82",14321143.8
15612350,Taylor,691,FRA,Female,31,5,"€ 126,213.84",11359245.6
15800703,Madukwe,485,Spain,Female,21,5,"€ 54,141.50",4872735
15705707,Bennelong,635,Spain,Female,29,8,"€ 141,075.51",12696795.9
15754105,Olisanugo,650,French,Male,37,5,"€ 24,495.03",2204552.7
15703264,Chukwufumnanya,735,France,Male,44,9,"€ 74,836.34",6735270.6
15794413,Harris,416,France,Male,32,0,€ 878.87,79098.3
15650237,Morgan,754,Spain,Female,32,7,"€ 89,520.75",8056867.5
15759618,Alexeeva,535,French,Female,48,9,"€ 149,892.79",13490351.1
15811589,Metcalfe,716,Spain,Male,42,8,"€ 180,800.42",16272037.8
15689044,Humphries,539,France,Male,37,2,"€ 98,646.22",8878159.8
15709368,Milne,614,French,Female,43,6,"€ 109,041.53",9813737.7
15679145,Chou,706,Spain,Male,57,7,"€ 17,941.16",1614704.4
15655007,Li,758,French,Female,33,7,"€ 82,996.47",7469682.3
15623595,Clayton,586,Spain,Female,28,2,"€ 92,067.35",8286061.5
15589975,Maclean,646,French,Female,73,6,"€ 104,719.66",9424769.4
15804017,Chigolum,631,Germany,Female,33,4,"€ 112,687.57",10141881.3
15692132,Wilkinson,717,Spain,Female,22,6,"€ 84,699.56",7622960.4
15641122,Wei,684,French,Male,30,2,"€ 83,473.82",7512643.8
15630910,Treacy,800,FRA,Female,49,7,"€ 47,125.11",4241259.9
15680772,Hu,721,Spain,Female,36,2,"€ 106,977.80",9628002
15658929,Taverner,683,Spain,Male,29,0,"€ 55,582.54",5002428.6
15585388,Sherman,660,Germany,Male,31,9,"€ 139,874.43",12588698.7
15724623,Taubman,704,Germany,Female,24,7,"€ 162,503.48",14625313.2
15588537,Robinson,615,Spain,Female,41,9,"€ 196,499.96",17684996.4
15574692,Pinto,667,Spain,Female,39,2,"€ 40,721.24",3664911.6
15611325,Wood,682,Germany,Male,24,9,"€ 53,134.30",4782087
15587562,Hawkins,484,French,Female,29,4,"€ 164,017.89",14761610.1
15613172,Sun,628,Germany,Male,27,5,"€ 155,996.96",14039726.4
15651022,Yost,480,Germany,Male,44,10,"€ 5,472.70",492543
15586310,Ting,578,French,Male,30,4,"€ 112,187.11",10096839.9
15625524,Rowe,512,France,Male,40,5,"€ 146,457.83",13181204.7
15755209,Fu,484,Spain,Female,35,7,"€ 27,286.10",2455749
15645248,Ho,510,French,Female,30,0,"€ 130,553.47",11749812.3
15790355,Okechukwu,606,Germany,Male,36,5,"€ 179,351.89",16141670.1
15762615,Campbell,597,Spain,Female,40,8,"€ 94,774.12",8529670.8
15625426,Ashbolt,754,Germany,Female,55,3,"€ 8,080.85",727276.5
15716334,Rozier,850,Spain,Female,45,2,"€ 19,482.50",1753425
15789669,Hsia,510,FRA,Male,65,2,"€ 48,071.61",4326444.9
15621075,Ogbonnaya,778,Germany,Female,45,1,"€ 174,531.27",15707814.3
15810845,T'ang,636,FRA,Male,42,2,"€ 55,470.78",4992370.2
15719377,Cocci,804,French,Female,50,4,"€ 8,546.87",769218.3
15654506,Chang,514,France,Male,32,8,"€ 95,857.18",8627146.2
15771977,T'ao,730,FRA,Female,39,1,"€ 194,945.80",17545122
15708710,Ford,525,Spain,Female,37,0,"€ 131,521.72",11836954.8
15726676,Marshall,616,Spain,Male,30,5,"€ 196,108.51",17649765.9
15587421,Tsai,687,Germany,Female,34,7,"€ 148,564.76",13370828.4
15726931,Onwumelu,715,FRA,Female,41,8,"€ 92,982.61",8368434.9
15771086,Graham,512,French,Female,36,3,"€ 17,675.36",1590782.4
15756850,Golovanov,479,French,Male,40,1,"€ 114,996.43",10349678.7
15702741,Potts,601,French,Male,32,8,"€ 86,957.42",7826167.8
15679200,Crawford,580,Spain,Male,29,9,"€ 128,077.80",11527002
15594815,Aleshire,807,France,Male,35,3,€ 600.36,54032.4
15635905,Moran,616,Spain,Female,32,6,"€ 43,001.46",3870131.4
15777892,Samsonova,721,Germany,Male,37,3,"€ 158,591.12",14273200.8
15656176,Jenkins,501,France,Male,57,10,"€ 47,847.19",4306247.1
15811127,Volkov,521,FRA,Male,35,6,"€ 10,488.44",943959.6
15604482,Chiemezie,850,Spain,Male,30,2,"€ 5,978.20",538038
15622911,Jude,759,FRA,Male,42,4,"€ 121,409.06",10926815.4
15600974,He,516,Spain,Male,50,5,"€ 146,145.93",13153133.7
15727868,Onuora,711,France,Female,38,2,"€ 14,374.86",1293737.4
15627801,Ginikanwa,512,Spain,Male,33,3,"€ 94,670.77",8520369.3
15773039,Ku,550,France,Male,37,3,"€ 179,670.31",16170327.9
15755262,McDonald,608,Spain,Female,41,3,"€ 199,304.74",17937426.6
15679531,Collins,618,France,Male,34,5,"€ 151,954.39",13675895.1
15684181,Hackett,643,French,Male,45,5,"€ 142,513.50",12826215
15612087,Dike,671,France,Male,45,2,"€ 158,264.62",14243815.8
15752047,Trevisano,689,Germany,Male,33,2,"€ 169,381.90",15244371
15624592,Tan,603,French,Male,31,8,"€ 169,915.02",15292351.8
15573152,Glassman,620,French,Female,41,9,"€ 88,852.47",7996722.3
15594917,Miller,676,French,Female,34,1,"€ 40,645.81",3658122.9
15785542,Kornilova,572,Germany,Male,26,4,"€ 60,427.30",5438457
15723488,Watson,668,Germany,Male,47,7,"€ 157,959.02",14216311.8
15680920,Marchesi,695,French,Male,46,7,"€ 133,007.34",11970660.6
15786308,Millar,730,Spain,Female,33,9,"€ 176,576.62",15891895.8
15659366,Shih,807,FRA,Male,43,1,"€ 34,888.04",3139923.6
15774854,Fuller,592,FRA,Male,54,8,"€ 28,737.71",2586393.9
15725311,Hay,726,France,Female,31,9,"€ 98,178.57",8836071.3
15787155,Yang,514,Spain,Male,30,7,"€ 125,010.24",11250921.6
15727829,McIntyre,567,FRA,Male,42,2,"€ 167,984.61",15118614.9
15733247,Stevenson,850,France,Male,33,10,"€ 4,861.72",437554.8
15568748,Poole,671,Germany,Male,45,6,"€ 108,872.45",9798520.5
15699029,Bagley,670,FRA,Male,37,4,"€ 198,252.88",17842759.2
15774393,Ch'ien,694,French,Female,30,9,"€ 26,960.31",2426427.9
15676895,Cattaneo,547,Germany,Female,39,6,"€ 85,746.52",7717186.8
15637753,O'Sullivan,751,Germany,Male,50,2,"€ 77,206.25",6948562.5
15605461,Lucas,594,Germany,Female,29,3,"€ 61,048.53",5494367.7
15808473,Ringrose,673,France,Male,72,1,"€ 111,981.19",10078307.1
15627000,Freeman,610,FRA,Male,40,0,"€ 62,232.60",5600934
15787174,Sergeyev,512,French,Female,37,1,"€ 156,105.03",14049452.7
15723886,Fiore,767,Germany,Male,20,3,"€ 150,135.38",13512184.2
15704769,Smith,585,French,Female,67,5,"€ 93,146.11",8383149.9
15772896,Dumetochukwu,763,Germany,Male,42,6,"€ 33,462.94",3011664.6
15711540,Pacheco,712,France,Female,29,2,"€ 144,375.00",12993750
15764866,Synnot,539,Germany,Female,43,3,"€ 55,803.96",5022356.4
15794056,Johnston,668,France,Female,46,2,"€ 89,048.46",8014361.4
15795149,Stevens,703,FRA,Male,28,2,"€ 162,812.16",14653094.4
15812009,Grant,662,Spain,Male,38,4,"€ 136,259.65",12263368.5
15651001,Tsao,725,Germany,Female,39,5,"€ 124,052.97",11164767.3
15813844,Barnes,703,FRA,Male,37,8,"€ 74,158.80",6674292
15596175,McIntosh,659,Germany,Male,67,6,"€ 45,071.09",4056398.1
15576269,Madison,523,Spain,Male,34,7,"€ 62,030.06",5582705.4
15797219,Ifesinachi,635,France,Female,40,10,"€ 131,953.23",11875790.7
15685500,Glazkov,772,Germany,Male,26,7,"€ 79,414.00",7147260
15599792,Dimauro,545,FRA,Female,26,1,"€ 199,638.56",17967470.4
15657566,Wieck,634,Germany,Male,24,8,"€ 157,577.29",14181956.1
15772423,Liao,739,Germany,Male,54,8,"€ 134,420.75",12097867.5
15628112,Hughes,771,Germany,Female,36,5,"€ 99,805.99",8982539.1
15753754,Morrison,587,Spain,Female,34,1,"€ 97,932.68",8813941.2
15793726,Matveyeva,681,France,Female,79,0,"€ 170,968.99",15387209.1
15694717,Ku,544,Germany,Male,37,2,"€ 57,558.95",5180305.5
15665834,Cheatham,696,Spain,Male,28,8,"€ 176,713.47",15904212.3
15765297,Yao,766,Spain,Male,41,0,"€ 34,283.23",3085490.7
15636684,Kirkland,727,FRA,Male,34,10,"€ 198,637.34",17877360.6
15592979,Rose,671,Germany,Female,34,6,"€ 156,917.12",14122540.8
15750803,Jess,693,FRA,Female,30,6,"€ 50,457.20",4541148
15607178,Welch,850,Germany,Male,38,3,"€ 140,075.55",12606799.5
15713853,Ifeajuna,732,Germany,Male,42,9,"€ 65,323.11",5879079.9
15673481,Morton,726,Spain,Female,48,6,"€ 64,323.24",5789091.6
15686776,Rossi,557,FRA,Female,32,6,"€ 14,956.44",1346079.6
15673693,Reppert,682,France,Female,26,0,"€ 111,879.21",10069128.9
15700696,Kang,738,Spain,Male,31,9,"€ 18,606.23",1674560.7
15813163,Ch'iu,531,Spain,Female,36,9,"€ 123,137.01",11082330.9
15653857,Wallis,498,French,Male,34,2,"€ 148,528.24",13367541.6
15777076,Clark,651,France,Male,36,7,"€ 13,898.31",1250847.9
15717398,Fielding,549,Spain,Female,39,7,"€ 81,259.25",7313332.5
15799217,Zetticci,791,Germany,Female,35,7,"€ 161,051.75",14494657.5
15787071,Dulhunty,650,Spain,Male,41,9,"€ 191,599.67",17243970.3
15619955,Bevington,733,Germany,Male,34,3,"€ 48,559.19",4370327.1
15796505,Boyle,811,Germany,Female,34,1,"€ 186,339.74",16770576.6
15725166,Newton,707,French,Male,30,8,"€ 33,159.37",2984343.3
15800116,Bowman,712,Germany,Male,28,4,"€ 93,883.53",8449517.7
15758685,Dubinina,706,Spain,Female,37,7,"€ 110,899.30",9980937
15694456,Toscani,756,French,Male,62,3,"€ 11,199.04",1007913.6
15767339,Chiazagomekpere,777,French,Female,53,10,"€ 189,992.97",17099367.3
15683562,Allen,646,French,Male,35,6,"€ 164,255.69",14783012.1
15782210,K'ung,714,French,Male,46,1,"€ 152,167.79",13695101.1
15668893,Wilsmore,782,France,Male,39,8,"€ 33,949.67",3055470.3
15669169,Hargreaves,775,Spain,Male,29,10,"€ 68,143.93",6132953.7
15643024,Huang,479,Germany,Male,35,4,"€ 47,251.79",4252661.1
15699389,Ch'ien,807,French,Male,42,7,"€ 25,885.72",2329714.8
15708608,Wallwork,799,FRA,Female,22,8,"€ 192,633.85",17337046.5
15626144,Chu,675,French,Male,40,7,"€ 34,577.36",3111962.4
15573112,Kang,602,Spain,Male,29,5,"€ 161,229.84",14510685.6
15790678,Davidson,475,FRA,Female,32,8,"€ 100,816.29",9073466.1
15727556,O'Donnell,744,Spain,Female,26,5,"€ 181,694.44",16352499.6
15697307,Nnachetam,588,Spain,Male,34,10,"€ 79,078.91",7117101.9
15652266,Chidiebele,703,Germany,Male,42,9,"€ 137,316.32",12358468.8
15607098,Ahmed,747,Spain,Female,41,5,"€ 194,926.86",17543417.4
15655774,Booth,583,French,Male,27,7,"€ 51,285.49",4615694.1
15590241,Chuang,750,Spain,Female,34,9,"€ 150,401.53",13536137.7
15785819,Shao,681,FRA,Male,38,3,"€ 112,491.96",10124276.4
15723654,Tsao,773,French,Male,25,2,"€ 73,656.38",6629074.2
15774510,Tien,714,FRA,Female,31,4,"€ 106,636.89",9597320.1
15684173,Chang,687,Spain,Female,44,7,"€ 155,853.52",14026816.8
15650068,Johnson,511,French,Male,58,0,"€ 162,599.51",14633955.9
15811490,French,627,France,Male,33,5,"€ 103,737.82",9336403.8
15803976,Efremov,694,FRA,Female,31,10,"€ 160,990.27",14489124.3
15682541,Hartley,616,Spain,Female,36,6,"€ 15,462.84",1391655.6
15695699,Calabrese,687,FRA,Male,35,8,"€ 10,334.05",930064.5
15624188,Chiu,712,FRA,Female,33,6,"€ 190,686.16",17161754.4
15812191,Brennan,553,French,Male,33,4,"€ 94,440.45",8499640.5
15636673,Onwuatuegwu,667,France,Male,31,1,"€ 28,257.63",2543186.7
15594898,Hewitt,731,French,Male,43,2,"€ 170,034.95",15303145.5
15660211,Shih,629,Germany,Male,35,7,"€ 31,824.29",2864186.1
15773972,Balashov,614,FRA,Male,50,4,"€ 127,166.49",11444984.1
15746726,Doyle,438,Germany,Male,31,8,"€ 44,937.01",4044330.9
15712287,Pokrovskii,652,FRA,Female,80,4,"€ 188,603.07",16974276.3
15702919,Collins,729,Germany,Male,30,6,"€ 145,111.37",13060023.3
15674398,Russo,642,French,Male,38,3,"€ 171,463.83",15431744.7
15797960,Skinner,806,Germany,Female,59,0,"€ 182,822.50",16454025
15631868,Robertson,744,Spain,Male,36,2,"€ 87,213.33",7849199.7
15581539,Atkinson,474,Spain,Male,37,3,"€ 57,175.32",5145778.8
15662736,Doyle,559,FRA,Male,49,2,"€ 120,540.83",10848674.7
15666252,Ritchie,706,Spain,Male,42,9,"€ 28,714.34",2584290.6
15677512,McEncroe,628,Spain,Female,22,3,"€ 85,426.28",7688365.2
15626114,Pearson,429,France,Male,24,4,"€ 46,170.75",4155367.5
15810834,Gordon,525,Spain,Female,57,2,"€ 64,448.36",5800352.4
15678910,Ts'ai,680,FRA,Female,30,8,"€ 16,278.97",1465107.3
15694408,Lung,749,France,Male,40,1,"€ 182,855.42",16456987.8
15585215,Yuan,763,France,Female,31,4,"€ 50,404.72",4536424.8
15682757,Pardey,734,FRA,Male,30,3,"€ 107,640.25",9687622.5
15736601,Tai,716,FRA,Male,35,4,"€ 134,132.65",12071938.5
15601848,Scott,594,FRA,Male,35,2,"€ 103,480.69",9313262.1
15736008,Hunter,644,French,Female,46,9,"€ 108,761.05",9788494.5
15669064,Mazzanti,671,Germany,Male,35,1,"€ 179,012.30",16111107
15624528,L?,664,Germany,Male,26,7,"€ 95,145.14",8563062.6
15598493,Beach,656,FRA,Male,50,7,"€ 72,143.44",6492909.6
15601274,Hsieh,667,Spain,Female,40,1,"€ 19,162.89",1724660.1
15702669,Faulkner,663,Germany,Male,44,2,"€ 144,680.18",13021216.2
15728669,Knowles,584,Germany,Female,30,8,"€ 177,772.03",15999482.7
15742668,Day,626,Spain,Female,37,6,"€ 5,597.94",503814.6
15697441,Hsueh,485,French,Male,29,7,"€ 116,828.51",10514565.9
15740476,Tsao,659,Germany,Female,32,3,"€ 174,652.51",15718725.9
15648064,Kennedy,649,FRA,Male,33,2,"€ 2,010.98",180988.2
15636624,Nwabugwu,805,Spain,Female,39,5,"€ 14,109.85",1269886.5
15807923,Young,716,Germany,Female,39,10,"€ 43,527.40",3917466
15745844,Kerr,642,Germany,Female,40,6,"€ 86,099.23",7748930.7
15786170,Tien,659,FRA,Male,31,4,"€ 161,574.19",14541677.1
15681081,Marrero,545,Spain,Female,47,5,"€ 38,970.14",3507312.6
15684484,White,543,French,Male,22,8,"€ 127,587.22",11482849.8
15785869,Pisano,718,FRA,Female,25,7,"€ 30,380.12",2734210.8
15763859,Brown,840,French,Female,43,7,"€ 90,908.95",8181805.5
15658935,Freeman,630,Germany,Female,34,9,"€ 138,275.01",12444750.9
15747358,Russell,643,Germany,Male,59,3,"€ 32,171.79",2895461.1
15735203,Seleznyov,654,Germany,Female,32,1,"€ 126,143.23",11352890.7
15576256,Yusupova,582,French,Male,39,5,"€ 129,892.93",11690363.7
15659420,Foley,659,Spain,Male,32,3,"€ 102,416.84",9217515.6
15593365,Shih,762,Spain,Male,39,2,"€ 18,719.67",1684770.3
15777352,Ikedinachukwu,568,Spain,Female,32,7,"€ 61,936.22",5574259.8
15812007,Power,670,Spain,Male,25,6,"€ 78,358.94",7052304.6
15625461,Amos,613,French,Female,45,1,"€ 147,224.27",13250184.3
15739438,Reed,539,FRA,Male,30,0,"€ 160,979.66",14488169.4
15611759,Simmons,850,Spain,Female,57,8,"€ 132,298.49",11906864.1
15661629,Ricci,522,Spain,Male,34,9,"€ 174,248.52",15682366.8
15633950,Yen,737,FRA,Male,41,1,"€ 123,547.28",11119255.2
15592386,Campbell,520,France,Male,58,3,"€ 32,790.02",2951101.8
15803716,West,706,Spain,Male,28,3,"€ 181,543.67",16338930.3
15696674,Robinson,643,Germany,Female,45,2,"€ 2,319.96",208796.4
15706365,Bianchi,648,French,Female,50,9,"€ 189,543.19",17058887.1
15745088,Chen,443,Germany,Female,29,9,"€ 10,940.40",984636
15676715,Madukaego,640,FRA,Male,68,9,"€ 199,493.38",17954404.2
15613085,Ibrahimova,628,Spain,Female,33,3,"€ 188,193.25",16937392.5
15633537,Nolan,540,Germany,Female,42,9,"€ 172,572.64",15531537.6
15594720,Scott,460,Germany,Female,35,8,"€ 189,339.60",17040564
15684042,Blair,636,Germany,Male,34,2,"€ 53,512.16",4816094.4
15583303,Monaldo,593,FRA,Female,29,2,"€ 34,004.44",3060399.6
15611579,Sutherland,801,Spain,Male,42,4,"€ 10,598.29",953846.1
15774696,Cole,640,Germany,Female,75,1,"€ 113,428.77",10208589.3
15694506,Briggs,611,Germany,Male,31,0,"€ 183,487.98",16513918.2
15688074,Gregory,802,Germany,Male,31,1,"€ 187,658.09",16889228.1
15759537,Bianchi,717,Germany,Male,35,7,"€ 172,459.39",15521345.1
15758449,Angelo,769,FRA,Female,39,8,"€ 21,016.00",1891440
15583456,Gardiner,745,Germany,Male,45,10,"€ 122,381.02",11014291.8
15667871,Kerr,572,Spain,Male,35,4,"€ 128,123.66",11531129.4
15677371,Ko,629,Spain,Female,30,2,"€ 19,570.63",1761356.7
15629677,Distefano,687,Spain,Female,39,2,"€ 188,150.60",16933554
15713578,Farrell,483,France,Female,50,9,"€ 111,020.24",9991821.6
15591509,Milano,690,FRA,Male,36,7,"€ 123,775.15",11139763.5
15568240,Ting,492,Germany,Female,30,10,"€ 146,700.22",13203019.8
15622993,Boyd,709,Germany,Male,28,8,"€ 145,251.35",13072621.5
15689294,Onyemaechi,705,Germany,Male,44,3,"€ 82,463.69",7421732.1
15720910,Black,560,FRA,Female,66,9,"€ 15,928.49",1433564.1
15721181,Oliver,611,Spain,Male,46,6,"€ 45,886.33",4129769.7
15776433,Greco,730,Spain,Male,62,2,"€ 186,489.95",16784095.5
15748936,Whitehead,709,Spain,Female,45,2,"€ 162,922.65",14663038.5
15717225,Ikemefuna,544,France,Female,21,10,"€ 9,262.77",833649.3
15685226,Morrison,712,Germany,Female,29,7,"€ 84,932.40",7643916
15785611,Onyeoruru,752,Germany,Male,38,3,"€ 71,557.12",6440140.8
15573456,Cunningham,648,Spain,Male,46,9,"€ 77,405.95",6966535.5
15684548,Demidov,556,Spain,Male,38,8,€ 417.41,37566.9
15620505,Celis,594,Spain,Female,24,0,"€ 71,405.17",6426465.3
15807432,Cheng,645,Germany,Female,37,2,"€ 153,400.24",13806021.6
15584766,Knight,557,France,Male,33,3,€ 371.05,33394.5
15612187,Morin,547,Germany,Male,32,8,"€ 67,789.99",6101099.1
15762218,Mills,701,FRA,Female,39,9,"€ 145,894.90",13130541
15646372,Outhwaite,616,France,Female,66,1,"€ 183,840.51",16545645.9
15690452,Tung,605,French,Male,52,1,"€ 108,887.44",9799869.6
15747795,Pai,593,Germany,Female,38,4,"€ 154,071.27",13866414.3
15781589,Carpenter,751,Spain,Male,52,8,"€ 179,291.85",16136266.5
15732674,Fennell,443,Spain,Male,36,6,"€ 56,937.43",5124368.7
15642291,Fontaine,685,France,Male,23,8,"€ 112,239.03",10101512.7
15692761,Pratt,718,French,Male,36,9,"€ 45,909.87",4131888.3
15578045,Mitchell,538,Spain,Female,49,9,"€ 173,779.25",15640132.5
15745354,Franklin,611,Spain,Female,37,4,"€ 125,696.26",11312663.4
15701376,K'ung,668,Germany,Male,37,10,"€ 159,585.61",14362704.9
15691625,Ko,537,Germany,Female,41,3,"€ 106,761.47",9608532.3
15566594,McKenzie,709,Spain,Male,23,10,"€ 129,590.18",11663116.2
15760431,Pino,850,French,Male,38,1,"€ 80,006.65",7200598.5
15686302,Fisk,745,Spain,Female,31,3,"€ 140,451.52",12640636.8
15801559,Chiang,693,Germany,Female,41,9,"€ 187,929.43",16913648.7
15810432,Moseley,795,Spain,Male,35,8,"€ 167,155.36",15043982.4
15809616,Hsiung,626,Spain,Male,26,8,"€ 191,420.71",17227863.9
15720559,Heath,487,Germany,Female,61,5,"€ 11,384.45",1024600.5
15695632,Dellucci,556,France,Female,39,9,"€ 94,898.10",8540829
15659843,Li,643,FRA,Female,46,6,"€ 106,781.59",9610343.1
15615624,De Salis,605,FRA,Female,28,6,"€ 159,508.52",14355766.8
15810418,T'ang,756,Germany,Female,60,3,"€ 93,524.19",8417177.1
15716186,Richardson,586,FRA,Female,38,2,"€ 87,168.46",7845161.4
15674551,Fitch,535,Germany,Male,40,7,"€ 8,128.32",731548.8
15622834,Stevenson,678,France,Female,35,4,"€ 125,518.32",11296648.8
15566111,Estes,596,FRA,Male,39,9,"€ 48,963.59",4406723.1
15784597,Lattimore,648,France,Male,26,9,"€ 98,368.24",8853141.6
15652883,Chung,492,Germany,Male,39,10,"€ 148,584.61",13372614.9
15806964,Utz,702,FRA,Male,45,0,"€ 27,474.81",2472732.9
15576313,Wei,486,Germany,Female,40,9,"€ 76,192.21",6857298.9
15806467,Boyle,568,Germany,Male,40,1,"€ 134,600.94",12114084.6
15597602,Nwachinemelu,619,Germany,Male,57,3,"€ 72,467.99",6522119.1
15743040,Kuznetsova,724,Germany,Male,41,2,"€ 199,645.45",17968090.5
15705521,Pisani,548,Germany,Female,33,0,"€ 42,749.85",3847486.5
15595039,Manna,545,Germany,Female,37,8,"€ 136,050.44",12244539.6
15799384,Collier,683,French,Male,33,8,"€ 73,564.44",6620799.6
15581197,Ricci,762,FRA,Female,51,3,"€ 85,578.63",7702076.7
15693737,Carr,627,Germany,Female,30,4,"€ 129,826.89",11684420.1
15624623,Hs?,516,FRA,Male,35,10,"€ 119,666.00",10769940
15783501,Findlay,800,France,Female,38,2,"€ 68,052.08",6124687.2
15690134,Hughes,464,Germany,Female,42,3,"€ 164,104.74",14769426.6
15782735,Chukwuemeka,626,French,Female,35,3,"€ 80,190.36",7217132.4
15611088,Genovese,790,FRA,Female,31,9,"€ 84,126.75",7571407.5
15672145,Swift,534,French,Female,34,7,"€ 70,179.00",6316110
15732628,Ugoji,745,France,Male,46,2,"€ 118,024.10",10622169
15787470,Parkinson,553,Spain,Male,47,3,"€ 145,704.19",13113377.1
15803406,Ross,748,French,Female,26,1,"€ 183,049.41",16474446.9
15730460,Oleary,722,French,Male,37,2,"€ 120,906.83",10881614.7
15644572,Turnbull,501,FRA,Male,40,4,"€ 100,433.83",9039044.7
15694860,Uspensky,675,French,Female,38,6,"€ 138,777.00",12489930
15658169,Cook,778,Spain,Female,47,6,"€ 124,694.99",11222549.1
15794396,Newbold,494,Germany,Female,38,7,"€ 40,084.32",3607588.8
15785798,Uchechukwu,850,FRA,Male,40,9,"€ 119,232.33",10730909.7
15710825,Ch'en,592,Spain,Male,31,7,"€ 43,921.36",3952922.4
15668444,He,590,Spain,Female,44,3,"€ 62,222.81",5600052.9
15726631,Hilton,758,French,Female,39,6,"€ 56,577.00",5091930
15733797,Sal,506,French,Male,36,5,"€ 164,253.35",14782801.5
15747960,Eluemuno,733,France,Male,33,3,"€ 7,666.73",690005.7
15634632,Titus,711,FRA,Male,38,3,"€ 68,487.51",6163875.9
15707362,Yin,514,Germany,Male,43,1,"€ 199,273.98",17934658.2
15662976,Lettiere,637,Spain,Male,37,8,"€ 186,062.36",16745612.4
15732778,Templeman,468,Germany,Male,29,1,"€ 195,711.16",17614004.4
15718443,Chibuzo,539,France,Male,39,3,"€ 36,692.17",3302295.3
15670039,Sun,509,Spain,Female,25,3,"€ 106,920.57",9622851.3
15773792,Evans,662,French,Female,32,4,"€ 48,725.68",4385311.2
15613786,Ogbonnaya,818,Spain,Male,26,4,"€ 167,036.94",15033324.6
15726032,Enyinnaya,608,France,Male,33,9,"€ 68,777.26",6189953.4
15663252,Olisanugo,850,Spain,Female,32,9,"€ 18,924.92",1703242.8
15593782,Brookes,816,Germany,Female,38,5,"€ 71,905.77",6471519.3
15633283,Padovano,536,French,Male,35,8,"€ 64,833.28",5834995.2
15749167,Fisk,753,FRA,Male,35,3,"€ 184,843.77",16635939.3
15759298,Shih,631,Spain,Male,27,10,"€ 176,730.02",15905701.8
15683625,Hare,703,FRA,Male,37,1,"€ 20,629.40",1856646
15635367,Muir,774,French,Male,26,2,"€ 28,415.36",2557382.4
15681705,Fanucci,785,French,Male,28,8,"€ 77,231.27",6950814.3
15603156,Elewechi,571,French,Female,33,1,"€ 102,750.70",9247563
15591986,Johnston,621,Germany,Male,46,6,"€ 34,580.80",3112272
15798888,Pisano,605,Germany,Female,31,1,"€ 183,598.77",16523889.3
15809722,Ankudinov,611,FRA,Female,40,8,"€ 147,358.27",13262244.3
15677538,Nwokike,569,French,Male,38,7,"€ 108,469.20",9762228
15797736,Smith,658,France,Male,29,4,"€ 20,612.82",1855153.8
15695585,Atkins,788,Spain,Male,34,6,"€ 181,196.76",16307708.4
15744398,Burns,525,FRA,Female,23,5,"€ 160,249.10",14422419
15750658,Obiuto,798,France,Male,37,8,"€ 110,783.28",9970495.2
15578186,Pirozzi,486,Germany,Male,37,9,"€ 144,995.33",13049579.7
15676519,George,615,Spain,Male,61,9,"€ 150,227.85",13520506.5
15637954,Lewis,730,French,Female,35,0,"€ 53,718.28",4834645.2
15758639,Moran,641,French,Male,37,7,"€ 75,248.30",6772347
15613772,Dalrymple,542,France,Male,39,3,"€ 14,353.43",1291808.7
15731744,Carslaw,692,FRA,Male,30,2,"€ 130,486.57",11743791.3
15807709,Kirby,714,Germany,Female,55,9,"€ 100,127.71",9011493.9
15714689,Houghton,591,Spain,Male,29,1,"€ 196,356.17",17672055.3
15699005,Martin,710,French,Female,41,2,"€ 9,983.88",898549.2
15624170,Tan,639,FRA,Female,38,4,"€ 118,974.77",10707729.3
15725679,Hsia,531,France,Female,47,6,"€ 194,998.34",17549850.6
15585865,Westerberg,673,France,Female,38,2,"€ 134,901.34",12141120.6
15804256,Hale,765,Germany,Male,36,8,"€ 72,924.56",6563210.4
15662403,Kryukova,622,French,Female,32,6,"€ 101,057.95",9095215.5
15733616,Sopuluchukwu,806,French,Male,40,5,"€ 142,838.64",12855477.6
15591995,Barry,757,Germany,Male,26,8,"€ 127,059.04",11435313.6
15677020,Selezneva,570,France,Female,58,8,"€ 116,503.92",10485352.8
15727688,Chizuoke,555,Spain,Male,32,4,"€ 54,405.79",4896521.1
15715941,Lueck,692,France,Male,54,5,"€ 88,721.84",7984965.6
15714485,Udinese,774,France,Male,60,5,"€ 74,135.48",6672193.2
15730059,Udobata,638,Spain,Male,44,9,"€ 111,346.22",10021159.8
15715527,Freeman,543,Spain,Female,41,4,"€ 194,902.16",17541194.4
15576623,Outlaw,584,French,Male,31,5,"€ 31,474.27",2832684.3
15805565,Obiuto,691,Germany,Male,30,7,"€ 21,198.39",1907855.1
15677307,Lo,684,Germany,Female,40,6,"€ 186,976.60",16827894
15773890,Okechukwu,733,FRA,Male,22,5,"€ 117,202.19",10548197.1
15598883,King,599,Spain,Female,37,2,"€ 143,739.29",12936536.1
15568506,Forbes,524,Germany,Female,31,10,"€ 161,811.23",14563010.7
15761043,Macleod,632,Germany,Female,38,6,"€ 98,090.91",8828181.9
15782236,Gibbs,735,Spain,Male,34,5,"€ 71,095.41",6398586.9
15593601,Isayev,734,French,Male,34,6,"€ 13,107.24",1179651.6
15682048,Pisano,605,FRA,Female,51,3,"€ 67,110.59",6039953.1
15746902,Belstead,793,Spain,Male,38,9,"€ 88,225.02",7940251.8
15752081,Vassiliev,468,France,Female,56,10,"€ 62,256.87",5603118.3
15781307,Schneider,779,Germany,Male,37,7,"€ 135,925.72",12233314.8
15775912,Mazzanti,698,France,Male,48,4,"€ 177,815.87",16003428.3
15745417,Knipe,707,FRA,Male,58,6,"€ 126,471.13",11382401.7
15671256,Macartney,850,French,Female,35,1,"€ 188,574.12",16971670.8
15653547,Madukwe,850,FRA,Male,56,7,"€ 119,175.45",10725790.5
15595766,Watts,527,Spain,Male,37,5,"€ 139,093.73",12518435.7
15742358,Humphreys,696,Germany,Male,32,8,"€ 115,916.55",10432489.5
15763274,Wu,661,FRA,Male,48,3,"€ 96,463.25",8681692.5
15786063,Chin,776,FRA,Female,31,2,"€ 112,349.51",10111455.9
15600258,Chesnokova,701,FRA,Male,43,2,"€ 165,303.79",14877341.1
15573318,Kung,610,FRA,Male,26,8,"€ 166,031.08",14942797.2
15653849,Lu,572,Germany,Female,48,3,"€ 38,411.79",3457061.1
15694272,Nkemakolam,673,French,Male,30,1,"€ 77,783.35",7000501.5
15736112,Walton,519,Spain,Female,57,2,"€ 29,871.79",2688461.1
15749851,Brookes,702,Spain,Female,26,4,"€ 59,747.63",5377286.7
15663478,Baldwin,729,French,Male,32,6,"€ 79,919.13",7192721.7
15592300,Mai,543,Spain,Male,35,10,"€ 76,773.53",6909617.7
15567832,Shih,550,French,Female,40,7,"€ 54,018.93",4861703.7
15776780,He,608,French,Male,59,1,"€ 70,649.64",6358467.6
15592846,Fiorentini,639,Germany,Male,35,10,"€ 59,093.39",5318405.1
15739803,Lucciano,686,Spain,Male,34,9,"€ 127,569.80",11481282
15794142,Ferreira,564,Germany,Female,62,5,"€ 18,260.98",1643488.2
15762729,Ukaegbunam,745,Germany,Female,28,1,"€ 73,275.96",6594836.4
15667896,De Luca,833,France,Male,37,8,"€ 136,129.49",12251654.1
15626578,Milne,622,FRA,Male,26,9,"€ 153,237.59",13791383.1
15776223,Davide,597,French,Female,42,4,"€ 106,841.12",9615700.8
15705953,Kodilinyechukwu,721,Spain,Male,51,0,"€ 109,078.35",9817051.5
15802593,Little,504,France,Female,49,7,"€ 87,822.14",7903992.6
15615457,Burns,842,Spain,Female,44,2,"€ 126,644.98",11398048.2
15708916,Paterson,587,France,Male,38,0,"€ 47,414.15",4267273.5
15720187,Han,479,Germany,Female,30,7,"€ 41,879.99",3769199.1
15595440,Kryukova,508,French,Male,49,7,"€ 75,808.10",6822729
15600651,Ijendu,749,FRA,Male,24,1,"€ 47,911.03",4311992.7
15750141,Reichard,721,Germany,Female,36,3,"€ 28,737.78",2586400.2
15657284,Day,674,Germany,Male,47,6,"€ 2,079.20",187128
15763063,Price,685,Spain,Female,25,10,"€ 121,562.33",10940609.7
15709324,Bruce,417,French,Male,34,7,"€ 55,003.79",4950341.1
15711309,Sumrall,574,Germany,Male,33,3,"€ 193,131.42",17381827.8
15775318,Lu,590,Spain,Female,51,3,"€ 191,932.27",17273904.3
15705515,Lazarev,587,Germany,Male,40,5,"€ 159,418.10",14347629
15634844,Miller,598,Germany,Male,41,3,"€ 191,468.78",17232190.2
15717046,Wentworth-Shields,741,Spain,Male,53,3,"€ 38,913.68",3502231.2
15571816,Ritchie,850,Spain,Female,70,5,€ 705.18,63466.2
15670080,Mackenzie,584,Germany,Female,29,7,"€ 138,490.03",12464102.7
15800440,Power,650,Spain,Male,61,1,"€ 82,970.69",7467362.1
15665678,Tan,607,Spain,Male,36,8,"€ 76,744.72",6907024.8
15665956,Pendergrass,509,FRA,Female,46,1,"€ 71,244.59",6412013.1
15788126,Evans,689,Spain,Female,38,6,"€ 12,182.15",1096393.5
15811773,Hsia,543,France,Male,36,4,"€ 141,210.50",12708945
15651674,Billson,438,Spain,Female,54,2,"€ 191,763.07",17258676.3
15689614,Teng,687,Spain,Female,63,1,"€ 37,938.74",3414486.6
15795564,Moretti,737,Germany,Male,31,5,"€ 74,890.58",6740152.2
15706647,Jordan,761,French,Male,31,7,"€ 166,698.18",15002836.2
15728505,Ts'ao,601,France,Male,44,1,"€ 62,678.53",5641067.7
15730076,Osborne,651,France,Male,45,1,"€ 67,740.08",6096607.2
15622003,Carslaw,745,French,Male,35,9,"€ 161,519.77",14536779.3
15607312,Ch'ang,648,Spain,Female,49,10,"€ 159,835.78",14385220.2
15644753,Hung,848,Spain,Male,40,3,"€ 30,876.84",2778915.6
15653620,Gordon,546,FRA,Female,27,8,"€ 14,858.10",1337229
15761986,Obialo,439,Spain,Female,32,3,"€ 75,685.97",6811737.3
15633922,Gray,755,FRA,Male,30,4,"€ 144,183.10",12976479
15734674,Lin,593,FRA,Female,41,6,"€ 65,170.66",5865359.4
15658032,Hopkins,701,France,Male,39,2,"€ 82,526.92",7427422.8
15692671,Dobson,701,Spain,Male,36,8,"€ 169,161.46",15224531.4
15737741,McKay,607,Spain,Female,33,2,"€ 109,291.39",9836225.1
15576352,Revell,586,Spain,Female,57,3,"€ 6,057.81",545202.9
15753719,Rickards,547,Germany,Female,30,9,"€ 77,077.14",6936942.6
15803689,Begum,647,Germany,Female,51,1,"€ 54,954.51",4945905.9
15718057,Onyinyechukwuka,760,FRA,Female,51,2,"€ 179,614.80",16165332
15722010,Zuyev,621,Spain,Male,53,9,"€ 35,588.07",3202926.3
15680998,Nwankwo,725,French,Male,44,5,"€ 117,356.14",10562052.6
15614782,Hao,526,France,Male,36,1,"€ 160,696.72",14462704.8
15591047,Ma,519,Spain,Female,47,6,"€ 147,278.43",13255058.7
15788291,Okwuadigbo,713,Germany,Female,38,7,"€ 56,594.36",5093492.4
15604044,Mitchell,700,FRA,Male,38,8,"€ 1,299.75",116977.5
15679587,Chan,666,France,Female,34,9,"€ 25,095.03",2258552.7
15775153,Buchi,630,Spain,Male,32,4,"€ 146,326.45",13169380.5
15603925,Greco,779,Spain,Female,26,4,"€ 38,296.21",3446658.9
15680970,Lombardi,611,Germany,Female,41,2,"€ 164,061.60",14765544
15697183,Uchenna,685,Spain,Male,43,9,"€ 107,811.28",9703015.2
15567446,Coffman,646,Germany,Male,39,9,"€ 30,838.51",2775465.9
15637476,Alexandrova,683,Germany,Female,57,5,"€ 9,221.78",829960.2
15714939,Fallaci,484,Germany,Female,34,4,"€ 33,738.27",3036444.3
15683503,Hudson,601,France,Female,43,8,"€ 110,916.15",9982453.5
15645569,Mai,762,Spain,Female,26,7,"€ 169,654.57",15268911.3
15782569,Stout,687,France,Female,72,9,"€ 69,829.40",6284646
15592387,Burke,566,FRA,Male,30,5,"€ 54,926.51",4943385.9
15609286,Chadwick,702,FRA,Male,37,10,"€ 94,728.49",8525564.1
15814035,Lawrence,601,France,Male,29,9,"€ 80,393.27",7235394.3
15661249,Bellucci,699,French,Male,53,4,"€ 111,307.98",10017718.2
15629117,Harper,584,French,Male,28,10,"€ 19,834.32",1785088.8
15607170,Boyle,699,FRA,Male,35,5,"€ 78,397.24",7055751.6
15586585,Duncan,698,Germany,Female,51,2,"€ 86,410.28",7776925.2
15686611,Moss,495,France,Male,30,10,"€ 172,749.65",15547468.5
15603203,Avdeyeva,650,FRA,Female,27,6,"€ 1,002.39",90215.1
15619857,Crawford,605,French,Female,64,2,"€ 13,601.79",1224161.1
15805062,Lynton,667,Spain,Male,38,1,"€ 77,866.91",7008021.9
15660271,Duncan,688,Germany,Male,26,8,"€ 175,296.76",15776708.4
15745295,Gether,727,Spain,Female,31,0,"€ 121,751.04",10957593.6
15719352,Davidson,754,Spain,Male,39,6,"€ 89,593.26",8063393.4
15766575,Larionova,612,Germany,Female,62,8,"€ 193,437.89",17409410.1
15594594,Loggia,546,Spain,Male,42,7,"€ 86,945.00",7825050
15646161,Steinhoff,673,Spain,Female,37,8,"€ 183,318.79",16498691.1
15682585,Guerra,593,France,Male,35,9,"€ 71,154.10",6403869
15603134,Pai,656,Spain,Female,40,10,"€ 151,887.16",13669844.4
15636444,Craig,535,Germany,Female,53,5,"€ 75,888.65",6829978.5
15773456,Lazareva,678,Germany,Male,36,3,"€ 89,566.74",8061006.6
15745307,Ch'iu,477,Spain,Female,48,2,"€ 26,475.79",2382821.1
15604119,Alderete,850,Spain,Male,35,7,"€ 126,355.80",11372022
15626900,Kung,427,French,Male,29,1,"€ 93,839.30",8445537
15605447,Palermo,752,French,Male,49,2,"€ 7,698.60",692874
15589030,Ts'ai,649,French,Male,47,1,"€ 145,593.85",13103446.5
15692463,Rahman,799,Spain,Female,28,3,"€ 45,042.56",4053830.4
15712403,McMillan,589,FRA,Female,61,1,"€ 61,108.56",5499770.4
15811762,Pickering,583,Germany,Female,54,6,"€ 57,553.98",5179858.2
15718673,Mirams,839,Spain,Female,33,10,"€ 62,674.42",5640697.8
15724282,Tsao,540,Germany,Male,44,3,"€ 12,120.79",1090871.1
15738181,Douglas,850,French,Male,31,6,"€ 50,129.87",4511688.3
15633648,Jideofor,696,Spain,Female,51,5,"€ 55,022.43",4952018.7
15603323,Bell,660,Spain,Female,33,1,"€ 117,834.91",10605141.9
15583725,Mairinger,682,France,Male,48,1,"€ 168,840.23",15195620.7
15588350,McIntyre,744,French,Female,43,10,"€ 24,234.11",2181069.9
15798398,Pagnotto,785,FRA,Female,36,4,"€ 190,627.01",17156430.9
15784844,K'ung,752,Spain,Male,48,5,"€ 156,618.38",14095654.2
15580684,Feng,706,French,Female,29,5,"€ 42,334.38",3810094.2
15809663,Donaldson,583,FRA,Female,27,1,"€ 110,784.42",9970597.8
15640078,Chambers,660,Germany,Female,39,5,"€ 173,683.00",15631470
15698786,Marcelo,819,France,Female,39,9,"€ 27,046.46",2434181.4
15569807,Ejimofor,673,French,Female,34,8,"€ 20,598.59",1853873.1
15730830,Dale,752,France,Female,30,3,"€ 104,991.28",9449215.2
15805112,Pokrovsky,578,FRA,Male,38,7,"€ 8,996.97",809727.3
15633064,Stonebraker,438,FRA,Female,36,4,"€ 64,420.50",5797845
15703119,Liang,652,French,Male,38,6,"€ 145,700.22",13113019.8
15730447,Anderson,629,French,Female,49,4,"€ 196,335.48",17670193.2
15813850,Christian,720,French,Male,52,7,"€ 14,781.12",1330300.8
15711889,Mao,668,France,Male,42,3,"€ 108,139.23",9732530.7
15664610,Campbell,459,Germany,Male,48,4,"€ 19,287.06",1735835.4
15751710,Ginikanwa,729,Spain,Male,31,8,"€ 9,567.39",861065.1
15692926,Toscani,498,Germany,Male,25,8,"€ 132,210.49",11898944.1
15813741,Nnachetam,549,Spain,Male,25,6,"€ 21,600.11",1944009.9
15698474,Sagese,601,Germany,Female,54,1,"€ 199,661.50",17969535
15568595,Fleming,544,France,Male,64,9,"€ 124,341.49",11190734.1
15603065,Grubb,751,France,Female,30,6,"€ 15,766.10",1418949
15592937,Napolitani,632,Germany,Female,41,3,"€ 33,642.21",3027798.9
15699637,Anenechi,694,Spain,Male,57,8,"€ 117,704.65",10593418.5
15667215,Chandler,678,FRA,Male,31,2,"€ 58,803.28",5292295.2
15788659,Howells,695,French,Male,46,4,"€ 137,537.22",12378349.8
15763218,Akeroyd,661,France,Female,41,1,"€ 131,300.68",11817061.2
15645772,Onwumelu,661,France,Male,33,9,"€ 84,174.81",7575732.9
15725511,Wallace,559,FRA,Female,31,3,"€ 160,941.78",14484760.2
15575024,Uwaezuoke,503,FRA,Male,29,3,"€ 143,954.99",12955949.1
15640825,Loyau,695,Spain,Male,46,3,"€ 56,297.85",5066806.5
15662397,Small,640,French,Female,42,5,"€ 8,404.73",756425.7
15576368,Bledsoe,624,Germany,Female,48,3,"€ 30,020.09",2701808.1
15674991,Kao,667,France,Male,42,9,"€ 58,137.42",5232367.8
15721024,Wickens,642,French,Male,26,0,"€ 47,472.68",4272541.2
15745621,Wertheim,640,Spain,Female,32,6,"€ 19,131.71",1721853.9
15642394,He,529,Spain,Male,35,5,"€ 187,288.50",16855965
15754605,Jarvis,563,FRA,Female,39,5,"€ 17,603.81",1584342.9
15607040,P'an,593,Spain,Female,38,4,"€ 67,020.03",6031802.7
15715142,Repina,739,Germany,Male,45,7,"€ 147,802.94",13302264.6
15810978,Pugliesi,788,Spain,Female,70,1,"€ 41,610.62",3744955.8
15668886,Blakey,684,Spain,Female,38,3,"€ 44,255.65",3983008.5
15780804,Nucci,482,FRA,Male,55,5,"€ 78,416.14",7057452.6
15613880,Higinbotham,591,Spain,Male,58,5,"€ 137,254.55",12352909.5
15775238,Achebe,651,Germany,Female,41,4,"€ 151,303.48",13617313.2
15786905,Russo,749,Germany,Female,40,8,"€ 86,333.63",7770026.7
15747867,Trevisani,583,France,Male,24,9,"€ 89,801.90",8082171
15600337,Dobie,661,Spain,Male,42,2,"€ 29,358.57",2642271.3
15801277,Maccallum,715,French,Female,31,2,"€ 181,600.72",16344064.8
15579334,Watkins,769,Germany,Female,45,5,"€ 124,118.71",11170683.9
15802741,Mitchel,625,FRA,Female,51,7,"€ 38,867.46",3498071.4
15720649,Ferdinand,641,France,Female,36,5,"€ 31,106.67",2799600.3
15589493,Otitodilinna,716,Germany,Male,27,1,"€ 67,611.36",6085022.4
15688251,Mamelu,767,France,Male,43,1,"€ 77,837.63",7005386.7
15665238,Beneventi,745,Germany,Male,36,8,"€ 6,078.46",547061.4
15740900,Perrodin,589,French,Male,34,6,"€ 177,896.92",16010722.8
15681068,Chinagorom,796,France,Female,45,2,"€ 123,882.73",11149445.7
15748625,Napolitano,664,French,Male,57,6,"€ 15,304.08",1377367.2
15727299,Edgar,445,Spain,Male,62,1,"€ 76,569.64",6891267.6
15620204,Walker,543,Germany,Female,57,1,"€ 120,657.32",10859158.8
15669516,Steele,746,Spain,Male,36,2,"€ 16,436.56",1479290.4
15736534,Elkins,742,Germany,Male,33,0,"€ 107,667.91",9690111.9
15803457,Hao,750,French,Female,32,5,"€ 95,611.47",8605032.3
15659098,Toscano,669,FRA,Male,30,7,"€ 19,799.26",1781933.4
15603436,Savage,594,Spain,Female,49,2,"€ 123,214.74",11089326.6
15566292,Okwuadigbo,574,Spain,Male,36,1,"€ 71,709.12",6453820.8
15808621,Mordvinova,659,Germany,Male,36,2,"€ 149,066.14",13415952.6
15580148,Welch,750,Germany,Male,40,5,"€ 20,451.99",1840679.1
15776231,Kent,626,Germany,Male,35,4,"€ 32,825.50",2954295
15773809,Campbell,620,France,Male,42,4,"€ 6,232.31",560907.9
15649423,Cooper,580,French,Female,35,8,"€ 10,357.03",932132.7
15734886,Mazzi,686,FRA,Female,34,3,"€ 147,794.63",13301516.7
15722548,Fisher,540,French,Male,48,0,"€ 116,973.48",10527613.2
15650288,Summers,634,Germany,Male,35,6,"€ 129,964.94",11696844.6
15629448,Brady,632,Spain,Male,38,1,"€ 92,816.86",8353517.4
15716164,Nicholls,501,France,Female,41,3,"€ 172,114.67",15490320.3
15807609,Yuan,650,Spain,Female,25,3,"€ 16,649.31",1498437.9
15578977,Robinson,786,France,Male,34,9,"€ 144,517.19",13006547.1
15677369,Golubov,554,Germany,Female,37,4,"€ 182,038.60",16383474
15804072,Chen,701,Spain,Female,42,5,"€ 24,210.56",2178950.4
15696859,Oldham,474,France,Male,45,10,"€ 172,175.90",15495831
15653780,Kambinachi,621,France,Female,43,5,"€ 47,578.45",4282060.5
15721658,Fleming,672,Spain,Female,56,2,"€ 150,694.42",13562497.8
15578761,Cunningham,459,Spain,Female,42,6,"€ 177,683.02",15991471.8
15736879,Obinna,669,French,Male,23,1,"€ 66,088.83",5947994.7
15571973,Chinwemma,776,French,Female,38,2,"€ 169,291.70",15236253
15626742,Carpenter,694,FRA,Male,36,3,"€ 117,140.41",10542636.9
15672692,Yin,787,French,Female,42,10,"€ 79,510.37",7155933.3
15673570,Olsen,580,France,Male,37,9,"€ 77,108.66",6939779.4
15767432,Ts'ai,711,FRA,Female,25,7,"€ 9,679.28",871135.2
15654238,Jen,673,French,Female,40,5,"€ 81,753.92",7357852.8
15612525,Preston,499,French,Female,57,1,"€ 131,372.38",11823514.2
15812750,Ozioma,591,France,Male,24,6,"€ 25,310.82",2277973.8
15790757,Cody,769,FRA,Female,25,10,"€ 187,925.75",16913317.5
15723873,Ponomarev,657,Spain,Male,31,3,"€ 98,820.39",8893835.1
15744607,Martin,738,Germany,Male,43,9,"€ 64,166.70",5775003
15612966,Milani,545,Germany,Female,60,7,"€ 176,924.21",15923178.9
15784209,Tang,497,FRA,Male,47,6,"€ 90,055.08",8104957.2
15794278,Romani,816,Spain,Male,67,6,"€ 72,814.31",6553287.9
15766741,McIntyre,525,France,Male,36,2,"€ 168,290.06",15146105.4
15661036,Davis,725,France,Male,46,6,"€ 161,767.38",14559064.2
15705639,Onyemauchechukwu,692,France,Female,28,8,"€ 44,420.18",3997816.2
15637414,Gell,618,French,Female,24,7,"€ 37,147.61",3343284.9
15716835,Rossi,546,France,Male,24,8,"€ 125,381.02",11284291.8
15696231,Chiwetelu,635,French,Male,29,7,"€ 149,853.89",13486850.1
15641675,Kirillova,611,FRA,Female,49,2,"€ 161,435.02",14529151.8
15670755,Shaw,650,France,Male,60,8,"€ 102,925.76",9263318.4
15640059,Smith,606,France,Male,40,5,"€ 70,899.27",6380934.3
15787619,Hsieh,844,FRA,Male,18,2,"€ 145,936.28",13134265.2
15587535,Onyemauchechukwu,450,Spain,Female,46,5,"€ 54,227.06",4880435.4
15813034,Martin,727,Spain,Male,38,2,"€ 59,280.79",5335271.1
15698839,Okwudilichukwu,460,Germany,Male,46,4,"€ 126,952.50",11425725
15790314,Onuoha,649,France,Male,41,0,"€ 130,567.02",11751031.8
15634245,Muecke,758,Germany,Female,47,9,"€ 73,294.48",6596503.2
15677305,Hsieh,490,FRA,Female,35,7,"€ 3,937.37",354363.3
15661526,Anderson,815,Germany,Male,37,2,"€ 2,383.59",214523.1
15685997,Azubuike,838,Spain,Female,39,5,"€ 14,279.44",1285149.6
15660101,Nnonso,803,France,Male,31,9,"€ 141,300.53",12717047.7
15637979,Fuller,664,Germany,Female,36,2,"€ 78,140.75",7032667.5
15815364,Ashley,736,Spain,Female,28,2,"€ 117,431.10",10568799
15647099,Ts'ui,633,FRA,Female,37,9,"€ 72,008.61",6480774.9
15625944,Buccho,664,France,Male,58,5,"€ 60,887.58",5479882.2
15583212,Chidozie,600,France,Female,43,5,"€ 194,764.83",17528834.7
15582741,Maclean,693,FRA,Female,35,5,"€ 88,705.14",7983462.6
15637876,Burns,663,Germany,Female,36,6,"€ 35,817.97",3223617.3
15622750,Chu,742,Germany,Female,21,1,"€ 31,520.40",2836836
15672056,Kenenna,710,Germany,Male,43,2,"€ 157,908.19",14211737.1
15812351,Beluchi,710,Spain,Female,27,2,"€ 142,200.15",12798013.5
15810864,Williamson,700,France,Female,82,2,"€ 182,055.36",16384982.4
15677921,Bobrov,720,Germany,Male,60,9,"€ 157,552.08",14179687.2
15724296,Kerr,684,Spain,Male,41,2,"€ 120,284.67",10825620.3
15685329,McKenzie,531,FRA,Female,63,1,"€ 24,506.95",2205625.5
15584091,Pitts,742,Germany,Female,36,2,"€ 47,271.61",4254444.9
15640442,Standish,717,France,Male,31,4,"€ 41,176.60",3705894
15639314,Cartwright,589,French,Male,32,2,"€ 9,468.64",852177.6
15685320,Johnstone,767,FRA,Male,36,3,"€ 123,880.19",11149217.1
15789158,Nikitina,636,Germany,Male,49,6,"€ 158,887.09",14299838.1
15752137,McElroy,648,France,Male,33,7,"€ 117,036.38",10533274.2
15712551,Shen,622,Germany,Female,58,7,"€ 120,415.61",10837404.9
15628936,Archer,692,Spain,Male,28,9,"€ 16,064.25",1445782.5
15797227,Otutodilinna,754,French,Male,28,8,"€ 52,615.62",4735405.8
15769974,Shih,679,Spain,Female,35,8,"€ 121,210.09",10908908.1
15737051,Denisov,639,FRA,Male,27,8,"€ 192,247.35",17302261.5
15585595,Owens,774,FRA,Female,28,1,"€ 68,759.57",6188361.3
15654060,P'eng,517,France,Male,41,2,"€ 75,937.47",6834372.3
15745196,Verco,571,France,Female,35,8,"€ 84,569.13",7611221.7
15571221,Bergamaschi,747,Germany,Male,58,7,"€ 190,696.35",17162671.5
15660155,Lorenzo,792,Spain,Male,36,5,"€ 67,468.67",6072180.3
15605284,Outtrim,688,France,Male,26,1,"€ 104,435.94",9399234.6
15694366,Hou,714,Germany,Male,42,2,"€ 47,166.55",4244989.5
15600739,Galkin,562,Spain,Female,35,0,"€ 119,899.52",10790956.8
15653253,Pagnotto,704,Spain,Male,48,8,"€ 173,498.45",15614860.5
15763431,Echezonachukwu,698,FRA,Male,36,2,"€ 93,249.26",8392433.4
15643696,Young,611,France,Male,49,3,"€ 142,917.54",12862578.6
15707473,Summers,850,Germany,Female,48,6,"€ 111,755.80",10058022
15769504,Munro,743,Germany,Female,34,1,"€ 108,543.21",9768888.9
15776807,Brennan,654,French,Male,29,1,"€ 180,345.44",16231089.6
15686870,Ball,761,Germany,Male,36,8,"€ 99,444.02",8949961.8
15668747,Virgo,702,FRA,Female,46,9,"€ 109,563.28",9860695.2
15766908,Trevisani,488,Germany,Male,32,3,"€ 92,568.07",8331126.3
15570134,Padovano,683,France,Female,35,6,"€ 37,976.36",3417872.4
15567367,Tao,601,Germany,Female,42,9,"€ 103,315.74",9298416.6
15747542,Perez,605,French,Male,52,7,"€ 173,952.50",15655725
15762238,Fraser,671,Germany,Female,44,0,"€ 34,673.98",3120658.2
15681554,Alley,614,Germany,Female,31,7,"€ 46,163.44",4154709.6
15712825,Howells,511,Spain,Female,29,9,"€ 140,676.98",12660928.2
15640280,Cameron,850,France,Male,39,4,"€ 151,738.54",13656468.6
15756026,Hooper,790,Spain,Female,46,9,"€ 14,679.81",1321182.9
15613319,Rice,793,France,Female,33,0,"€ 175,544.02",15798961.8
15798906,Cox,628,France,Male,69,5,"€ 181,964.60",16376814
15708917,Martin,598,Germany,Male,53,10,"€ 136,886.86",12319817.4
15778463,Ikenna,657,French,Female,37,6,"€ 122,218.23",10999640.7
15699430,Davide,618,France,Female,35,10,"€ 180,439.75",16239577.5
15649992,Alexander,681,Spain,Male,65,7,"€ 190,419.81",17137782.9
15578980,Piazza,516,Spain,Female,33,3,"€ 58,685.59",5281703.1
15775306,Ni,421,Germany,Male,28,8,"€ 89,017.38",8011564.2
15641655,Black,700,French,Female,26,2,"€ 50,051.42",4504627.8
15619708,Harker,745,French,Male,25,5,"€ 146,041.45",13143730.5
15734565,Hughes,696,France,Male,29,8,"€ 191,166.09",17204948.1
15806438,Chiabuotu,580,Germany,Female,42,2,"€ 103,516.08",9316447.2
15591969,Kuo,497,Spain,Male,27,9,"€ 164,825.04",14834253.6
15747807,Gallagher,720,FRA,Female,43,6,"€ 172,557.77",15530199.3
15596939,Calabresi,659,Germany,Male,36,4,"€ 84,320.94",7588884.6
15716155,Shaw,841,France,Female,36,5,"€ 122,662.98",11039668.2
15765311,Zhirov,642,Spain,Male,34,8,"€ 72,085.10",6487659
15757811,Lloyd,732,Spain,Female,69,9,"€ 110,932.24",9983901.6
15603830,Palmer,600,Spain,Male,36,4,"€ 143,635.36",12927182.4
15660602,Ch'eng,464,Germany,Male,33,8,"€ 3,710.34",333930.6
15660535,Avent,680,France,Female,47,5,"€ 179,843.33",16185899.7
15666633,Huang,758,Spain,Male,56,1,"€ 10,643.38",957904.2
15596914,Shaw,630,Germany,Female,31,2,"€ 131,167.98",11805118.2
15639788,Yuan,577,France,Female,39,10,"€ 10,553.31",949797.9
15695846,Hawkins,684,France,Female,34,6,"€ 130,928.22",11783539.8
15726234,Trentini,708,Spain,Female,41,5,"€ 157,003.99",14130359.1
15797964,Cameron,732,Germany,Female,29,1,"€ 138,527.56",12467480.4
15625881,Koehler,634,Germany,Male,37,3,"€ 167,032.49",15032924.1
15780628,Wu,633,French,Female,30,6,"€ 41,642.29",3747806.1
15575883,Manna,559,French,Male,34,2,"€ 9,677.00",870930
15585036,Okoli,694,Spain,Female,37,3,"€ 147,012.22",13231099.8
15589488,Ch'eng,686,Germany,Female,56,5,"€ 80,553.87",7249848.3
15585888,Nwokezuike,553,Spain,Female,48,3,"€ 30,730.95",2765785.5
15727915,Artemiev,507,FRA,Male,36,4,"€ 140,134.43",12612098.7
15707567,Esposito,732,Germany,Male,50,6,"€ 91,936.10",8274249
15737792,Abbie,818,FRA,Female,31,1,"€ 178,252.63",16042736.7
15599433,Fanucci,660,Germany,Male,35,8,"€ 198,674.08",17880667.2
15672012,Jen,773,Spain,Female,41,5,"€ 28,266.90",2544021
15806983,Moss,640,FRA,Male,44,3,"€ 92,381.01",8314290.9
15592222,Lo,505,French,Male,49,7,"€ 135,180.11",12166209.9
15608968,Averyanov,714,Germany,Male,21,6,"€ 27,330.59",2459753.1
15586959,Unaipon,468,France,Female,42,5,"€ 125,305.34",11277480.6
15646558,Clamp,611,Spain,Male,51,1,"€ 149,648.45",13468360.5
15725811,Lim,705,FRA,Male,25,0,"€ 59,887.15",5389843.5
15572265,Wu,646,Germany,Male,46,1,"€ 45,041.32",4053718.8
15794048,Wan,667,Germany,Female,48,1,"€ 113,316.77",10198509.3
15677610,Chambers,511,Germany,Female,41,8,"€ 39,087.42",3517867.8
15745012,Pettit,653,France,Female,43,6,"€ 7,330.59",659753.1
15601589,Baresi,675,France,Female,57,8,"€ 95,463.29",8591696.1
15686436,Newbery,523,Spain,Male,32,4,"€ 167,848.02",15106321.8
15693864,Iheanacho,567,Germany,Female,49,5,"€ 93,953.84",8455845.6
15760550,Duncan,741,Spain,Male,39,7,"€ 174,227.66",15680489.4
15686137,Barry,456,Spain,Male,32,9,"€ 135,399.21",12185928.9
15809087,Landry,598,FRA,Male,64,1,"€ 195,635.30",17607177
15807663,McGregor,667,France,Male,43,8,"€ 97,508.04",8775723.6
15809100,Nucci,548,FRA,Female,32,2,"€ 188,083.77",16927539.3
15794916,Pirogov,725,France,Male,41,7,"€ 116,704.25",10503382.5
15614215,Oguejiofor,717,French,Male,53,6,"€ 97,614.87",8785338.3
15805449,Ugochukwu,594,FRA,Male,38,4,"€ 186,884.04",16819563.6
15686983,Rohu,678,Germany,Female,25,10,"€ 131,501.72",11835154.8
15808017,Cary,545,France,Male,38,1,"€ 24,302.95",2187265.5
15756804,O'Loghlen,636,French,Female,48,1,"€ 110,510.28",9945925.2
15646810,Quinn,603,Germany,Male,44,6,"€ 108,488.33",9763949.7
15710424,Page,435,French,Male,36,4,"€ 197,015.20",17731368
15799422,Evans,535,French,Female,40,8,"€ 27,689.77",2492079.3
15692750,McGregor,629,Germany,Female,45,7,"€ 9,217.55",829579.5
15794549,Andrews,722,French,Female,35,2,"€ 15,068.18",1356136.2
15803764,Stanley,561,France,Male,28,7,"€ 7,797.01",701730.9
15674840,Chiazagomekpere,645,FRA,Female,38,5,"€ 4,400.32",396028.8
15653762,Chidiebele,501,French,Female,39,9,"€ 182,025.95",16382335.5
15581229,Gregory,502,Germany,Female,32,1,"€ 122,763.95",11048755.5
15800228,Bednall,652,Spain,Female,42,4,"€ 38,152.01",3433680.9
15656333,Jen,574,FRA,Female,33,3,"€ 63,163.99",5684759.1
15697497,She,518,FRA,Female,45,9,"€ 73,418.29",6607646.1
15585362,Simmons,749,French,Female,60,6,"€ 17,978.68",1618081.2
15571928,Fraser,679,France,Female,43,4,"€ 115,136.51",10362285.9
15785519,May,565,France,Male,36,6,"€ 149,575.59",13461803.1
15743007,Seabrook,643,France,Female,45,4,"€ 60,917.24",5482551.6
15777211,Herrera,515,France,Male,65,7,"€ 142,548.33",12829349.7
15721935,Kincaid,521,France,Male,25,7,"€ 157,878.67",14209080.3
15591711,Sleeman,739,Spain,Male,38,0,"€ 12,796.43",1151678.7
15625021,Hung,585,French,Male,42,2,"€ 18,657.77",1679199.3
15702968,Artemieva,733,Germany,Male,74,3,"€ 134,589.58",12113062.2
15600462,Barwell,542,FRA,Female,43,8,"€ 10,350.74",931566.6
15768104,Wright,788,Spain,Male,37,8,"€ 66,013.27",5941194.3
15780140,Bellucci,435,Germany,Male,32,2,"€ 5,907.11",531639.9
15585255,Moore,577,France,Male,42,9,"€ 74,077.91",6667011.9
15772781,Ball,703,France,Female,51,3,"€ 77,294.56",6956510.4
15669987,Sung,728,Germany,Female,35,8,"€ 54,359.02",4892311.8
15697000,Mello,728,Germany,Male,32,5,"€ 156,124.93",14051243.7
15733119,Mistry,718,French,Male,35,8,"€ 94,820.85",8533876.5
15782390,T'ien,621,FRA,Female,40,6,"€ 155,155.25",13963972.5
15654700,Fallaci,523,FRA,Female,40,2,"€ 128,702.10",11583189
15632210,Hill,657,Germany,Male,25,2,"€ 22,745.50",2047095
15642041,Burns,727,Germany,Male,40,1,"€ 71,865.31",6467877.9
15709737,Hunter,643,French,Male,36,7,"€ 84,294.82",7586533.8
15792388,Li,645,France,Female,48,7,"€ 149,139.13",13422521.7
15786014,Ku,568,French,Male,28,5,"€ 185,489.11",16694019.9
15794580,Ch'en,599,France,Male,58,4,"€ 176,407.15",15876643.5
15675964,Chukwukadibia,672,FRA,Female,45,9,"€ 92,027.69",8282492.1
15814275,Zikoranachidimma,685,French,Male,33,6,"€ 43,932.54",3953928.6
15724848,Oluchukwu,516,French,Female,46,1,"€ 115,789.25",10421032.5
15754713,Rivera,685,Spain,Male,31,10,"€ 125,777.28",11319955.2
15693814,Niu,806,Spain,Male,25,7,"€ 18,461.90",1661571
15599660,Bennett,604,FRA,Male,36,6,"€ 79,633.38",7167004.2
15746490,Wollstonecraft,648,Spain,Female,53,6,"€ 121,542.29",10938806.1
15566091,Thomsen,545,Spain,Female,32,4,"€ 94,739.20",8526528
15655961,Palermo,756,Germany,Male,27,1,"€ 93,302.29",8397206.1
15710404,Chinwendu,569,France,Male,35,10,"€ 193,793.78",17441440.2
15775625,McKenzie,596,French,Male,47,6,"€ 74,835.65",6735208.5
15792328,James,475,French,Male,39,6,"€ 56,999.90",5129991
15719856,Lamb,646,French,Female,45,3,"€ 57,236.44",5151279.6
15593773,Olejuru,784,Spain,Male,35,3,"€ 81,483.64",7333527.6
15733114,Hay,552,Spain,Male,45,9,"€ 26,752.56",2407730.4
15797748,Lu,729,French,Male,44,5,"€ 9,200.54",828048.6
15743411,Chiawuotu,609,Spain,Male,61,1,"€ 22,447.85",2020306.5
15753337,Yeates,555,France,Male,51,5,"€ 189,122.89",17021060.1
15601026,Gallagher,572,Germany,Female,19,1,"€ 16,161.82",1454563.8
15658485,Heath,785,France,Female,34,9,"€ 68,600.36",6174032.4
15636731,Ts'ai,714,Germany,Female,36,1,€ 447.73,40295.7
15628303,Thurgood,738,Spain,Male,35,3,"€ 15,650.73",1408565.7
15633461,Pai,639,Germany,Male,38,5,"€ 149,599.62",13463965.8
15677135,Lorenzo,520,Germany,Male,61,8,"€ 90,304.01",8127360.9
15590876,Knupp,764,France,Female,24,7,"€ 115,676.38",10410874.2
15790782,Baryshnikov,661,Spain,Male,39,6,"€ 38,812.67",3493140.3
15700476,Azubuike,564,Germany,Male,41,9,"€ 34,338.21",3090438.9
15634141,Shephard,708,Germany,Female,42,8,€ 823.36,74102.4
15737795,Scott,512,Spain,Male,36,1,"€ 135,482.26",12193403.4
15790299,Williamson,592,Spain,Male,37,9,"€ 10,656.89",959120.1
15675316,Avdeeva,619,French,Female,38,3,"€ 116,467.35",10482061.5
15613630,Tang,775,France,Male,52,8,"€ 96,823.32",8714098.8
15662100,Hsu,850,Germany,Female,44,5,"€ 171,096.20",15398658
15668032,Buchanan,577,FRA,Female,37,4,"€ 79,881.39",7189325.1
15599289,Yeh,724,France,Female,37,10,"€ 157,862.82",14207653.8
15754084,Palazzi,710,Spain,Male,35,1,"€ 127,951.81",11515662.9
15676521,Y?an,696,French,Female,31,8,"€ 191,074.11",17196669.9
15804586,Lin,376,French,Female,46,6,"€ 157,333.69",14160032.1
15781465,Schofield,675,Germany,Female,29,8,"€ 133,457.52",12011176.8
15729362,Lombardi,745,France,Male,36,8,"€ 130,789.60",11771064
15709295,Wall,697,Spain,Female,25,5,"€ 128,373.88",11553649.2
15745324,Milani,599,Spain,Female,39,4,"€ 194,273.20",17484588
15741336,Ejimofor,715,FRA,Female,38,5,"€ 5,684.17",511575.3
15783659,Blackburn,659,France,Male,67,4,"€ 131,043.20",11793888
15620981,Wickham,684,FRA,Female,48,3,"€ 21,228.34",1910550.6
15630328,Bird,635,France,Female,48,8,"€ 43,250.30",3892527
15785899,Ch'en,789,Germany,Male,33,8,"€ 4,389.40",395046
15606149,Wood,571,Germany,Female,66,9,"€ 189,271.90",17034471
15671139,Brizendine,694,Spain,Male,39,0,"€ 102,284.20",9205578
15660429,Ch'in,665,Spain,Female,42,2,"€ 156,774.94",14109744.6
15571002,Yusupov,706,French,Female,44,4,"€ 69,865.49",6287894.1
15631681,Jibunoh,807,Spain,Female,43,0,"€ 85,523.24",7697091.6
15731522,Ts'ui,771,Spain,Female,67,8,"€ 51,219.80",4609782
15619529,Ndukaku,531,Spain,Male,27,8,"€ 7,222.92",650062.8
15628034,Wilder,629,FRA,Female,37,6,"€ 23,971.33",2157419.7
15686164,Maclean,850,Germany,Female,31,1,"€ 132,173.31",11895597.9
15582797,Ch'iu,685,Spain,Male,35,4,"€ 113,639.64",10227567.6
15753831,Cox,642,Spain,Male,32,7,"€ 39,768.59",3579173.1
15731815,Nepean,529,Spain,Male,63,4,"€ 108,732.96",9785966.4
15580956,McNess,683,Germany,Female,43,4,"€ 117,349.19",10561427.1
15602084,Coles,663,France,Female,42,5,"€ 78,004.50",7020405
15589805,Benson,563,France,Female,34,6,"€ 152,417.79",13717601.1
15720893,Gilbert,637,Spain,Female,34,9,"€ 26,057.08",2345137.2
15641009,Wilhelm,544,France,Male,37,3,"€ 79,972.09",7197488.1
15605926,Sinclair,649,Germany,Male,70,9,"€ 107,125.79",9641321.1
15805955,L?,638,FRA,Female,48,10,"€ 47,679.14",4291122.6
15801488,Buckner,723,FRA,Male,25,3,"€ 134,509.47",12105852.3
15605918,Padovesi,635,Germany,Male,43,5,"€ 153,265.31",13793877.9
15779711,Gray,750,Spain,Female,38,7,"€ 179,883.04",16189473.6
15705620,Lu,730,France,Male,34,5,"€ 138,882.98",12499468.2
15685357,Wright,750,Spain,Female,36,8,"€ 9,855.81",887022.9
15570060,Palerma,586,FRA,Female,43,8,"€ 67,046.83",6034214.7
15582616,Y?an,520,FRA,Female,38,4,"€ 56,388.63",5074976.7
15799515,Wei,652,France,Female,48,8,"€ 77,764.37",6998793.3
15642937,Padovesi,550,France,Female,46,7,"€ 130,590.35",11753131.5
15624729,Tsao,594,France,Male,27,0,"€ 151,912.49",13672124.1
15566156,Franklin,749,Germany,Female,44,0,"€ 151,083.80",13597542
15792360,Clark,668,French,Male,32,7,€ 777.37,69963.3
15807008,McGregor,614,Germany,Female,35,6,"€ 69,454.24",6250881.6
15704770,Pan,773,France,Male,25,1,"€ 11,723.57",1055121.3
15756475,Kenniff,551,Germany,Male,31,9,"€ 91,565.25",8240872.5
15655339,Spencer,566,France,Male,36,1,"€ 79,616.37",7165473.3
15613749,Lees,569,Spain,Male,34,0,"€ 102,299.81",9206982.9
15664521,David,659,Spain,Male,31,7,"€ 104,533.51",9408015.9
15681206,Hsing,722,France,Female,49,3,"€ 140,765.57",12668901.3
15745527,Burke,655,FRA,Male,37,5,"€ 66,214.13",5959271.7
15806926,Watson,615,French,Female,35,2,"€ 139,816.10",12583449
15724563,Hawkins,752,Germany,Female,42,3,"€ 140,139.28",12612535.2
15782899,Ginn,661,Spain,Female,28,7,"€ 102,297.15",9206743.5
15623521,Sozonov,838,Spain,Male,43,9,"€ 145,765.83",13118924.7
15810218,Sun,610,Spain,Male,29,9,"€ 83,912.24",7552101.6
15645621,Hunter,811,Spain,Male,44,3,"€ 78,439.73",7059575.7
15608114,Manfrin,587,Spain,Male,62,7,"€ 6,776.92",609922.8
15659557,Artamonova,811,Germany,Female,28,4,"€ 9,903.42",891307.8
15787772,Hansen,759,France,Female,38,1,"€ 91,561.91",8240571.9
15691111,Pai,648,Germany,Female,42,8,"€ 4,027.02",362431.8
15592089,Larsen,788,France,Female,43,10,"€ 116,111.51",10450035.9
15633897,Owen,725,Germany,Male,39,1,"€ 184,023.54",16562118.6
15701301,Murphy,646,French,Female,42,3,"€ 67,124.48",6041203.2
15723685,Ekechukwu,601,Germany,Female,26,7,"€ 50,070.59",4506353.1
15701602,Ayers,521,Germany,Male,52,5,"€ 53,793.10",4841379
15739189,Johnson,561,Spain,Female,33,6,"€ 45,261.47",4073532.3
15573086,Millar,564,FRA,Male,42,7,"€ 36,721.40",3304926
15569050,Farrell,444,FRA,Male,45,6,"€ 130,009.85",11700886.5
15750765,Sanders,650,Spain,Male,71,0,"€ 175,380.77",15784269.3
15799811,Herrera,724,FRA,Male,40,10,"€ 127,847.25",11506252.5
15698442,Eberechukwu,719,Spain,Male,35,3,"€ 138,231.70",12440853
15655274,Bardin,548,FRA,Female,29,4,"€ 48,673.18",4380586.2
15603594,Nwankwo,635,Spain,Male,24,4,"€ 70,668.77",6360189.3
15585961,Talbot,496,Spain,Female,43,3,"€ 199,505.53",17955497.7
15686936,McGregor,676,FRA,Female,37,5,"€ 169,583.18",15262486.2
15770424,Onyeorulu,541,Germany,Male,40,7,"€ 49,063.42",4415707.8
15587451,Goold,778,Germany,Male,41,7,"€ 63,337.19",5700347.1
15602010,Zikoranaudodimma,850,Germany,Female,45,5,"€ 60,083.11",5407479.9
15600583,Garner,633,France,Male,31,1,"€ 48,606.71",4374603.9
15654673,Onyinyechukwuka,625,France,Male,49,6,"€ 165,580.93",14902283.7
15717164,Genovese,485,Spain,Male,32,6,"€ 194,010.12",17460910.8
15765014,Mai,547,France,Female,48,1,"€ 69,263.10",6233679
15682639,Marshall,642,France,Male,32,3,"€ 88,698.83",7982894.7
15729279,Naylor,718,French,Female,25,4,"€ 63,030.97",5672787.3
15759805,Pinto,582,French,Female,32,4,"€ 59,668.81",5370192.9
15767864,Fulton,628,France,Male,33,6,"€ 184,230.23",16580720.7
15769948,Palerma,737,Germany,Male,35,0,"€ 64,050.19",5764517.1
15686345,McCaffrey,828,Spain,Male,34,9,"€ 81,853.98",7366858.2
15688071,Collins,609,Spain,Male,53,10,"€ 154,642.91",13917861.9
15681174,Zuev,730,French,Male,39,1,"€ 145,679.60",13111164
15667521,Crawford,631,French,Female,22,3,"€ 30,781.77",2770359.3
15750243,Genovese,830,Spain,Male,40,4,"€ 81,622.52",7346026.8
15695475,Maclean,645,FRA,Male,29,1,"€ 196,474.35",17682691.5
15689176,Fabro,663,FRA,Male,46,3,"€ 176,276.10",15864849
15652955,Price,678,Spain,Male,30,0,"€ 35,113.08",3160177.2
15668958,Chatfield,521,France,Male,30,2,"€ 64,299.82",5786983.8
15631054,Volkova,625,FRA,Female,24,1,"€ 180,969.55",16287259.5
15581479,Archer,523,FRA,Male,30,1,"€ 138,176.78",12435910.2
15577478,Ch'iu,714,France,Female,72,3,"€ 86,733.61",7806024.9
15780870,McKay,580,Spain,Male,67,3,"€ 7,418.92",667702.8
15692317,Craig,722,France,Male,30,5,"€ 166,376.54",14973888.6
15593969,Abramovich,630,Spain,Female,39,7,"€ 140,881.20",12679308
15570417,Chien,579,France,Male,35,1,"€ 4,460.20",401418
15779059,Timms,670,French,Female,38,4,"€ 110,472.12",9942490.8
15785980,Williford,588,Spain,Male,34,6,"€ 86,460.28",7781425.2
15644200,Hamilton,807,Spain,Female,42,1,"€ 16,500.66",1485059.4
15793949,Cheng,726,France,Female,48,4,"€ 114,020.06",10261805.4
15645103,Su,812,Germany,Male,25,5,"€ 131,660.31",11849427.9
15705860,McKenzie,631,Germany,Male,40,3,"€ 52,449.62",4720465.8
15623828,Akobundu,682,France,Male,30,4,"€ 161,465.31",14531877.9
15715003,Ko,625,Spain,Female,49,2,"€ 20,018.79",1801691.1
15623471,Marcelo,607,Germany,Male,38,3,"€ 176,318.27",15868644.3
15798348,Chukwuebuka,600,Spain,Female,50,6,"€ 50,488.91",4544001.9
15743016,MacDonald,602,Spain,Female,22,7,"€ 30,379.60",2734164
15769499,Lampungmeiua,545,Spain,Female,74,3,"€ 161,326.73",14519405.7
15798521,Tai,675,Spain,Male,33,3,"€ 45,348.08",4081327.2
15706534,Enyinnaya,581,FRA,Female,47,1,"€ 180,251.68",16222651.2
15706186,McKenzie,640,Germany,Male,33,8,"€ 34,925.56",3143300.4
15812197,Kline,850,France,Male,38,7,"€ 126,555.74",11390016.6
15650933,Ma,490,Spain,Female,48,8,"€ 187,921.30",16912917
15692991,Wood,710,Spain,Female,38,4,"€ 136,390.88",12275179.2
15631189,Riggs,613,Germany,Male,38,9,"€ 78,566.64",7070997.6
15762198,Capon,812,French,Male,34,5,"€ 166,038.27",14943444.3
15699598,Smith,723,French,Female,20,4,"€ 140,385.33",12634679.7
15692744,Davison,512,French,Male,36,4,"€ 38,629.30",3476637
15688963,Ingram,731,France,Female,52,10,"€ 24,998.75",2249887.5
15599131,Dilke,650,Germany,Male,26,4,"€ 128,815.33",11593379.7
15680303,Gibson,594,FRA,Male,57,6,"€ 19,376.56",1743890.4
15628674,Iadanza,844,France,Male,40,7,"€ 31,904.31",2871387.9
15648075,Hebert,686,Germany,Female,47,5,"€ 173,179.79",15586181.1
15586970,Pinto,695,Germany,Male,52,8,"€ 22,485.64",2023707.6
15625698,Dumetochukwu,624,Spain,Female,23,6,"€ 196,668.51",17700165.9
15790497,Ross,503,Spain,Male,37,6,"€ 136,506.86",12285617.4
15682618,Jamieson,535,French,Female,31,7,"€ 36,278.89",3265100.1
15762937,Chiganu,743,Germany,Female,32,6,"€ 163,254.39",14692895.1
15750929,Burgess,702,Spain,Male,39,8,"€ 99,654.13",8968871.7
15729832,Cheng,658,French,Male,29,3,"€ 20,207.02",1818631.8
15633650,Woods,677,Germany,Female,41,8,"€ 4,195.84",377625.6
15748856,Liang,664,France,Male,32,10,"€ 112,340.20",10110618
15589195,Bluett,766,Germany,Female,38,7,"€ 2,035.94",183234.6
15699911,Chapman,461,Spain,Female,35,8,"€ 132,295.95",11906635.5
15663438,Andrejew,688,Spain,Male,36,0,"€ 177,383.68",15964531.2
15692583,Udobata,678,France,Female,32,5,"€ 90,284.47",8125602.3
15591257,Ejimofor,796,France,Male,24,8,"€ 61,349.37",5521443.3
15646513,Spyer,803,FRA,Male,42,5,"€ 196,466.83",17682014.7
15708063,Walker,712,French,Male,36,2,"€ 70,758.37",6368253.3
15696098,Palermo,498,France,Female,31,10,"€ 13,892.57",1250331.3
15645517,Philip,850,Spain,Male,22,2,"€ 9,684.52",871606.8
15649744,Fallaci,628,French,Female,51,3,"€ 40,546.15",3649153.5
15604304,Perry,539,Germany,Female,34,4,"€ 136,603.42",12294307.8
15784092,Henderson,732,French,Male,36,7,"€ 133,172.48",11985523.2
15585198,Bergamaschi,715,FRA,Male,41,4,"€ 152,821.12",13753900.8
15624347,Fokine,651,FRA,Male,40,4,"€ 147,715.83",13294424.7
15621687,Mackay,813,French,Male,34,0,"€ 43,169.15",3885223.5
15689081,Wu,692,FRA,Male,29,4,"€ 76,755.99",6908039.1
15813168,Maslova,756,Germany,Female,39,3,"€ 73,406.04",6606543.6
15604295,Wei,543,French,Male,36,6,"€ 176,728.28",15905545.2
15724127,McLean,790,French,Female,26,4,"€ 98,309.27",8847834.3
15673055,Sung,494,Spain,Male,38,7,"€ 6,203.66",558329.4
15768201,Paterson,850,France,Female,39,2,"€ 176,791.27",15911214.3
15782219,Fanucci,703,Spain,Male,29,9,"€ 50,679.48",4561153.2
15746410,Thompson,432,Spain,Male,38,7,"€ 150,580.88",13552279.2
15780144,Tisdall,512,Germany,Female,32,2,"€ 80,120.19",7210817.1
15590476,Onochie,589,French,Male,28,7,"€ 151,645.96",13648136.4
15624293,Mironova,514,FRA,Female,46,3,"€ 55,072.32",4956508.8
15618182,Ndubueze,678,FRA,Female,38,2,"€ 115,068.99",10356209.1
15660316,Stephenson,420,Germany,Female,34,1,"€ 149,471.13",13452401.7
15678886,Golubev,679,Germany,Male,38,7,"€ 46,522.68",4187041.2
15616330,Liao,595,French,Male,31,4,"€ 189,995.86",17099627.4
15592229,Mullan,713,French,Female,52,0,"€ 46,369.57",4173261.3
15798424,Glover,833,Germany,Male,59,1,"€ 30,722.52",2765026.8
15714750,Northey,690,French,Female,42,3,"€ 70,810.60",6372954
15648800,Paterson,731,Germany,Female,21,8,"€ 106,663.46",9599711.4
15626147,Maclean,608,FRA,Female,62,8,"€ 175,836.03",15825242.7
15626608,Howarde,479,Spain,Male,48,5,"€ 85,646.41",7708176.9
15723250,Teng,519,French,Male,42,8,"€ 101,485.72",9133714.8
15592583,Colman,731,French,Female,47,1,"€ 191,734.67",17256120.3
15759381,Johnson,617,Spain,Male,61,7,"€ 101,839.77",9165579.3
15585241,Butcher,756,Spain,Male,29,2,"€ 4,888.91",440001.9
15589358,Stanley,848,Germany,Male,31,4,"€ 193,132.98",17381968.2
15672704,Jackson,809,France,Female,24,4,"€ 193,518.76",17416688.4
15789955,Hu,698,Germany,Male,56,1,"€ 93,982.02",8458381.8
15596800,Hill,779,Germany,Male,33,1,"€ 197,000.92",17730082.8
15627305,Pan,606,Spain,Male,35,7,"€ 106,837.06",9615335.4
15645316,Han,612,Germany,Female,58,1,"€ 115,161.28",10364515.2
15593973,Wilkie,663,Spain,Female,33,8,"€ 196,260.30",17663427
15647301,Bray,549,Germany,Female,45,3,"€ 96,404.38",8676394.2
15750258,Ann,675,France,Female,32,2,"€ 97,658.66",8789279.4
15685309,Souter,669,French,Female,35,7,"€ 49,108.23",4419740.7
15628205,Greco,571,Germany,Female,34,1,"€ 195,651.66",17608649.4
15733974,Mao,500,Spain,Male,37,9,"€ 111,698.00",10052820
15762110,Anderson,628,French,Male,37,0,"€ 171,707.93",15453713.7
15706899,Ma,559,FRA,Male,34,4,"€ 66,721.98",6004978.2
15732660,Black,769,French,Female,27,2,"€ 57,876.05",5208844.5
15656121,Medvedeva,733,Germany,Male,31,6,"€ 177,994.81",16019532.9
15614220,Benson,750,France,Male,22,5,"€ 105,125.65",9461308.5
15645269,Duncan,583,France,Female,42,4,"€ 17,439.66",1569569.4
15698510,Onwudiwe,468,Germany,Male,42,9,"€ 172,668.39",15540155.1
15569247,Mitchell,727,Spain,Female,57,1,€ 753.37,67803.3
15566251,Ferrari,618,France,Female,37,5,"€ 98,686.40",8881776
15716134,Russo,617,France,Male,40,5,"€ 107,047.92",9634312.8
15763625,Hazon,793,Spain,Male,41,9,"€ 152,153.74",13693836.6
15605965,Henderson,630,FRA,Male,43,9,"€ 34,338.04",3090423.6
15694821,Hardy,765,Germany,Male,43,4,"€ 173,878.87",15649098.3
15601688,Piccio,546,French,Male,28,8,"€ 159,254.29",14332886.1
15575581,Dickson,614,Germany,Female,30,3,"€ 54,776.64",4929897.6
15671209,Holden,593,Germany,Female,29,5,"€ 134,594.99",12113549.1
15616529,Hsieh,613,Spain,Male,34,3,"€ 41,724.72",3755224.8
15773906,Doherty,655,France,Male,38,4,"€ 110,527.71",9947493.9
15722993,Page,700,France,Female,27,6,"€ 8,996.79",809711.1
15752463,Samuel,826,Spain,Female,29,4,"€ 190,200.53",17118047.7
15589754,Malloy,652,Germany,Male,45,2,"€ 115,333.43",10380008.7
15669899,Fitts,755,Germany,Female,45,7,"€ 143,619.52",12925756.8
15766887,Iadanza,538,Spain,Male,39,2,"€ 58,467.08",5262037.2
15768006,Wu,729,FRA,Male,34,3,"€ 12,128.69",1091582.1
15741295,Yefimova,615,France,Male,49,3,"€ 49,872.33",4488509.7
15811327,Pan,700,Spain,Male,54,1,"€ 139,735.54",12576198.6
15690007,Ts'ui,434,Germany,Female,58,9,"€ 60,891.80",5480262
15690664,Liang,729,Spain,Male,37,10,"€ 100,862.54",9077628.6
15719348,Tsao,513,France,Male,35,8,"€ 76,640.29",6897626.1
15781802,Abramov,755,FRA,Male,41,6,"€ 126,013.58",11341222.2
15752731,Millar,615,France,Female,30,9,"€ 87,347.82",7861303.8
15600997,Demuth,747,Germany,Female,32,5,"€ 77,370.37",6963333.3
15750776,Genovese,850,FRA,Female,36,0,"€ 62,722.44",5645019.6
15723907,Lawless,712,Germany,Female,49,5,"€ 196,257.68",17663191.2
15633419,Brooks,622,Germany,Female,28,1,"€ 81,723.80",7355142
15702430,Ignatyeva,548,FRA,Female,35,10,"€ 31,299.71",2816973.9
15710456,Balmain,607,French,Female,27,2,"€ 63,495.86",5714627.4
15650351,Millar,653,FRA,Female,38,8,"€ 166,520.96",14986886.4
15590820,Ecuyer,699,Spain,Male,26,6,"€ 150,242.44",13521819.6
15640454,Parkhill,693,Germany,Male,40,0,"€ 27,345.18",2461066.2
15697789,Li Fonti,647,Germany,Female,43,3,"€ 87,000.39",7830035.1
15808182,Beneventi,478,Spain,Female,36,3,"€ 44,912.70",4042143
15588670,Despeissis,705,Spain,Female,40,5,"€ 179,978.68",16198081.2
15721292,Atkins,719,Spain,Male,39,5,"€ 145,759.70",13118373
15604217,Williams,726,French,Male,34,9,"€ 14,121.61",1270944.9
15651369,Wright,626,France,Male,21,1,"€ 66,232.23",5960900.7
15782454,Hancock,552,France,Male,49,4,"€ 190,296.76",17126708.4
15814032,Hsieh,807,Germany,Female,31,1,"€ 172,782.69",15550442.1
15570326,Wilkins,621,FRA,Male,34,6,"€ 99,128.13",8921531.7
15624428,Longo,651,Germany,Female,24,7,"€ 178,341.33",16050719.7
15755638,Mancini,673,France,Female,43,5,"€ 146,992.24",13229301.6
15600992,Madukaego,652,FRA,Male,36,1,"€ 151,314.98",13618348.2
15755649,Winter-Irving,584,Germany,Male,47,7,"€ 92,915.84",8362425.6
15795228,Stewart,756,FRA,Male,37,3,"€ 58,974.00",5307660
15589257,Grant,670,France,Female,35,3,"€ 174,627.06",15716435.4
15719302,Brennan,765,French,Female,50,9,"€ 79,579.94",7162194.6
15639882,She,528,French,Male,30,2,"€ 50,771.16",4569404.4
15791279,Murray,701,FRA,Male,40,5,"€ 153,537.55",13818379.5
15636935,Rischbieth,797,France,Female,29,1,"€ 132,975.39",11967785.1
15686909,Lung,639,Germany,Male,27,3,"€ 85,208.93",7668803.7
15589572,Otutodilichukwu,785,Spain,Female,61,4,"€ 170,214.82",15319333.8
15779947,Thomas,363,Spain,Female,28,6,"€ 100,615.14",9055362.6
15573769,Fiorentini,764,FRA,Female,24,7,"€ 186,105.99",16749539.1
15578866,Hughes,676,FRA,Female,43,2,"€ 55,119.53",4960757.7
15739131,Whitworth,718,Germany,Male,28,4,"€ 28,760.99",2588489.1
15813444,McIntosh,590,Spain,Female,34,6,"€ 171,021.44",15391929.6
15678058,Ayers,584,France,Male,38,9,"€ 176,678.72",15901084.8
15769169,Trentino,645,France,Male,41,7,"€ 28,667.56",2580080.4
15804602,Boyd,772,Germany,Male,30,6,"€ 197,238.03",17751422.7
15651052,McMasters,399,Germany,Male,46,2,"€ 139,994.68",12599521.2
15724334,Alekseyeva,529,FRA,Male,22,5,"€ 151,169.83",13605284.7
15569451,Miller,463,FRA,Male,35,2,"€ 118,113.64",10630227.6
15650098,Baranova,630,France,Female,40,7,"€ 34,453.17",3100785.3
15724307,Mitchell,780,France,Male,76,10,"€ 64,872.33",5838509.7
15599268,Yobachi,584,Spain,Male,32,5,"€ 10,956.82",986113.8
15594864,Huang,752,Germany,Male,30,4,"€ 36,885.85",3319726.5
15616451,Genovese,697,FRA,Female,47,6,"€ 168,053.40",15124806
15715667,Sorokina,850,FRA,Female,32,7,"€ 155,227.00",13970430
15658969,Gray,711,French,Male,51,7,"€ 38,409.79",3456881.1
15738174,Ervin,452,France,Female,32,5,"€ 75,279.39",6775145.1
15813590,Vance,610,Spain,Male,42,6,"€ 158,302.59",14247233.1
15624229,Noble,694,FRA,Female,22,4,"€ 11,525.72",1037314.8
15674148,Milanesi,579,Spain,Male,33,6,"€ 94,993.04",8549373.6
15625080,Parkin,745,Spain,Female,54,8,"€ 173,912.29",15652106.1
15682528,Cremonesi,572,France,Male,33,5,"€ 41,139.05",3702514.5
15696900,Burns,505,Germany,Male,29,3,"€ 58,019.95",5221795.5
15730038,Docherty,706,French,Female,23,5,"€ 164,128.41",14771556.9
15812272,Ugonna,693,Germany,Male,44,5,"€ 46,998.13",4229831.7
15654654,L?,725,Germany,Female,33,7,"€ 177,279.41",15955146.9
15697625,Bevan,791,FRA,Male,37,2,"€ 75,832.53",6824927.7
15616280,Hsia,536,FRA,Male,46,1,"€ 61,094.53",5498507.7
15654229,O'Neill,699,Spain,Male,47,1,"€ 30,117.44",2710569.6
15628298,Johnstone,500,Spain,Female,47,8,"€ 179,227.12",16130440.8
15733387,Pham,707,Spain,Female,53,6,"€ 52,110.45",4689940.5
15775572,Bergamaschi,531,Germany,Female,42,6,"€ 75,248.75",6772387.5
15613844,Murphy,557,FRA,Female,28,7,"€ 184,317.74",16588596.6
15578515,Osinachi,659,FRA,Female,38,3,"€ 158,553.10",14269779
15607598,Muravyov,575,Spain,Female,31,6,"€ 95,686.42",8611777.8
15742480,Igwebuike,775,Germany,Male,36,2,"€ 71,682.54",6451428.6
15749482,Zack,772,Spain,Male,30,4,"€ 1,790.48",161143.2
15607537,Crawford,587,Germany,Male,46,9,"€ 139,431.00",12548790
15575410,Chidiegwu,667,Germany,Female,39,4,"€ 118,358.54",10652268.6
15684865,Lucchesi,771,FRA,Female,66,7,"€ 130,827.88",11774509.2
15600700,Pan,523,Germany,Male,63,6,"€ 119,404.63",10746416.7
15774155,Trevisani,662,Germany,Male,33,0,"€ 162,703.00",14643270
15634267,Yudin,717,French,Male,42,5,"€ 172,665.21",15539868.9
15619626,Wade,746,FRA,Male,24,3,"€ 170,142.09",15312788.1
15660422,Chung,569,French,Male,28,7,"€ 73,977.23",6657950.7
15617934,Septimus,579,FRA,Male,36,9,"€ 60,906.12",5481550.8
15760774,Hargraves,519,France,Female,21,1,"€ 194,867.27",17538054.3
15813132,Chukwukadibia,696,Germany,Male,30,4,"€ 193,716.56",17434490.4
15593331,Sidorov,693,Germany,Male,25,6,"€ 14,633.35",1317001.5
15616709,Bunton,587,Germany,Female,38,0,"€ 31,730.32",2855728.8
15658052,Cameron,626,French,Female,44,10,"€ 20,063.63",1805726.7
15721189,Kung,666,FRA,Female,66,7,"€ 99,792.82",8981353.8
15711288,Hay,512,FRA,Male,24,6,"€ 37,654.31",3388887.9
15770030,Conti,689,Spain,Female,28,3,"€ 192,449.02",17320411.8
15803681,Sims,803,France,Female,26,4,"€ 181,208.47",16308762.3
15702789,Carter,548,Germany,Male,32,5,"€ 155,165.61",13964904.9
15814930,McGregor,588,Germany,Female,40,10,"€ 121,504.18",10935376.2
15658306,Lo,693,FRA,Male,68,4,"€ 61,569.07",5541216.3
15699523,Chu,499,Germany,Female,55,4,"€ 123,269.71",11094273.9
15610383,Dumetolisa,628,France,Female,46,1,"€ 31,272.14",2814492.6
15615032,Peng,624,Spain,Male,46,3,"€ 62,825.03",5654252.7
15781989,Drake-Brockman,733,France,Male,42,9,"€ 184,056.45",16565080.5
15647402,Wan,628,French,Female,38,3,"€ 48,924.73",4403225.7
15740494,Cameron,633,FRA,Female,33,3,"€ 191,111.02",17199991.8
15701265,Tretiakov,559,Germany,Female,36,1,"€ 54,184.06",4876565.4
15743532,Ball,704,Germany,Male,27,5,"€ 64,381.33",5794319.7
15794870,Sal,744,Germany,Male,38,6,"€ 78,770.86",7089377.4
15747591,Chung,665,Spain,Female,40,1,"€ 116,766.79",10509011.1
15726557,Lai,638,FRA,Female,42,7,"€ 32,916.29",2962466.1
15732199,Gether,837,Spain,Male,31,9,"€ 50,972.60",4587534
15662291,Davidson,534,FRA,Female,55,8,"€ 122,066.50",10985985
15749050,Justice,548,French,Female,36,3,"€ 65,996.90",5939721
15781586,Osonduagwuike,837,Germany,Male,38,2,"€ 79,577.38",7161964.2
15617078,Ewing,658,France,Female,44,6,"€ 130,529.13",11747621.7
15723339,Chin,554,France,Female,38,4,"€ 172,629.67",15536670.3
15671322,Chiang,724,Germany,Male,30,7,"€ 15,216.53",1369487.7
15793854,Ahmed,723,FRA,Male,42,2,"€ 17,512.53",1576127.7
15756539,Marshall,585,Germany,Female,39,7,"€ 131,852.01",11866680.9
15612064,Tsou,474,FRA,Male,33,5,"€ 181,945.52",16375096.8
15625916,Chien,562,Spain,Male,32,6,"€ 91,482.50",8233425
15683195,Ubanwa,719,FRA,Male,32,9,"€ 77,119.45",6940750.5
15690182,Kapustin,635,Germany,Male,37,5,"€ 95,611.74",8605056.6
15721719,Calabresi,743,France,Male,42,7,"€ 80,428.42",7238557.8
15641690,Hsiao,681,Spain,Male,67,7,"€ 163,714.92",14734342.8
15634896,Grant,521,France,Female,39,6,"€ 27,375.15",2463763.5
15671590,H?,741,Spain,Male,25,4,"€ 73,873.65",6648628.5
15779182,Chia,790,Spain,Male,46,8,"€ 139,266.48",12533983.2
15778287,Ugoji,622,French,Male,35,8,"€ 131,772.51",11859525.9
15609510,Gregory,669,FRA,Male,45,7,"€ 173,454.07",15610866.3
15742229,Mackay,583,French,Male,59,7,"€ 67,552.71",6079743.9
15658532,Nnamutaezinwa,520,Spain,Female,63,5,"€ 34,765.33",3128879.7
15590993,Findlay,579,Spain,Male,37,5,"€ 120,219.14",10819722.6
15565701,Ferri,698,Spain,Female,39,9,"€ 90,212.38",8119114.2
15597239,Ku,548,Spain,Male,39,7,"€ 164,975.82",14847823.8
15688880,Amechi,672,Germany,Male,40,10,"€ 1,285.81",115722.9
15813917,Kirk,653,Germany,Male,31,9,"€ 83,679.46",7531151.4
15679611,Andrews,734,Spain,Female,37,2,"€ 34,548.74",3109386.6
15636589,Murray,794,FRA,Female,41,7,"€ 74,275.08",6684757.2
15687752,Griffin,641,FRA,Male,30,2,"€ 7,278.57",655071.3
15584363,Longstaff,824,France,Male,30,0,"€ 162,053.92",14584852.8
15737748,McWilliam,534,Spain,Female,33,3,"€ 199,336.63",17940296.7
15803365,Coffee,653,Spain,Male,55,2,"€ 62,347.71",5611293.9
15793247,Hancock,498,FRA,Male,34,5,"€ 91,711.66",8254049.4
15572360,Clark,683,French,Male,30,10,"€ 79,240.90",7131681
15795166,Creswell,618,Germany,Male,42,8,"€ 76,679.60",6901164
15724620,Dodds,538,FRA,Male,37,1,"€ 162,511.55",14626039.5
15800856,Ewen,643,Spain,Male,34,3,"€ 21,360.88",1922479.2
15671097,Carter,428,France,Female,31,2,"€ 54,487.43",4903868.7
15683930,Ch'iu,593,Germany,Female,32,9,"€ 53,931.05",4853794.5
15749004,Tsao,718,FRA,Female,31,0,"€ 103,165.15",9284863.5
15800434,Burgess,811,Germany,Male,52,10,"€ 146,359.81",13172382.9
15709117,Fanucci,823,Spain,Female,46,3,"€ 28,370.95",2553385.5
15638806,Blackburn,645,Spain,Male,49,2,"€ 10,023.15",902083.5
15662294,Bennett,710,French,Male,33,10,"€ 192,928.82",17363593.8
15690079,Boniwell,591,Spain,Male,30,8,"€ 50,485.70",4543713
15759317,Vasilieva,748,Germany,Female,27,2,"€ 131,662.47",11849622.3
15750497,Longo,850,French,Female,37,7,"€ 152,235.30",13701177
15596181,Kwemto,542,French,Male,38,8,"€ 68,093.23",6128390.7
15576602,Lawrence,809,French,Male,38,3,"€ 80,061.31",7205517.9
15644833,Duncan,675,French,Male,54,2,"€ 149,583.67",13462530.3
15734634,Bocharova,607,Spain,Female,27,5,"€ 7,631.27",686814.3
15808689,Morres,850,French,Female,31,4,"€ 33,082.81",2977452.9
15720702,Shih,789,French,Male,37,3,"€ 121,883.87",10969548.3
15665077,Vogel,598,FRA,Female,43,5,"€ 100,722.72",9065044.8
15763612,T'an,756,Germany,Male,41,2,"€ 47,093.11",4238379.9
15596493,Wisdom,687,FRA,Female,47,7,"€ 177,624.01",15986160.9
15704483,Lorenzo,724,FRA,Male,40,6,"€ 106,149.48",9553453.2
15598846,Shahan,700,FRA,Female,44,2,"€ 16,874.92",1518742.8
15629244,Bryant,635,Spain,Male,50,7,"€ 54,560.79",4910471.1
15765537,Liang,687,Germany,Male,26,2,"€ 153,605.75",13824517.5
15729975,Chidozie,613,France,Female,46,8,"€ 44,390.38",3995134.2
15682773,Hayward,781,FRA,Female,38,3,"€ 63,218.85",5689696.5
15688007,Liu,703,Spain,Male,20,3,"€ 41,626.78",3746410.2
15574331,Alexeeva,593,Germany,Female,62,3,"€ 24,765.53",2228897.7
15645572,Calabresi,743,France,Female,40,6,"€ 28,280.80",2545272
15742854,Lettiere,640,Spain,Female,46,8,"€ 89,043.19",8013887.1
15575417,Chou,849,Germany,Male,37,7,"€ 17,294.12",1556470.8
15796721,Nnamutaezinwa,778,French,Male,38,3,"€ 126,702.41",11403216.9
15734942,Nnamutaezinwa,539,Germany,Female,38,8,"€ 13,123.41",1181106.9
15664772,Greece,489,Germany,Male,28,1,"€ 167,973.63",15117626.7
15576683,Yin,568,Spain,Female,43,9,"€ 125,870.79",11328371.1
15682563,Larionova,618,Spain,Male,38,5,"€ 91,972.49",8277524.1
15650889,Golubev,710,Germany,Female,30,10,"€ 155,593.74",14003436.6
15612108,Norman,625,France,Male,52,5,"€ 67,788.49",6100964.1
15761132,Capon,682,Spain,Male,46,7,"€ 62,615.35",5635381.5
15645511,Chukwudi,727,Spain,Male,43,2,"€ 107,415.02",9667351.8
15609824,Fedorov,794,FRA,Female,41,7,"€ 166,526.26",14987363.4
15640268,Avdeeva,652,Spain,Male,71,4,"€ 120,107.10",10809639
15645778,Reid,670,Spain,Male,42,3,"€ 188,227.80",16940502
15691104,Kennedy,460,Germany,Female,40,6,"€ 91,560.63",8240456.7
15714567,Chan,568,Spain,Female,26,6,"€ 166,495.20",14984568
15777826,Wofford,643,FRA,Male,30,5,"€ 165,614.40",14905296
15668445,Mai,521,French,Male,37,2,"€ 86,372.24",7773501.6
15576162,King,615,FRA,Male,32,7,"€ 2,755.53",247997.7
15778135,T'ao,575,Spain,Male,43,3,"€ 83,594.51",7523505.9
15613141,Hsu,717,FRA,Female,41,3,"€ 103,706.41",9333576.9
15635435,White,648,France,Female,54,9,"€ 5,924.38",533194.2
15596552,Stephens,535,Germany,Male,48,5,"€ 58,203.67",5238330.3
15623644,Frolov,626,Spain,Male,29,7,"€ 49,361.84",4442565.6
15683403,Lombardi,611,Spain,Male,52,7,"€ 73,585.18",6622666.2
15615029,Munro,734,Spain,Male,39,6,"€ 95,135.27",8562174.3
15769005,Hayward,709,France,Male,49,4,"€ 38,794.57",3491511.3
15746326,Fields,591,France,Male,43,3,"€ 198,926.36",17903372.4
15722364,Onwumelu,664,France,Male,43,9,"€ 56,099.86",5048987.4
15704954,Suffolk,431,France,Male,37,0,"€ 117,023.08",10532077.2
15694409,Tsao,647,Germany,Female,22,3,"€ 62,083.00",5587470
15754068,Judd,578,FRA,Male,32,4,"€ 141,822.80",12764052
15683841,Hamilton,555,Germany,Male,41,10,"€ 185,387.14",16684842.6
15789095,T'ang,775,Spain,Male,30,4,"€ 57,461.13",5171501.7
15719958,Degtyarev,850,Germany,Male,39,3,"€ 120,380.12",10834210.8
15689514,Kang,625,France,Male,43,8,"€ 133,020.90",11971881
15621353,Hudson,645,Spain,Female,37,7,"€ 13,589.93",1223093.7
15627232,Jibunoh,608,Germany,Male,44,7,"€ 77,830.36",7004732.4
15745843,Kinlaw,689,Spain,Female,31,4,"€ 136,610.02",12294901.8
15722902,Chizuoke,652,Germany,Male,50,8,"€ 17,160.94",1544484.6
15791767,Lucciano,769,French,Female,26,7,"€ 176,843.53",15915917.7
15792722,Omeokachie,611,France,Female,43,8,"€ 114,996.33",10349669.7
15723006,Gorbunova,489,France,Male,38,8,"€ 196,990.79",17729171.1
15771942,Tikhonov,528,Germany,Female,46,9,"€ 133,146.03",11983142.7
15774738,Campa,632,FRA,Male,44,3,"€ 185,667.72",16710094.8
15574004,Mancini,429,FRA,Female,27,6,"€ 24,020.49",2161844.1
15587233,Donoghue,457,French,Male,41,8,"€ 185,750.02",16717501.8
15808228,Tuan,768,Spain,Female,44,6,"€ 178,045.97",16024137.3
15682834,Johnstone,715,Spain,Female,35,4,"€ 199,857.47",17987172.3
15571752,Romani,668,Germany,Female,32,10,"€ 43,595.90",3923631
15743067,Fuller,625,Germany,Male,26,3,"€ 122,810.53",11052947.7
15714466,Baxter,846,FRA,Female,41,5,"€ 3,440.47",309642.3
15617982,Pirozzi,661,Spain,Female,42,3,"€ 35,989.41",3239046.9
15696637,Sung,571,FRA,Female,23,10,"€ 17,163.75",1544737.5
15690647,Rogers,582,Spain,Female,46,8,"€ 44,506.09",4005548.1
15672756,Mills,716,FRA,Female,35,8,"€ 17,848.30",1606347
15704586,Osonduagwuike,758,FRA,Female,42,7,"€ 76,209.56",6858860.4
15674526,Byrne,725,FRA,Male,66,4,"€ 141,476.56",12732890.4
15775295,McIntyre,630,France,Female,40,0,"€ 60,032.46",5402921.4
15684196,Aitken,627,France,Female,55,2,"€ 100,686.11",9061749.9
15727281,Macintyre,653,FRA,Female,27,9,"€ 96,429.29",8678636.1
15787835,Simpson,775,Germany,Female,38,4,"€ 15,795.88",1421629.2
15730540,Simpson,794,Spain,Male,45,8,"€ 116,547.31",10489257.9
15646276,Metcalfe,831,France,Female,32,2,"€ 191,260.74",17213466.6
15582180,Lees,561,FRA,Male,29,9,"€ 173,870.39",15648335.1
15697095,Zetticci,705,Spain,Male,46,7,"€ 117,273.35",10554601.5
15748797,Dale,636,Spain,Female,33,0,"€ 92,277.47",8304972.3
15754796,Byrne,487,Germany,Female,46,4,"€ 44,244.49",3982004.1
15628947,Praed,693,French,Female,38,3,"€ 78,133.48",7032013.2
15775546,Laurens,517,Spain,Female,29,5,"€ 103,402.88",9306259.2
15670481,Woods,684,France,Female,27,9,"€ 137,835.82",12405223.8
15619029,Bykov,620,Spain,Female,43,2,"€ 20,670.10",1860309
15613282,Vorobyova,757,France,Male,29,8,"€ 77,469.38",6972244.2
15721487,Pirogova,739,FRA,Female,27,6,"€ 57,572.38",5181514.2
15797276,Sturt,662,Spain,Female,41,4,"€ 75,884.65",6829618.5
15612494,Panicucci,359,FRA,Female,44,6,"€ 146,955.71",13226013.9
15629617,Cook,572,Spain,Male,23,2,"€ 67,040.12",6033610.8
15600821,Hardy,721,France,Male,69,2,"€ 178,418.35",16057651.5
15579062,Chu,707,FRA,Male,32,9,"€ 30,807.02",2772631.8
15814268,Franklin,444,FRA,Female,40,5,"€ 143,835.76",12945218.4
15710164,P'eng,523,FRA,Female,73,7,"€ 130,883.90",11779551
15693904,Chiang,685,Germany,Female,30,4,"€ 194,343.72",17490934.8
15588986,Grant,673,Germany,Female,29,4,"€ 9,796.69",881702.1
15797733,Udobata,503,Germany,Male,30,10,"€ 47,310.24",4257921.6
15620507,Siciliani,485,Germany,Female,30,5,"€ 141,148.21",12703338.9
15685150,Evans,799,Germany,Male,28,7,"€ 111,138.25",10002442.5
15667651,Young,585,Spain,Female,33,8,"€ 114,182.07",10276386.3
15774166,Mitchell,607,Germany,Female,24,2,"€ 127,560.77",11480469.3
15649280,Lucchese,521,Germany,Female,40,9,"€ 18,082.06",1627385.4
15705657,Hewitt,535,FRA,Female,44,2,"€ 136,330.26",12269723.4
15753969,K'ung,724,Spain,Male,45,5,"€ 34,121.81",3070962.9
15742378,Swaim,520,Germany,Male,32,5,"€ 56,246.69",5062202.1
15794874,Quinones,696,Spain,Male,41,9,"€ 191,417.42",17227567.8
15589221,Kennedy,657,Germany,Male,30,1,"€ 23,317.88",2098609.2
15596671,Endrizzi,603,Spain,Female,42,8,"€ 144,675.30",13020777
15583668,Ludowici,726,French,Female,42,2,"€ 175,161.05",15764494.5
15710206,Larson,591,FRA,Female,39,4,"€ 14,928.80",1343592
15799966,Chigolum,792,Germany,Female,59,9,"€ 161,479.19",14533127.1
15794560,Maclean,550,FRA,Male,57,5,"€ 133,501.94",12015174.6
15626485,Lu,601,FRA,Female,26,8,"€ 23,703.52",2133316.8
15703143,Tuan,820,France,Female,29,3,"€ 115,985.38",10438684.2
15809772,Glover,667,France,Male,48,2,"€ 43,229.20",3890628
15687959,Landman,573,Spain,Female,44,4,"€ 94,862.93",8537663.7
15585282,Trevisano,755,French,Male,62,1,"€ 142,377.69",12813992.1
15714993,Longo,552,French,Female,41,9,"€ 135,635.25",12207172.5
15596021,K?,598,Spain,Male,44,8,"€ 148,487.90",13363911
15646615,Muir,576,Germany,Male,28,1,"€ 58,976.85",5307916.5
15742632,Alexeyeva,670,FRA,Female,31,9,"€ 76,254.83",6862934.7
15574068,Norman,504,Germany,Male,56,9,"€ 55,857.48",5027173.2
15806967,Simmons,778,France,Female,65,7,"€ 77,867.23",7008050.7
15796334,Chukwualuka,558,Germany,Male,39,10,"€ 22,878.16",2059034.4
15688713,McCall,627,Spain,Male,44,6,"€ 114,469.55",10302259.5
15796179,Moore,683,French,Male,43,8,"€ 96,754.80",8707932
15598751,Ingram,556,French,Female,43,6,"€ 125,154.57",11263911.3
15703019,Okeke,583,FRA,Female,38,10,"€ 113,597.64",10223787.6
15646302,Shao,705,FRA,Female,24,7,"€ 121,408.55",10926769.5
15680855,Iloabuchi,637,France,Male,33,2,"€ 109,219.43",9829748.7
15697311,Nebechukwu,697,Spain,Male,56,5,"€ 50,230.31",4520727.9
15585367,Diribe,555,Germany,Female,46,4,"€ 177,719.88",15994789.2
15726556,Macgroarty,594,Germany,Female,26,6,"€ 131,211.86",11809067.4
15676242,Artemova,632,Spain,Male,31,3,"€ 82,152.83",7393754.7
15684198,McDonald,551,FRA,Female,38,10,€ 216.27,19464.3
15774882,Mazzanti,687,France,Female,35,3,"€ 1,713.10",154179
15714227,Kelly,672,FRA,Female,53,7,"€ 136,910.18",12321916.2
15608653,Davison,521,Spain,Female,34,7,"€ 20,243.97",1821957.3
15784280,Reilly,686,Germany,Male,35,2,"€ 86,043.27",7743894.3
15789546,Ojiofor,639,Spain,Male,28,8,"€ 126,561.07",11390496.3
15590320,Shelton,850,France,Male,66,4,"€ 64,350.80",5791572
15678385,Lange,465,FRA,Male,25,2,"€ 10,472.31",942507.9
15571778,Trentini,817,French,Female,55,10,"€ 95,941.55",8634739.5
15657085,Gardiner,578,French,Male,23,10,"€ 125,222.36",11270012.4
15640627,Wan,611,Spain,Male,34,4,"€ 170,950.58",15385552.2
15566211,Hsu,616,Germany,Female,41,1,€ 236.45,21280.5
15669293,Hovell,517,France,Male,37,5,"€ 31,517.16",2836544.4
15595067,Zhirov,637,Spain,Female,40,6,"€ 181,610.60",16344954
15753566,Espinosa,806,French,Female,32,3,"€ 156,593.09",14093378.1
15650391,Wallace,633,France,Female,29,7,"€ 4,272.00",384480
15681843,Barbour,624,Germany,Female,35,0,"€ 163,587.90",14722911
15814846,Ozerova,691,French,Male,52,3,"€ 175,843.68",15825931.2
15670374,Wright,819,Germany,Female,49,1,"€ 166,164.30",14954787
15762332,Ulyanova,568,Germany,Female,31,1,"€ 61,796.64",5561697.6
15700223,Steiner,806,France,Male,48,4,"€ 21,439.49",1929554.1
15729956,Akabueze,726,Spain,Female,26,1,"€ 19,225.85",1730326.5
15594862,Aleksandrova,552,France,Male,36,8,"€ 132,547.02",11929231.8
15598782,Pinto,755,Germany,Female,30,6,"€ 62,688.55",5641969.5
15745080,Griffiths,634,FRA,Male,26,8,"€ 21,760.96",1958486.4
15703399,McNeil,756,French,Female,26,5,"€ 154,460.68",13901461.2
15732175,Bruno,776,French,Male,37,2,"€ 8,065.00",725850
15630725,Johnson,649,French,Female,45,5,"€ 173,365.90",15602931
15640260,Okorie,595,Germany,Male,32,8,"€ 69,428.79",6248591.1
15716822,Moen,646,FRA,Male,30,5,"€ 12,757.14",1148142.6
15583748,McGuigan,592,Spain,Male,38,8,"€ 180,426.20",16238358
15605968,Fancher,574,France,Male,26,8,"€ 43,093.67",3878430.3
15790683,Matthews,850,French,Male,36,1,"€ 68,594.00",6173460
15607713,Kaeppel,850,Spain,Female,29,1,"€ 197,996.65",17819698.5
15700212,Shih,475,FRA,Female,46,10,"€ 122,953.00",11065770
15626710,Yudina,642,France,Female,39,4,"€ 76,821.24",6913911.6
15716491,Akabueze,710,Spain,Female,51,4,"€ 141,400.51",12726045.9
15625824,Kornilova,596,Spain,Male,30,6,"€ 41,921.75",3772957.5
15617705,Ozioma,609,France,Female,39,8,"€ 175,664.25",15809782.5
15761976,Su,797,Spain,Female,31,8,"€ 117,916.63",10612496.7
15634891,Jamison,504,Germany,Female,43,7,"€ 194,690.77",17522169.3
15744517,Esposito,735,Spain,Male,50,9,"€ 166,677.35",15000961.5
15686963,Hardiman,680,Spain,Female,30,3,"€ 160,131.58",14411842.2
15808189,Woodard,449,French,Male,52,6,"€ 123,622.00",11125980
15580845,Chienezie,685,Germany,Male,57,7,"€ 113,483.96",10213556.4
15799156,Okwuadigbo,569,Spain,Male,38,8,"€ 79,618.79",7165691.1
15694296,Chineze,631,France,Male,35,9,"€ 24,472.23",2202500.7
15677049,O'Brien,595,Germany,Female,25,7,"€ 177,025.79",15932321.1
15583595,Tao,461,French,Female,28,8,"€ 103,349.74",9301476.6
15590146,Mao,630,French,Male,50,1,"€ 63,606.22",5724559.8
15801548,Buckland,661,FRA,Female,31,7,"€ 14,490.79",1304171.1
15660833,Flannery,796,Germany,Male,39,5,"€ 105,080.53",9457247.7
15762277,Jamieson,710,French,Male,47,5,"€ 83,499.89",7514990.1
15791302,Swift,741,France,Male,32,8,"€ 143,598.70",12923883
15798975,Doherty,606,Germany,Male,48,4,"€ 36,091.91",3248271.9
15599956,Payne,747,French,Male,27,10,"€ 13,007.89",1170710.1
15577274,Genovese,549,Germany,Female,43,3,"€ 6,101.41",549126.9
15701200,Lucciano,576,France,Male,36,6,"€ 48,314.00",4348260
15638149,Rowley,528,FRA,Male,37,6,"€ 197,111.99",17740079.1
15786199,Hsing,535,French,Male,33,2,"€ 110,299.78",9926980.2
15701765,Vincent,575,Spain,Female,37,0,"€ 30,114.32",2710288.8
15586974,Pearce,656,FRA,Male,39,10,"€ 98,894.64",8900517.6
15729040,Lamb,440,France,Male,42,2,"€ 49,826.68",4484401.2
15788676,Riley,539,Spain,Male,38,8,"€ 10,074.05",906664.5
15602497,Honore,850,Spain,Male,39,6,"€ 20,769.88",1869289.2
15701333,Blackburn,646,French,Female,37,7,"€ 163,427.18",14708446.2
15812071,Endrizzi,744,French,Male,54,6,"€ 140,068.77",12606189.3
15634375,Duncan,710,Spain,Female,36,8,"€ 83,206.19",7488557.1
15738267,Macarthur,544,FRA,Female,64,3,"€ 111,402.97",10026267.3
15786800,Gould,723,Germany,Male,52,5,"€ 92,873.50",8358615
15591130,Medvedev,507,Spain,Female,29,6,"€ 94,780.90",8530281
15720662,Sholes,787,French,Female,35,1,"€ 16,607.15",1494643.5
15751531,Shaw,598,Spain,Male,41,8,"€ 161,954.43",14575898.7
15653595,Ts'ai,796,French,Male,51,6,"€ 194,733.28",17525995.2
15568360,Rolon,569,Spain,Female,41,4,"€ 163,524.70",14717223
15781210,Reid,711,France,Male,34,8,"€ 48,260.19",4343417.1
15668058,Chinwendu,661,Germany,Male,35,8,"€ 86,678.48",7801063.2
15597131,Fu,415,France,Male,32,5,"€ 3,064.65",275818.5
15697283,Mackenzie,578,Spain,Male,23,8,"€ 112,124.98",10091248.2
15640953,Bligh,611,FRA,Female,26,2,"€ 120,801.65",10872148.5
15715031,Davidson,600,France,Female,28,6,"€ 52,193.23",4697390.7
15589660,Lamble,661,Germany,Female,32,1,"€ 56,636.28",5097265.2
15769818,Moore,850,French,Female,37,3,"€ 69,372.88",6243559.2
15782736,Jose,573,Germany,Female,47,4,"€ 164,038.07",14763426.3
15614818,Trevisani,764,Spain,Female,33,9,"€ 118,982.51",10708425.9
15794014,Schofield,838,FRA,Female,34,8,"€ 27,472.07",2472486.3
15732448,Stewart,821,French,Female,28,8,"€ 36,754.13",3307871.7
15723411,Jamieson,607,Spain,Female,36,4,"€ 46,416.36",4177472.4
15797686,Howard,558,FRA,Male,38,8,"€ 152,872.39",13758515.1
15605950,Onwuamaeze,530,Germany,Male,23,1,"€ 165,227.23",14870450.7
15812497,D'Albertis,654,Germany,Male,37,5,"€ 75,927.35",6833461.5
15690678,Brooks,530,FRA,Female,33,4,"€ 172,930.28",15563725.2
15747677,Gordon,656,Spain,Male,69,6,"€ 36,108.50",3249765
15618926,Nwachukwu,520,Spain,Male,43,7,"€ 36,202.74",3258246.6
15673908,Chinweike,602,Germany,Female,42,6,"€ 131,886.46",11869781.4
15727944,Simpkinson,701,Germany,Female,48,1,"€ 133,992.36",12059312.4
15807294,Walker,653,Spain,Female,30,2,"€ 96,658.26",8699243.4
15618581,Diribe,668,Spain,Male,25,8,"€ 135,112.09",12160088.1
15584364,Trentini,652,FRA,Male,48,4,"€ 163,944.18",14754976.2
15599552,Conway,639,Spain,Female,54,2,"€ 53,843.71",4845933.9
15749177,Maslow,730,Spain,Female,52,7,"€ 122,398.84",11015895.6
15718779,Clark,780,FRA,Male,34,1,"€ 64,804.04",5832363.6
15568106,L?,592,FRA,Female,38,8,"€ 19,370.73",1743365.7
15779481,Swadling,628,France,Male,34,4,"€ 126,192.54",11357328.6
15709994,Gallo,658,French,Female,40,7,"€ 135,459.02",12191311.8
15772777,Onyemachukwu,850,Spain,Female,29,10,"€ 94,815.04",8533353.6
15706815,Samoylova,515,Germany,Male,37,2,"€ 188,366.04",16952943.6
15618018,Dickson,571,French,Female,35,1,"€ 178,512.52",16066126.8
15671032,He,760,Germany,Male,42,0,"€ 97,906.38",8811574.2
15634281,P'an,720,Germany,Female,43,10,"€ 72,861.94",6557574.6
15766374,Leak,632,Germany,Male,42,4,"€ 195,978.86",17638097.4
15600991,Artemieva,694,Germany,Male,31,6,"€ 19,448.93",1750403.7
15777576,Frost,559,Spain,Female,40,5,"€ 32,635.54",2937198.6
15742613,Warner,773,Germany,Female,42,8,"€ 171,733.22",15455989.8
15649523,Kennedy,581,French,Male,38,1,"€ 46,176.22",4155859.8
15651063,Ifeatu,524,Germany,Female,37,9,"€ 179,634.69",16167122.1
15683124,Evans,713,FRA,Male,53,6,"€ 191,521.32",17236918.8
15618314,Chu,676,FRA,Male,40,8,"€ 67,998.45",6119860.5
15670823,Hsueh,651,Germany,Female,42,1,"€ 44,731.80",4025862
15607133,Shih,717,Spain,Female,49,1,"€ 124,532.90",11207961
15615012,Fan,594,French,Male,23,5,"€ 160,968.44",14487159.6
15725141,Whiddon,716,France,Female,44,3,"€ 27,341.63",2460746.7
15623560,Onyekachukwu,668,FRA,Female,35,6,"€ 53,994.64",4859517.6
15693018,Ermakova,678,Germany,Male,23,10,"€ 91,633.53",8247017.7
15636756,Marino,545,French,Male,23,2,"€ 189,613.12",17065180.8
15647474,Niu,613,French,Female,40,9,"€ 60,706.33",5463569.7
15576714,Manna,687,Spain,Female,21,8,"€ 154,767.34",13929060.6
15585047,Onyemere,715,French,Male,28,7,"€ 196,853.11",17716779.9
15743976,Archer,618,Germany,Male,41,8,"€ 195,775.48",17619793.2
15793881,Mitchell,721,France,Female,35,6,"€ 3,086.89",277820.1
15576517,Everingham,445,Germany,Female,34,7,"€ 70,618.00",6355620
15631072,Huie,690,France,Male,38,1,"€ 55,034.02",4953061.8
15730394,Crowther,709,France,Female,43,8,"€ 168,035.62",15123205.8
15631460,Swift,671,Spain,Female,42,3,"€ 128,449.33",11560439.7
15692002,Skelton,538,French,Male,33,6,"€ 199,249.29",17932436.1
15595282,White,735,France,Female,33,4,"€ 149,474.69",13452722.1
15789548,Giordano,592,FRA,Female,37,7,"€ 126,726.33",11405369.7
15758035,Bateson,747,FRA,Male,61,7,"€ 147,554.26",13279883.4
15617518,Hu,675,Germany,Male,36,7,"€ 149,399.70",13445973
15651802,Day,632,Spain,Female,39,5,"€ 93,536.38",8418274.2
15631813,Beneventi,621,France,Male,39,6,"€ 58,883.91",5299551.9
15729668,Elizabeth,521,Spain,Male,29,3,"€ 154,271.41",13884426.9
15741728,Atkins,591,Spain,Male,36,7,"€ 122,022.89",10982060.1
15576676,Serrano,706,Germany,Female,28,6,"€ 50,299.14",4526922.6
15711378,Willis,677,France,Male,38,4,"€ 187,800.63",16902056.7
15765520,Stevenson,769,Germany,Male,27,7,"€ 171,344.09",15420968.1
15656726,Ch'ien,771,France,Male,32,5,"€ 40,920.59",3682853.1
15647842,Cunningham,601,Germany,Female,48,8,"€ 63,940.68",5754661.2
15719309,Stephens,670,FRA,Female,42,1,"€ 29,483.87",2653548.3
15748718,Gordon,517,FRA,Male,28,2,"€ 179,056.23",16115060.7
15594404,Bevan,834,France,Female,49,8,"€ 129,273.94",11634654.6
15751158,Mashman,571,FRA,Female,42,4,"€ 55,558.51",5000265.9
15593470,Tu,576,Germany,Female,36,8,"€ 23,305.85",2097526.5
15695129,Milanesi,718,French,Female,31,1,"€ 17,128.64",1541577.6
15640865,Romano,636,Germany,Female,31,9,"€ 74,641.90",6717771
15714080,Goliwe,566,Germany,Female,40,2,"€ 154,486.01",13903740.9
15648721,Hsueh,711,France,Male,64,4,"€ 3,185.67",286710.3
15801466,Gray,574,France,Female,39,2,"€ 88,463.63",7961726.7
15750248,Wright,619,French,Female,35,8,"€ 65,682.93",5911463.7
15758726,Chiemeka,588,French,Female,24,0,"€ 140,586.08",12652747.2
15781553,Chung,760,Germany,Female,49,9,"€ 117,232.90",10550961
15649121,Pinto,665,French,Male,52,3,"€ 116,137.01",10452330.9
15674811,Kellway,739,Germany,Male,29,3,"€ 105,533.96",9498056.4
15646037,Sopuluchi,641,FRA,Male,77,9,"€ 81,514.06",7336265.4
15722578,Spitzer,685,Germany,Female,21,6,"€ 164,966.27",14846964.3
15665695,Potter,594,France,Female,49,4,"€ 23,631.55",2126839.5
15801062,Matthews,557,Spain,Female,40,4,"€ 105,433.53",9489017.7
15662955,Nicholls,697,FRA,Male,27,8,"€ 90,591.15",8153203.5
15770309,McDonald,656,France,Male,18,10,"€ 127,014.32",11431288.8
15657386,Fiorentini,712,Germany,Male,43,1,"€ 90,905.26",8181473.4
15777797,Kovalyova,689,Spain,Male,38,5,"€ 8,651.92",778672.8
15783955,Miah,697,French,Female,25,4,"€ 15,467.98",1392118.2
15804516,Builder,589,French,Male,38,2,"€ 79,915.28",7192375.2
15681758,Baddeley,525,Spain,Female,25,10,"€ 69,361.95",6242575.5
15630321,Hu,680,FRA,Male,44,3,"€ 86,935.08",7824157.2
15588248,Hs?,617,FRA,Female,28,0,"€ 7,597.83",683804.7
15591932,Ford,680,FRA,Male,32,5,"€ 116,957.60",10526184
15810347,Todd,662,Spain,Female,30,9,"€ 157,884.83",14209634.7
15595303,Johnston,736,Germany,Male,46,5,"€ 77,981.54",7018338.6
15634950,Obiajulu,657,Germany,Male,57,8,"€ 126,369.55",11373259.5
15685372,Azubuike,350,Spain,Male,54,1,"€ 191,973.49",17277614.1
15745827,Padovesi,617,French,Male,30,3,"€ 142,940.39",12864635.1
15755868,Farmer,562,FRA,Male,35,7,"€ 48,869.67",4398270.3
15735222,Ignatieff,705,Spain,Female,23,5,"€ 73,131.73",6581855.7
15604804,Lu,516,FRA,Female,33,7,"€ 120,037.36",10803362.4
15718944,Artemiev,573,FRA,Female,37,6,"€ 193,995.37",17459583.3
15678626,Okonkwo,538,Spain,Female,31,0,"€ 179,453.66",16150829.4
15571550,Dore,699,France,Male,39,9,"€ 80,963.92",7286752.8
15723053,T'ang,504,Germany,Male,32,8,"€ 15,658.99",1409309.1
15661528,Ashbolt,583,Spain,Male,47,5,"€ 92,708.10",8343729
15754177,Bazarova,712,Spain,Male,53,2,"€ 26,542.17",2388795.3
15683544,Buccho,626,Spain,Male,62,3,"€ 65,010.74",5850966.6
15708048,Burn,631,France,Female,34,4,"€ 106,892.91",9620361.9
15701109,Andreyev,663,FRA,Female,37,7,"€ 185,210.63",16668956.7
15600110,Endrizzi,506,Germany,Female,41,3,"€ 4,035.46",363191.4
15651533,Brown,570,Germany,Female,50,5,"€ 177,805.44",16002489.6
15777904,Nock,703,France,Female,45,7,"€ 68,831.72",6194854.8
15655574,Okeke,698,Germany,Female,40,8,"€ 114,732.62",10325935.8
15569423,Cunningham,731,Spain,Male,41,4,"€ 22,299.27",2006934.3
15718106,Kelley,625,France,Male,34,6,"€ 197,283.20",17755488
15585067,Wilson,634,Spain,Male,31,9,"€ 179,485.96",16153736.4
15675501,Woods,616,French,Male,59,5,"€ 17,699.48",1592953.2
15633233,McFarland,500,France,Male,56,1,"€ 118,490.80",10664172
15667134,Cisneros,446,France,Male,32,8,"€ 133,292.94",11996364.6
15659105,Borchgrevink,669,France,Female,47,9,"€ 58,170.24",5235321.6
15575409,Rozhkova,581,Germany,Male,31,6,"€ 107,137.30",9642357
15752342,Bradley,704,Germany,Female,54,6,"€ 145,071.33",13056419.7
15654851,Obialo,748,FRA,Male,44,2,"€ 85,495.24",7694571.6
15741429,Hudson,680,Spain,Female,31,9,"€ 101,139.30",9102537
15682356,Veltri,655,FRA,Female,37,7,"€ 10,511.13",946001.7
15806447,Mazzanti,690,Germany,Male,32,0,"€ 137,916.49",12412484.1
15800229,Thorpe,695,Germany,Male,40,7,"€ 193,383.13",17404481.7
15663441,Golibe,700,Germany,Female,40,4,"€ 189,826.96",17084426.4
15791991,Udinesi,773,French,Male,52,4,"€ 144,113.42",12970207.8
15775082,Stewart,749,French,Male,42,1,"€ 143,538.51",12918465.9
15579706,Curtis,611,French,Female,46,5,"€ 77,677.14",6990942.6
15718247,Hayden,606,Spain,Female,46,8,"€ 183,717.94",16534614.6
15755722,H?,554,French,Male,24,10,"€ 92,180.62",8296255.8
15582259,Campbell,567,FRA,Female,37,7,"€ 28,690.90",2582181
15716994,Green,559,Spain,Male,24,3,"€ 85,891.02",7730191.8
15586880,P'eng,594,Germany,Male,41,2,"€ 42,050.24",3784521.6
15713854,Cremonesi,513,French,Female,37,6,"€ 110,142.34",9912810.6
15780835,Liang,652,Germany,Female,26,1,"€ 179,269.79",16134281.1
15675896,Gough,680,Germany,Female,42,7,"€ 90,558.24",8150241.6
15658459,Bates,784,Spain,Male,33,10,"€ 162,022.47",14582022.3
15658057,Padovesi,812,Spain,Female,44,8,"€ 66,926.83",6023414.7
15801767,Yin,784,Spain,Female,40,8,"€ 108,891.30",9800217
15569178,Kharlamov,570,FRA,Female,18,4,"€ 71,811.90",6463071
15731478,Nicholls,712,France,Female,42,1,"€ 92,223.59",8300123.1
15811236,Burns,705,Spain,Male,39,6,"€ 78,065.90",7025931
15746749,Fleming,681,Spain,Female,32,3,"€ 59,679.90",5371191
15662758,Watson,620,French,Male,41,0,"€ 85,000.32",7650028.8
15709387,Obiajulu,711,France,Male,52,5,"€ 159,808.95",14382805.5
15572093,Han,613,France,Female,24,7,"€ 129,001.30",11610117
15713826,Ferguson,613,Germany,Female,20,0,"€ 113,557.70",10220193
15570205,Tao,682,Spain,Male,36,5,"€ 147,758.51",13298265.9
15589348,Le Grand,850,Spain,Male,37,4,"€ 28,865.59",2597903.1
15804610,Valdez,601,France,Female,41,1,"€ 160,607.06",14454635.4
15700854,Cunningham,595,Spain,Male,35,8,"€ 100,015.79",9001421.1
15758836,Godfrey,675,Spain,Male,36,3,"€ 54,478.52",4903066.8
15772933,Mai,591,Spain,Male,31,8,"€ 141,677.33",12750959.7
15809006,Walker,602,France,Male,23,7,"€ 84,077.60",7566984
15689612,Pirozzi,554,Spain,Female,34,8,"€ 106,981.03",9628292.7
15744614,Feng,541,FRA,Male,37,9,"€ 73,551.44",6619629.6
15704250,Akabueze,506,French,Male,34,7,"€ 115,842.10",10425789
15700255,Robson,814,Germany,Male,44,8,"€ 107,013.59",9631223.1
15669410,Yevdokimova,683,French,Male,30,8,"€ 24,938.84",2244495.6
15807595,Ijendu,485,Germany,Male,51,7,"€ 51,113.14",4600182.6
15664523,Colombo,696,Germany,Female,31,8,"€ 33,828.64",3044577.6
15642833,Akubundu,608,FRA,Female,30,8,"€ 128,875.86",11598827.4
15605279,Francis,792,FRA,Male,50,9,"€ 194,700.81",17523072.9
15713644,Marshall,686,Spain,Male,22,5,"€ 158,974.45",14307700.5
15750466,Rhodes,790,Germany,Male,42,1,"€ 198,182.73",17836445.7
15739054,Y?,654,France,Female,29,4,"€ 141,404.07",12726366.3
15612771,Bell,452,French,Male,35,4,"€ 4,175.68",375811.2
15788483,Kerr,719,Spain,Male,38,0,"€ 126,876.47",11418882.3
15732832,Jideofor,707,FRA,Female,40,5,"€ 41,052.82",3694753.8
15772892,Robertson,699,French,Female,49,2,"€ 105,760.01",9518400.9
15713843,Kao,850,Spain,Male,30,2,"€ 27,937.12",2514340.8
15567993,Palmer,828,Spain,Male,28,8,"€ 79,355.87",7142028.3
15617603,Mackay,850,Germany,Male,30,5,"€ 102,180.27",9196224.3
15744983,Burgmann,712,Spain,Male,47,1,"€ 95,719.73",8614775.7
15630419,Davis,634,France,Male,44,9,"€ 57,121.51",5140935.9
15738828,Milano,730,Germany,Male,45,6,"€ 162,478.11",14623029.9
15778025,Dellucci,685,Germany,Male,43,9,"€ 194,808.51",17532765.9
15799479,Coles,809,Spain,Male,33,9,"€ 124,045.65",11164108.5
15684269,Gray,707,Spain,Female,35,3,"€ 17,987.40",1618866
15762745,Macvitie,648,Spain,Male,32,8,"€ 133,653.38",12028804.2
15746970,Townsend,760,Spain,Female,57,1,"€ 25,101.17",2259105.3
15725024,Pope,805,Germany,Female,33,3,"€ 33,330.89",2999780.1
15592116,Jensen,585,French,Female,39,7,"€ 2,401.26",216113.4
15624391,Thomson,595,Spain,Female,30,5,"€ 178,361.04",16052493.6
15567422,Chiazagomekpele,630,FRA,Male,42,6,"€ 162,697.93",14642813.7
15612627,Ozuluonye,627,Germany,Male,29,5,"€ 80,607.33",7254659.7
15574879,Wright,631,Germany,Female,37,2,"€ 23,146.62",2083195.8
15745107,Lung,776,Germany,Male,38,5,"€ 89,893.60",8090424
15734491,Lombardo,676,Spain,Female,36,4,"€ 3,173.31",285597.9
15675320,Leonard,758,Spain,Female,40,5,"€ 123,218.81",11089692.9
15643824,Johnston,637,French,Male,33,0,"€ 74,588.41",6712956.9
15643438,P'eng,850,FRA,Male,20,7,"€ 31,288.77",2815989.3
15721730,Amechi,601,Spain,Female,44,4,"€ 58,561.31",5270517.9
15680727,Fang,735,France,Male,49,5,"€ 148,804.36",13392392.4
15752508,Docherty,614,Germany,Male,32,7,"€ 51,117.06",4600535.4
15808846,Horton,672,Germany,Female,21,3,"€ 164,537.17",14808345.3
15727251,Vincent,642,French,Male,30,8,"€ 61,977.82",5578003.8
15663489,Onio,633,Germany,Female,29,0,"€ 193,362.99",17402669.1
15683677,Schiavone,769,Spain,Male,39,9,"€ 47,722.79",4295051.1
15596414,Chandler,796,Spain,Male,41,8,"€ 18,510.41",1665936.9
15730639,Fiorentino,715,French,Male,23,7,"€ 65,057.71",5855193.9
15672132,Butusov,695,France,Female,42,7,"€ 46,374.64",4173717.6
15742638,Wang,747,French,Female,25,4,"€ 42,039.67",3783570.3
15578603,Alexeieva,584,Germany,Female,54,1,"€ 138,192.98",12437368.2
15726088,Vinogradova,476,French,Male,40,6,"€ 22,735.45",2046190.5
15682533,Hughes,850,French,Female,39,7,"€ 186,910.74",16821966.6
15772995,Ts'ao,529,FRA,Male,30,2,"€ 75,285.47",6775692.3
15765694,Bage,584,Spain,Female,59,1,"€ 130,260.11",11723409.9
15659486,Yudina,586,Germany,Male,34,9,"€ 15,034.93",1353143.7
15568963,Naquin,674,Germany,Male,34,2,"€ 175,709.40",15813846
15703820,Endrizzi,552,FRA,Male,42,9,"€ 101,069.71",9096273.9
15569410,Tang,601,Germany,Female,33,7,"€ 153,012.13",13771091.7
15632256,Schroeder,541,French,Male,29,7,"€ 86,173.92",7755652.8
15724466,Swearingen,744,Germany,Female,41,2,"€ 197,548.63",17779376.7
15777639,McGregor,595,Spain,Female,23,10,"€ 37,042.80",3333852
15802501,Onyeorulu,724,Germany,Male,33,5,"€ 121,085.72",10897714.8
15778410,Clarke,533,Spain,Female,52,7,"€ 194,113.99",17470259.1
15670702,Smith,618,France,Male,37,2,"€ 101,273.23",9114590.7
15704763,Kozlova,523,Germany,Female,39,1,"€ 118,711.75",10684057.5
15645544,Nekrasov,642,Germany,Female,30,5,€ 582.53,52427.7
15757646,Olague,584,French,Male,35,9,"€ 192,381.21",17314308.9
15701121,Holt,521,France,Male,38,5,"€ 136,507.69",12285692.1
15796313,Olsen,662,FRA,Female,36,4,"€ 138,871.12",12498400.8
15815660,Mazzi,758,FRA,Female,34,1,"€ 60,728.89",5465600.1
15602844,Niu,717,French,Male,38,7,"€ 189,175.71",17025813.9
15636238,Graham,611,French,Male,40,1,"€ 102,547.56",9229280.4
15770101,Millar,766,Germany,Male,43,6,"€ 36,706.56",3303590.4
15645543,Bell,636,France,Female,34,3,"€ 44,756.25",4028062.5
15596397,Kelly,814,France,Female,48,7,"€ 132,870.15",11958313.5
15770525,T'an,760,Spain,Male,28,1,"€ 16,287.38",1465864.2
15684267,Davila,607,Germany,Male,39,2,"€ 121,945.42",10975087.8
15689980,Willis,725,Spain,Female,36,4,"€ 131,173.90",11805651
15633260,Dumetochukwu,600,France,Male,37,1,"€ 88,669.89",7980290.1
15756471,Giles,656,Germany,Male,27,4,"€ 160,835.30",14475177
15721303,O'Meara,640,Spain,Male,34,1,"€ 24,761.36",2228522.4
15802256,Yao,439,FRA,Male,28,7,"€ 138,526.96",12467426.4
15725664,Wallace,549,FRA,Female,38,8,"€ 157,442.75",14169847.5
15674851,T'ien,622,France,Male,38,5,"€ 105,295.77",9476619.3
15701946,Ndubueze,715,French,Male,34,4,"€ 97,782.92",8800462.8
15748947,Chukwuraenye,657,French,Female,41,5,"€ 68,255.88",6143029.2
15673342,K'ung,703,France,Male,36,2,"€ 108,790.95",9791185.5
15601008,Stevenson,802,FRA,Male,33,8,"€ 143,706.18",12933556.2
15771636,Marshall,793,Spain,Female,36,0,"€ 148,993.47",13409412.3
15642002,Hayward,554,FRA,Female,35,6,"€ 95,277.15",8574943.5
15693381,Tipton,533,Spain,Male,38,1,"€ 152,956.33",13766069.7
15607691,Gibson,658,France,Male,36,8,"€ 94,925.62",8543305.8
15589380,Fraser,713,Germany,Male,40,3,"€ 87,308.18",7857736.2
15603846,Fang,711,Spain,Male,37,2,"€ 83,978.86",7558097.4
15753549,Dubinina,669,French,Male,25,1,"€ 37,543.93",3378953.7
15725355,Morey,439,FRA,Female,43,8,"€ 104,889.30",9440037
15773017,Todd,763,Spain,Female,37,6,"€ 149,705.25",13473472.5
15625641,Forbes,697,Germany,Female,74,3,"€ 16,445.79",1480121.1
15776467,De Salis,702,Spain,Female,35,8,"€ 54,689.16",4922024.4
15746451,Barry,686,Spain,Male,41,7,"€ 194,913.86",17542247.4
15777922,Afamefuna,629,Spain,Male,36,1,"€ 146,371.72",13173454.8
15606841,Ibbott,823,FRA,Male,38,1,"€ 156,603.70",14094333
15757648,Marshall,683,Germany,Female,35,5,"€ 182,566.76",16431008.4
15677173,Law,555,French,Male,37,9,"€ 60,194.05",5417464.5
15764170,Pinto,647,Germany,Male,44,4,"€ 36,579.53",3292157.7
15610446,Chinedum,714,FRA,Female,51,4,"€ 5,862.53",527627.7
15612776,McKay,850,Spain,Female,39,10,"€ 143,030.09",12872708.1
15794122,Otutodilinna,713,France,Female,59,3,"€ 62,700.08",5643007.2
15774931,She,452,France,Male,30,7,"€ 99,017.34",8911560.6
15779247,Pai,683,Spain,Female,24,8,"€ 187,987.01",16918830.9
15707078,Kruglov,577,FRA,Female,26,1,"€ 123,454.62",11110915.8
15605263,Chin,552,FRA,Male,33,5,"€ 10,921.50",982935
15607381,King,769,Germany,Female,31,7,"€ 53,817.23",4843550.7
15683471,Hansen,691,FRA,Male,38,7,"€ 81,617.40",7345566
15605037,Ting,818,FRA,Female,49,2,"€ 192,298.84",17306895.6
15576085,Stone,739,France,Male,41,5,"€ 143,882.25",12949402.5
15770435,McLean,639,French,Female,50,6,"€ 53,130.41",4781736.9
15592994,Zikoranachidimma,651,French,Female,65,0,"€ 190,454.04",17140863.6
15624068,Fu,779,France,Female,26,0,"€ 111,906.00",10071540
15595221,Trevisano,850,Germany,Female,33,7,"€ 113,177.95",10186015.5
15637131,Fallaci,829,France,Male,38,9,"€ 30,529.88",2747689.2
15613471,Wiley,579,Germany,Male,31,2,"€ 18,800.13",1692011.7
15583499,Chiagoziem,510,France,Male,32,9,"€ 46,127.70",4151493
15752816,Murray,531,French,Male,29,3,"€ 75,585.48",6802693.2
15804075,Chuang,628,Germany,Female,36,3,"€ 63,085.94",5677734.6
15800517,Huang,633,Spain,Male,32,5,"€ 74,415.20",6697368
15712319,Chukwukere,714,Spain,Male,45,8,"€ 139,889.15",12590023.5
15797389,Hsia,604,Spain,Male,23,9,"€ 7,267.25",654052.5
15621432,Lee,630,Spain,Male,35,1,"€ 186,826.22",16814359.8
15779390,Theus,850,Spain,Female,31,4,"€ 162,149.07",14593416.3
15711219,Jennings,788,Germany,Female,57,8,"€ 180,150.49",16213544.1
15770498,Parker,798,French,Female,37,4,"€ 83,478.12",7513030.8
15678727,Tan,770,Germany,Male,45,4,"€ 26,163.74",2354736.6
15573893,Barry,569,Germany,Male,25,9,"€ 44,381.06",3994295.4
15740104,Tuan,425,Spain,Female,22,7,"€ 136,365.00",12272850
15792649,Patterson,547,Spain,Female,31,9,"€ 99,294.22",8936479.8
15605275,Ofodile,725,Germany,Male,45,8,"€ 173,464.43",15611798.7
15572467,Chandler,506,FRA,Male,37,5,"€ 127,543.81",11478942.9
15738219,Nash,632,FRA,Female,36,7,"€ 52,526.65",4727398.5
15600710,Atkinson,620,FRA,Male,22,0,"€ 32,589.45",2933050.5
15804394,Brenan,663,Germany,Male,32,8,"€ 47,161.25",4244512.5
15694188,Obidimkpa,700,Spain,Female,46,5,"€ 45,424.13",4088171.7
15583718,Terry,696,Germany,Male,38,6,"€ 8,018.49",721664.1
15802478,Spring,767,Spain,Male,31,6,"€ 195,668.00",17610120
15619343,Mahmood,561,French,Male,56,7,"€ 133,167.11",11985039.9
15758813,Campbell,350,Germany,Male,39,0,"€ 123,602.11",11124189.9
15761374,Bellucci,706,French,Male,54,9,"€ 186,238.85",16761496.5
15569209,Amaechi,464,Spain,Female,34,5,"€ 158,668.87",14280198.3
15788539,Foxall,501,French,Female,34,3,"€ 9,249.36",832442.4
15747222,Bentley,745,Spain,Female,35,8,"€ 116,581.10",10492299
15769346,Baird,587,French,Female,36,1,"€ 44,688.08",4021927.2
15699634,Howard,667,French,Female,48,2,"€ 148,608.39",13374755.1
15589076,Henry,737,French,Male,36,9,"€ 188,670.90",16980381
15812338,Sopuluchukwu,485,Spain,Female,30,7,"€ 107,067.37",9636063.3
15758845,Rocher,590,Spain,Female,37,0,"€ 61,759.33",5558339.7
15685844,White,518,Germany,Female,35,8,"€ 192,776.64",17349897.6
15583090,Komar,581,Spain,Female,29,8,"€ 46,735.19",4206167.1
15587581,Russo,785,Germany,Female,33,5,"€ 169,117.74",15220596.6
15633640,Loewenthal,799,French,Female,52,4,"€ 89,081.41",8017326.9
15573741,Aliyeva,698,Spain,Male,38,10,"€ 105,227.86",9470507.4
15633574,Montes,730,French,Female,41,4,"€ 128,246.81",11542212.9
15711455,Kuo,740,Germany,Female,36,4,"€ 94,554.74",8509926.6
15570601,Cheng,785,FRA,Female,47,9,"€ 33,823.50",3044115
15690925,McIntosh,527,Spain,Female,29,2,"€ 97,468.44",8772159.6
15709338,T'ao,544,French,Female,29,1,"€ 164,137.36",14772362.4
15780746,Tyndall,705,FRA,Male,61,4,"€ 191,313.70",17218233
15681956,Bailey,684,French,Male,34,9,"€ 65,257.57",5873181.3
15778190,Onyekaozulu,639,Spain,Female,28,8,"€ 178,222.77",16040049.3
15786852,Nwachukwu,565,Germany,Female,38,2,"€ 179,445.28",16150075.2
15726494,Romani,481,France,Male,44,9,"€ 65,500.53",5895047.7
15641183,Chin,731,Spain,Male,25,8,"€ 97,877.92",8809012.8
15805312,Bellucci,607,France,Male,45,7,"€ 113,051.57",10174641.3
15636572,Christmas,760,France,Female,32,7,"€ 105,969.05",9537214.5
15632575,Moore,559,France,Female,70,9,"€ 122,996.76",11069708.4
15740164,Genovesi,715,French,Female,33,3,"€ 68,087.15",6127843.5
15574947,Cartwright,656,French,Male,36,8,"€ 21,478.36",1933052.4
15597909,Johnstone,652,Germany,Male,33,7,"€ 158,437.73",14259395.7
15782574,Warner,624,Spain,Male,33,6,"€ 76,551.70",6889653
15734999,Stephenson,634,Spain,Male,36,2,"€ 15,887.68",1429891.2
15706593,Ellis,850,Spain,Female,50,10,"€ 33,741.84",3036765.6
15766686,Nebechi,659,Germany,Female,39,1,"€ 20,652.69",1858742.1
15590268,Chu,529,Spain,Male,35,5,"€ 112,781.50",10150335
15763055,Onuchukwu,572,Spain,Male,31,5,"€ 119,996.95",10799725.5
15664754,Steele,640,Germany,Male,39,9,"€ 6,981.43",628328.7
15643630,Quaife,770,Spain,Male,55,9,"€ 185,211.28",16669015.2
15641043,Scott,648,Spain,Male,35,7,"€ 78,436.36",7059272.4
15768095,Yeh,579,FRA,Male,31,9,"€ 139,048.00",12514320
15811314,Y?,589,Germany,Female,36,9,"€ 136,329.96",12269696.4
15669922,Conti,530,Spain,Female,36,2,"€ 14,721.80",1324962
15707114,Holder,831,France,Male,30,2,"€ 3,430.38",308734.2
15670602,Burgess,790,Germany,Male,24,7,"€ 160,450.21",14440518.9
15713479,Ozuluonye,656,French,Male,35,6,"€ 1,485.27",133674.3
15663830,De Luca,563,Spain,Male,32,6,"€ 19,720.08",1774807.2
15566958,Li Fonti,667,Spain,Male,39,7,"€ 41,183.02",3706471.8
15680918,Freeman,613,Spain,Male,34,8,"€ 139,410.08",12546907.2
15663921,Pisani,429,FRA,Male,60,7,"€ 163,691.48",14732233.2
15716324,Ignatieff,665,France,Female,23,9,"€ 115,147.33",10363259.7
15796969,Lahti,731,France,Male,33,4,"€ 74,945.11",6745059.9
15574783,Perkins,584,France,Female,37,1,"€ 180,363.56",16232720.4
15773487,Conway,634,Germany,Female,31,8,"€ 196,021.73",17641955.7
15802486,Hayes,488,FRA,Male,34,3,"€ 125,979.36",11338142.4
15783398,Rizzo,535,Spain,Female,49,7,"€ 111,421.77",10027959.3
15649418,Krylov,776,French,Female,29,7,"€ 115,818.51",10423665.9
15604588,Li Fonti,850,Spain,Female,38,3,"€ 179,360.76",16142468.4
15735428,Talbot,673,Spain,Female,37,0,"€ 82,351.06",7411595.4
15629078,Matthias,850,Germany,Female,45,5,"€ 192,744.23",17346980.7
15806880,Boyle,627,Spain,Female,30,6,"€ 113,408.47",10206762.3
15754999,Ch'eng,570,France,Female,33,8,"€ 124,641.42",11217727.8
15781034,Mason,796,Spain,Male,67,5,"€ 54,871.02",4938391.8
15622017,Bruno,773,Spain,Female,33,10,"€ 98,820.09",8893808.1
15705885,Smeaton,752,Spain,Male,36,2,"€ 45,570.84",4101375.6
15677382,Miller,625,Spain,Female,69,1,"€ 182,336.45",16410280.5
15566843,Gotch,535,Germany,Male,20,9,"€ 118,825.56",10694300.4
15608387,Fu,786,FRA,Female,29,4,"€ 103,372.79",9303551.1
15810786,O'Toole,620,France,Female,67,3,"€ 43,486.73",3913805.7
15626983,Ledford,605,Spain,Female,48,6,"€ 40,062.99",3605669.1
15773605,Iadanza,670,Spain,Female,32,3,"€ 46,175.70",4155813
15811261,Alaniz,617,Spain,Male,42,0,"€ 120,830.73",10874765.7
15590606,Saunders,595,French,Male,41,9,"€ 5,967.09",537038.1
15576644,Lin,687,Germany,Female,29,4,"€ 122,134.56",10992110.4
15750264,Pinto,757,Germany,Male,30,6,"€ 62,972.13",5667491.7
15741554,Streeter,746,Spain,Male,31,2,"€ 174,815.54",15733398.6
15769051,Shaw,503,Spain,Male,25,7,"€ 192,841.13",17355701.7
15812198,Chen,543,Germany,Male,48,1,"€ 33,310.72",2997964.8
15699772,Barclay,428,Germany,Female,40,3,"€ 72,876.43",6558878.7
15744105,Kodilinyechukwu,768,French,Female,28,3,"€ 50,911.41",4582026.9
15739858,Otitodilichukwu,618,FRA,Male,56,7,"€ 142,400.27",12816024.3
15723720,McKenzie,591,FRA,Female,31,7,"€ 48,778.46",4390061.4
15638355,Woods,658,French,Female,35,5,"€ 156,361.58",14072542.2
15805637,Hsing,625,France,Male,36,9,"€ 133,807.77",12042699.3
15629575,Wheare,717,French,Male,36,2,"€ 179,128.69",16121582.1
15586243,Yobachi,667,France,Male,44,8,"€ 91,810.71",8262963.9
15757931,Fang,804,French,Male,24,3,"€ 173,195.33",15587579.7
15716023,Pearson,693,France,Male,31,1,"€ 182,270.88",16404379.2
15647782,Brown,729,Germany,Male,36,8,"€ 177,130.33",15941729.7
15716609,L?,484,Germany,Male,54,3,"€ 49,954.79",4495931.1
15623791,Padovesi,632,Spain,Female,40,3,"€ 141,896.74",12770706.6
15627262,Soto,536,Germany,Male,23,6,"€ 120,661.71",10859553.9
15652693,Greco,573,French,Female,26,4,"€ 149,814.68",13483321.2
15586993,Giordano,655,Spain,Female,56,5,"€ 41,782.70",3760443
15815560,Bogle,666,Germany,Male,74,7,"€ 46,172.47",4155522.3
15584930,Grimmett,726,Germany,Male,30,5,"€ 2,704.09",243368.1
15799031,Ayers,523,France,Male,39,3,"€ 6,726.53",605387.7
15810457,Miller,728,Germany,Female,33,9,"€ 170,764.08",15368767.2
15697879,Webb,701,France,Male,30,3,"€ 45,742.42",4116817.8
15594902,Lombardi,518,French,Male,38,3,"€ 162,304.59",14607413.1
15799710,Wei,739,France,Male,37,7,"€ 80,883.82",7279543.8
15659651,Ross,531,Germany,Female,31,7,"€ 118,508.09",10665728.1
15645956,Jideofor,452,Spain,Male,44,3,"€ 69,697.74",6272796.6
15651713,King,684,French,Male,45,6,"€ 183,575.01",16521750.9
15737265,Nwokeocha,728,Germany,Male,39,6,"€ 161,203.60",14508324
15687310,Humphries,783,Spain,Male,39,9,"€ 143,752.77",12937749.3
15607347,Olisaemeka,734,French,Male,22,5,"€ 121,894.31",10970487.9
15698321,Yobanna,648,Germany,Male,34,3,"€ 147,055.87",13235028.3
15657812,Ch'iu,688,French,Male,52,1,"€ 172,033.57",15483021.3
15569187,Fleming,680,Spain,Male,35,9,"€ 143,774.06",12939665.4
15681562,Trevisan,516,French,Female,43,2,"€ 139,366.58",12542992.2
15615456,Aleksandrova,680,FRA,Female,37,10,"€ 81,776.84",7359915.6
15589793,Onwuamaeze,604,French,Male,53,8,"€ 190,998.96",17189906.4
15781884,Knox,624,Germany,Male,27,9,"€ 4,470.52",402346.8
15675190,Chia,623,France,Male,21,10,"€ 135,851.30",12226617
15600734,Townsend,624,Spain,Male,51,5,"€ 172,372.63",15513536.7
15779176,Dike,565,Germany,Female,58,3,"€ 135,875.51",12228795.9
15605286,Moyes,565,French,Male,55,4,"€ 128,124.70",11531223
15674922,Beavers,710,France,Male,54,6,"€ 167,023.95",15032155.5
15737506,Tretiakova,645,French,Male,42,6,"€ 149,807.01",13482630.9
15780514,Fuller,707,French,Male,33,8,"€ 54,290.62",4886155.8
15623647,Dellucci,655,Spain,Female,36,1,"€ 86,013.96",7741256.4
15668472,Ritchie,705,Spain,Female,24,5,"€ 79,886.06",7189745.4
15692416,Aikenhead,358,Spain,Female,52,8,"€ 141,959.11",12776319.9
15771139,Douglas,578,Germany,Male,34,8,"€ 66,680.77",6001269.3
15738318,Kung,800,French,Female,40,5,"€ 98,640.15",8877613.5
15772243,MacDonald,612,FRA,Female,33,9,"€ 142,797.50",12851775
15638463,Okwudilichukwu,681,Germany,Female,48,8,"€ 163,581.67",14722350.3
15598088,Ni,559,Spain,Male,25,5,"€ 163,221.22",14689909.8
15693468,Simmons,488,Spain,Female,39,9,"€ 12,440.44",1119639.6
15671930,H?,717,French,Female,36,5,"€ 145,551.60",13099644
15762268,Hancock,666,France,Female,41,10,"€ 50,908.48",4581763.2
15780954,Cran,582,Spain,Male,26,4,"€ 30,149.21",2713428.9
15700174,McKay,733,Spain,Female,30,0,"€ 57,769.20",5199228
15635728,P'an,693,FRA,Male,41,4,"€ 156,381.47",14074332.3
15679283,Parkhill,694,FRA,Female,33,4,"€ 178,123.86",16031147.4
15591386,Golubova,622,French,Female,35,5,"€ 51,112.80",4600152
15694192,Nwankwo,598,Spain,Female,38,6,"€ 173,783.38",15640504.2
15585901,Johnson,717,Spain,Male,35,1,"€ 174,770.14",15729312.6
15792329,Mao,494,Germany,Male,37,5,"€ 172,063.09",15485678.1
15635597,Echezonachukwu,644,FRA,Male,33,8,"€ 155,294.17",13976475.3
15775880,McElyea,554,France,Female,30,9,"€ 40,320.30",3628827
15630913,Rosas,476,Spain,Female,69,1,"€ 134,260.34",12083430.6
15756680,Phillips,667,France,Male,28,6,"€ 147,090.90",13238181
15587913,Palerma,748,Spain,Female,40,4,"€ 132,368.47",11913162.3
15737605,Morris,531,Spain,Female,45,1,"€ 164,741.50",14826735
15627876,Pavlova,719,Spain,Female,47,9,"€ 63,051.32",5674618.8
15772601,Lu,845,Germany,Female,41,2,"€ 199,761.29",17978516.1
15758606,Yamamoto,738,FRA,Male,54,4,"€ 55,725.04",5015253.6
15657107,Angelo,563,Spain,Female,46,8,"€ 163,145.50",14683095
15622454,Zaitsev,695,Spain,Male,28,0,"€ 57,992.49",5219324.1
15775803,Cawker,841,Spain,Male,41,1,"€ 193,093.77",17378439.3
15570859,Froggatt,626,Germany,Male,36,2,"€ 57,531.14",5177802.6
15748381,Gorbunov,613,FRA,Female,29,6,"€ 77,242.19",6951797.1
15787189,Tai,824,Germany,Male,60,8,"€ 153,046.16",13774154.4
15666055,Rowe,705,French,Female,49,7,"€ 63,405.20",5706468
15617648,Mikkelsen,584,France,Female,44,5,"€ 106,564.88",9590839.2
15755678,Kovalyov,534,French,Male,62,2,"€ 42,763.12",3848680.8
15624781,Mbanefo,672,France,Female,34,1,"€ 168,753.34",15187800.6
15779497,Ts'ai,603,FRA,Male,43,5,"€ 19,483.35",1753501.5
15567399,Enderby,633,Germany,Male,43,3,"€ 158,646.46",14278181.4
15613656,Lombardi,842,French,Male,58,1,"€ 83,172.19",7485497.1
15734311,Hamilton,661,France,Female,27,3,"€ 76,889.79",6920081.1
15657214,Hsia,601,FRA,Male,74,2,"€ 51,554.58",4639912.2
15799350,Mao,632,FRA,Male,41,0,"€ 105,570.39",9501335.1
15729970,Ugochukwu,684,Germany,Male,29,8,"€ 79,495.01",7154550.9
15725835,West,785,Germany,Female,32,3,"€ 52,583.79",4732541.1
15745543,Hughes,687,France,Male,39,7,"€ 26,848.25",2416342.5
15727384,Chukwuemeka,705,Germany,Female,43,10,"€ 10,072.55",906529.5
15666916,Lira,639,France,Male,43,6,"€ 187,296.78",16856710.2
15732917,Li,729,Germany,Male,46,5,"€ 104,016.61",9361494.9
15612050,Castiglione,556,Spain,Female,48,8,"€ 151,310.16",13617914.4
15726267,Paterson,570,France,Male,32,9,"€ 62,810.91",5652981.9
15780124,Blair,841,French,Male,74,9,"€ 60,830.38",5474734.2
15742238,Dellucci,705,Germany,Male,35,4,"€ 116,672.02",10500481.8
15679024,Udinesi,553,France,Male,32,3,"€ 77,304.49",6957404.1
15715297,Yuan,779,Germany,Female,40,2,"€ 52,894.01",4760460.9
15633612,Yuryeva,696,French,Male,28,4,"€ 116,471.43",10482428.7
15602929,Wilson,728,Spain,Female,37,4,"€ 4,539.38",408544.2
15696703,Dean,691,Germany,Male,27,3,"€ 142,367.72",12813094.8
15756668,Ross,706,FRA,Male,30,3,"€ 110,520.48",9946843.2
15565779,Kent,627,Germany,Female,30,6,"€ 188,258.49",16943264.1
15795519,Vasiliev,716,Germany,Female,18,3,"€ 197,322.13",17758991.7
15761477,Golibe,501,Germany,Male,24,4,"€ 80,241.14",7221702.6
15731890,Chukwukere,601,France,Male,41,1,"€ 172,814.99",15553349.1
15633043,Fedorova,545,Spain,Female,39,6,"€ 38,410.74",3456966.6
15752953,Chien,634,FRA,Male,45,9,"€ 17,622.82",1586053.8
15603088,Rossi,451,Spain,Female,23,9,"€ 48,021.71",4321953.9
15606613,Samson,655,France,Female,59,7,"€ 88,958.49",8006264.1
15635939,Fenton,458,FRA,Female,39,9,"€ 116,343.09",10470878.1
15666043,Mackey,520,FRA,Male,33,4,"€ 166,102.61",14949234.9
15746190,Payton,624,Spain,Female,28,2,"€ 104,353.26",9391793.4
15591357,Cowger,765,France,Male,51,3,"€ 115,429.32",10388638.8
15658716,Banks,667,Germany,Female,37,5,"€ 178,106.34",16029570.6
15679909,Pugliesi,665,Spain,Male,41,8,"€ 132,152.32",11893708.8
15634262,Fantin,709,Germany,Male,34,4,"€ 21,521.38",1936924.2
15799825,Bentley,583,French,Female,44,8,"€ 27,431.62",2468845.8
15756875,Freeman,782,Spain,Male,34,6,"€ 42,143.61",3792924.9
15678146,Wong,668,Spain,Female,24,7,"€ 106,457.11",9581139.9
15710743,Onwuamaeze,621,FRA,Male,47,0,"€ 133,831.37",12044823.3
15595831,Shen,579,Germany,Female,64,6,"€ 164,083.72",14767534.8
15626684,Huang,547,French,Female,38,5,"€ 159,207.34",14328660.6
15709846,Yeh,840,French,Female,39,1,"€ 84,487.62",7603885.8
15635459,Shih,667,Germany,Female,27,3,"€ 3,674.71",330723.9
15642544,Henderson,723,FRA,Male,34,5,"€ 12,092.03",1088282.7
15566494,Fang,487,French,Male,45,2,"€ 77,475.73",6972815.7
15655238,Dellucci,668,French,Female,31,9,"€ 41,291.73",3716255.7
15733429,Chou,520,Germany,Male,34,8,€ 343.38,30904.2
15814536,Conti,549,French,Male,37,2,"€ 47,432.43",4268918.7
15771702,Roberts,567,France,Female,35,5,"€ 127,827.18",11504446.2
15723008,Lo Duca,720,FRA,Female,45,1,"€ 35,633.15",3206983.5
15797160,Glover,492,French,Female,49,8,"€ 182,865.09",16457858.1
15792222,Johnstone,712,France,Female,37,1,"€ 169,386.81",15244812.9
15644765,Ashton,689,Germany,Male,26,4,"€ 149,073.88",13416649.2
15610686,Melton,850,French,Male,63,8,"€ 184,107.26",16569653.4
15730868,Marshall,747,France,Male,41,5,"€ 22,750.17",2047515.3
15705991,Kenenna,469,Germany,Male,38,9,"€ 11,950.29",1075526.1
15577078,Zakharov,539,Spain,Male,38,6,"€ 152,880.07",13759206.3
15679550,Chukwualuka,743,French,Male,32,9,"€ 175,252.78",15772750.2
15787655,Chu,707,FRA,Male,47,3,"€ 174,303.29",15687296.1
15668081,Capon,581,Spain,Female,50,4,"€ 80,701.72",7263154.8
15747980,Cattaneo,737,Spain,Male,38,6,"€ 198,516.20",17866458
15710295,Patrick,445,Germany,Female,38,6,"€ 175,756.36",15818072.4
15724443,Taylor,703,Germany,Female,29,3,"€ 82,824.08",7454167.2
15571305,Stephenson,588,Germany,Female,35,1,"€ 179,866.01",16187940.9
15569503,Yeh,765,FRA,Male,44,6,"€ 159,899.97",14390997.3
15581840,DeRose,626,French,Male,33,8,"€ 138,504.28",12465385.2
15772262,Vavilov,545,Germany,Male,37,9,"€ 127,394.67",11465520.3
15767794,Browne,744,French,Male,31,9,"€ 58,961.49",5306534.1
15629338,Collingridge de Tourcey,658,Spain,Female,31,2,"€ 103,644.98",9328048.2
15790379,Rowe,629,Germany,Male,28,8,"€ 119,647.70",10768293
15750684,Jibunoh,719,FRA,Female,42,4,"€ 28,465.86",2561927.4
15697214,Korovin,686,Spain,Female,36,5,"€ 152,979.14",13768122.6
15711015,Hammonds,743,FRA,Male,36,4,"€ 190,911.02",17181991.8
15573309,Ward,626,Spain,Female,48,2,"€ 95,794.98",8621548.2
15805303,Olisanugo,661,Germany,Male,44,1,"€ 189,742.78",17076850.2
15741385,Gallop,710,Germany,Male,45,9,"€ 188,574.08",16971667.2
15780254,Gartrell,654,French,Male,40,6,"€ 183,872.88",16548559.2
15744843,K'ung,569,Spain,Female,34,6,"€ 196,555.32",17689978.8
15815626,Oluchi,640,FRA,Male,63,2,"€ 112,503.24",10125291.6
15784736,Jamieson,562,FRA,Male,45,6,"€ 46,864.00",4217760
15813412,Barlow,721,France,Female,55,3,"€ 65,864.40",5927796
15809143,White,456,Germany,Male,32,9,"€ 125,167.92",11265112.8
15617617,Stewart,811,Spain,Male,39,7,"€ 177,519.39",15976745.1
15779738,Buccho,534,France,Male,24,1,"€ 169,653.32",15268798.8
15668669,Benson,423,France,Female,36,5,"€ 118,372.55",10653529.5
15687477,Thompson,594,Germany,Male,28,5,"€ 16,481.12",1483300.8
15578908,Todd,725,Spain,Female,32,0,"€ 138,525.19",12467267.1
15687658,Burgin,716,FRA,Female,52,7,"€ 14,608.00",1314720
15615020,Nnaife,595,Germany,Female,41,9,"€ 81,548.38",7339354.2
15608886,Okwudiliolisa,679,FRA,Female,33,1,"€ 69,608.48",6264763.2
15602551,Johnson,667,Spain,Male,39,9,"€ 68,873.80",6198642
15672945,Parkes,661,FRA,Female,37,5,"€ 81,102.81",7299252.9
15757408,Lo,655,Spain,Male,38,3,"€ 81,054.00",7294860
15806132,Martin,555,French,Male,55,4,"€ 74,149.77",6673479.3
15813022,Kapustina,531,Spain,Male,70,1,"€ 99,503.19",8955287.1
15673578,Page,611,Germany,Female,40,7,"€ 10,109.47",909852.3
15757916,Amaechi,600,FRA,Female,38,9,"€ 58,855.85",5297026.5
15689168,Munro,531,Spain,Male,37,1,"€ 84,402.46",7596221.4
15769216,Panicucci,601,French,Female,43,2,"€ 49,713.87",4474248.3
15593295,Greathouse,548,French,Male,57,6,"€ 133,537.53",12018377.7
15804814,Ts'ui,759,France,Male,40,4,"€ 124,615.59",11215403.1
15778934,Napolitani,678,Spain,Female,49,8,"€ 98,090.69",8828162.1
15802351,Beers,755,Germany,Female,33,6,"€ 42,607.69",3834692.1
15630241,Tretyakova,594,France,Male,61,3,"€ 192,434.11",17319069.9
15719561,Lin,768,French,Male,42,5,"€ 60,686.40",5461776
15615096,Costa,492,FRA,Female,31,7,"€ 49,463.44",4451709.6
15659931,Ibezimako,637,Germany,Female,55,1,"€ 81,431.99",7328879.1
15714586,Marcelo,646,Spain,Female,42,3,"€ 22,909.56",2061860.4
15634949,Hay,593,Germany,Male,74,5,"€ 65,532.17",5897895.3
15589224,Moore,596,Spain,Male,41,5,"€ 141,053.85",12694846.5
15795990,Lumholtz,722,Germany,Female,48,10,"€ 3,472.63",312536.7
15603216,Simpson,642,France,Male,25,7,"€ 102,083.78",9187540.2
15631201,Hill,472,Spain,Female,28,4,"€ 1,801.77",162159.3
15686255,Mouzon,738,Germany,Male,35,6,"€ 85,185.44",7666689.6
15746594,Wu,732,Spain,Male,33,8,"€ 119,882.70",10789443
15718893,Pirozzi,404,Germany,Female,54,4,"€ 83,715.66",7534409.4
15671609,Ibeabuchi,701,FRA,Male,44,7,"€ 23,425.78",2108320.2
15652540,Garnsey,683,France,Male,31,2,"€ 77,326.78",6959410.2
15774857,Synnot,460,French,Female,27,7,"€ 156,150.08",14053507.2
15791836,Wildman,690,France,Male,29,5,"€ 108,577.97",9772017.3
15651554,Anenechukwu,618,Germany,Female,54,4,"€ 133,573.29",12021596.1
15583576,Tai,671,France,Male,30,2,"€ 102,057.86",9185207.4
15732740,Plant,765,Spain,Female,32,9,"€ 47,247.56",4252280.4
15723320,Azubuike,651,Germany,Female,25,2,"€ 114,566.47",10310982.3
15603851,Galkin,704,France,Male,32,7,"€ 184,464.70",16601823
15777923,Johnston,544,French,Female,45,6,"€ 151,401.33",13626119.7
15735719,Babbage,790,French,Female,40,9,"€ 70,607.10",6354639
15703482,Walker,710,Germany,Male,34,9,"€ 147,074.67",13236720.3
15605835,Rice,743,French,Male,37,8,"€ 105,780.18",9520216.2
15664881,Norton,702,French,Male,34,4,"€ 109,496.45",9854680.5
15757568,Bogolyubov,704,France,Female,45,6,"€ 137,739.45",12396550.5
15792660,Gibbons,614,French,Male,38,2,"€ 105,140.92",9462682.8
15599722,Chia,609,Spain,Female,43,6,"€ 113,276.46",10194881.4
15726354,Smith,688,FRA,Female,32,6,"€ 172,531.23",15527810.7
15610355,Hunter,713,French,Male,44,1,"€ 64,375.40",5793786
15704284,Ekechukwu,736,Germany,Male,57,9,"€ 28,434.44",2559099.6
15621893,Bellucci,727,French,Male,18,4,"€ 46,941.41",4224726.9
15588219,Ford,850,French,Female,38,1,"€ 29,333.01",2639970.9
15688619,Scott,718,Spain,Male,45,3,"€ 193,724.51",17435205.9
15765518,Gregson,643,France,Female,51,2,"€ 34,967.75",3147097.5
15616931,Moore,653,FRA,Male,41,8,"€ 55,663.85",5009746.5
15758372,Wallace,674,French,Male,18,7,"€ 55,753.12",5017780.8
15782591,Cook,690,FRA,Male,35,6,"€ 176,962.31",15926607.9
15612109,Speth,819,FRA,Male,38,9,"€ 181,507.44",16335669.6
15613712,Boag,634,Spain,Male,34,1,"€ 61,995.57",5579601.3
15639322,Grave,633,Spain,Male,33,4,"€ 98,349.13",8851421.7
15594349,Streeten,850,FRA,Male,49,5,"€ 59,748.19",5377337.1
15574167,Fox,665,French,Male,33,2,"€ 159,840.51",14385645.9
15811842,Artemyeva,630,Spain,Male,26,7,"€ 6,656.64",599097.6
15648794,Giordano,836,Spain,Male,57,4,"€ 37,141.62",3342745.8
15771211,Perkins,668,French,Male,38,10,"€ 37,094.75",3338527.5
15588614,Walton,753,French,Male,57,7,"€ 159,475.08",14352757.2
15630698,Hay,745,France,Female,55,9,"€ 51,548.14",4639332.6
15694200,Gardner,693,French,Male,36,8,"€ 58,719.63",5284766.7
15721426,Milne,606,Germany,Male,65,10,"€ 7,861.68",707551.2
15725997,She,660,French,Female,35,6,"€ 19,199.61",1727964.9
15762138,Hu,608,France,Male,42,5,"€ 178,504.29",16065386.1
15750649,Uwakwe,744,French,Female,44,3,"€ 189,016.14",17011452.6
15685706,Bird,731,France,Female,40,7,"€ 156,048.64",14044377.6
15641835,Anderson,683,French,Male,72,3,"€ 52,876.41",4758876.9
15586821,Bellew,727,French,Male,28,5,"€ 19,653.08",1768777.2
15569678,Cocci,561,Germany,Male,32,6,"€ 139,451.98",12550678.2
15793842,Krichauff,700,FRA,Female,34,2,"€ 128,136.29",11532266.1
15667554,Cameron,605,France,Male,35,6,"€ 45,206.57",4068591.3
15794479,Becker,767,Spain,Male,77,8,"€ 190,146.83",17113214.7
15585041,Ainsworth,511,French,Male,33,7,"€ 158,313.87",14248248.3
15780650,Biryukov,667,France,Male,40,9,"€ 96,670.20",8700318
15780846,Redding,787,French,Male,33,1,"€ 62,163.53",5594717.7
15805260,Wood,705,Germany,Female,56,2,"€ 88,428.41",7958556.9
15621629,Scott,773,Germany,Male,43,8,"€ 35,908.46",3231761.4
15662151,Gould,554,FRA,Male,40,4,"€ 168,780.04",15190203.6
15747174,Hao,526,Germany,Male,58,9,"€ 191,263.76",17213738.4
15651585,Power,661,Germany,Male,35,2,"€ 83,052.03",7474682.7
15649738,White,698,FRA,Female,46,0,"€ 125,962.02",11336581.8
15633108,Thorpe,646,French,Male,26,4,"€ 164,696.27",14822664.3
15769254,Tuan,757,Germany,Female,34,9,"€ 187,011.96",16831076.4
15704746,Inman,699,Spain,Male,35,2,"€ 55,324.49",4979204.1
15637644,Hanson,667,France,Female,24,4,"€ 34,335.55",3090199.5
15609562,MacDonald,774,Spain,Female,43,1,"€ 17,004.14",1530372.6
15787459,Parkes,745,Spain,Male,40,3,"€ 116,331.42",10469827.8
15762902,Stanley,649,France,Female,42,7,"€ 22,974.01",2067660.9
15738605,Fischer,634,Germany,Female,46,5,"€ 49,725.16",4475264.4
15724889,Chinweuba,665,Spain,Male,38,9,"€ 87,412.74",7867146.6
15730735,Henning,713,France,Male,38,9,"€ 26,136.89",2352320.1
15689147,Ogochukwu,652,FRA,Female,40,1,"€ 126,554.96",11389946.4
15730397,Narelle,739,Spain,Male,40,1,"€ 193,321.30",17398917
15762169,Bergman,556,Germany,Male,37,9,"€ 90,928.02",8183521.8
15589320,Sagese,699,Spain,Male,34,8,"€ 76,510.46",6885941.4
15799211,Anenechi,708,Spain,Female,32,8,"€ 120,115.50",10810395
15798310,Palerma,480,French,Male,35,2,"€ 197,984.58",17818612.2
15609998,Okwudilichukwu,700,Germany,Female,59,5,"€ 142,977.05",12867934.5
15583548,Harrison,525,Spain,Female,47,6,"€ 82,522.61",7427034.9
15761763,Jamieson,845,FRA,Male,33,8,"€ 150,664.97",13559847.3
15764409,Goodman,613,France,Male,37,9,"€ 114,153.44",10273809.6
15710161,Ko,850,FRA,Female,34,2,"€ 171,706.66",15453599.4
15735246,Norman,798,Spain,Female,58,9,"€ 119,071.56",10716440.4
15791700,Ugochukwutubelum,773,Germany,Male,47,2,"€ 143,007.49",12870674.1
15670753,Uvarova,614,Spain,Male,35,2,"€ 31,302.35",2817211.5
15573876,Chia,473,Spain,Male,48,8,"€ 71,139.80",6402582
15770174,Piazza,762,FRA,Male,29,6,"€ 54,122.89",4871060.1
15641114,Power,701,FRA,Male,37,8,"€ 120,031.29",10802816.1
15682435,P'eng,600,France,Male,35,4,"€ 104,076.51",9366885.9
15751788,Johnson,850,Spain,Male,28,9,"€ 175,853.64",15826827.6
15672598,Walker,613,Spain,Male,30,9,"€ 175,795.87",15821628.3
15762803,Innes,509,FRA,Male,31,3,"€ 15,360.91",1382481.9
15812982,Francis,509,Spain,Male,38,2,"€ 168,460.12",15161410.8
15597901,Chidozie,609,French,Male,34,1,"€ 181,177.90",16306011
15731507,Mackenzie,456,France,Female,33,1,"€ 58,363.94",5252754.6
15809826,Craigie,728,France,Female,46,2,"€ 20,276.87",1824918.3
15764237,Manfrin,663,Spain,Male,33,9,"€ 91,514.62",8236315.8
15769917,Onyekachi,673,Germany,Female,34,1,"€ 76,703.10",6903279
15641850,Pethard,717,French,Male,40,0,"€ 110,887.14",9979842.6
15770974,Nwabugwu,741,Germany,Female,37,8,"€ 109,843.16",9885884.4
15803749,DeRose,498,Germany,Female,41,4,"€ 12,577.21",1131948.9
15684999,Ch'eng,850,French,Female,26,4,"€ 179,365.10",16142859
15770225,Padovesi,493,France,Male,36,9,"€ 65,816.53",5923487.7
15627484,Obielumani,686,French,Female,47,5,"€ 124,170.90",11175381
15610337,Stephens,666,Spain,Male,35,2,"€ 175,015.12",15751360.8
15752488,Emery,733,Spain,Female,31,9,"€ 115,441.66",10389749.4
15610056,Dufresne,631,Germany,Female,34,6,"€ 128,247.03",11542232.7
15806049,Lee,714,Germany,Female,49,5,"€ 141,914.94",12772344.6
15736069,Hsing,767,Germany,Female,35,6,"€ 115,566.57",10400991.3
15763662,Longo,711,Germany,Male,43,2,"€ 175,423.69",15788132.1
15615575,Vial,722,French,Male,34,8,"€ 133,447.49",12010274.1
15691723,Chukwudi,631,Spain,Male,55,9,"€ 114,474.98",10302748.2
15774098,Grant,701,Germany,Male,38,3,"€ 52,044.66",4684019.4
15750808,Ma,790,Spain,Male,46,2,"€ 180,290.68",16226161.2
15744368,Sun,633,Spain,Male,58,6,"€ 132,034.13",11883071.7
15610594,Moss,644,FRA,Female,37,8,"€ 20,968.88",1887199.2
15756125,Booth,757,Spain,Male,44,5,"€ 158,735.10",14286159
15623277,Ross,696,France,Female,30,8,"€ 196,134.44",17652099.6
15795954,Ndukaku,746,France,Male,35,2,"€ 22,374.97",2013747.3
15671969,Pruneda,649,Spain,Male,36,8,"€ 161,668.15",14550133.5
15791268,Neumann,565,Spain,Male,38,0,"€ 67,339.34",6060540.6
15713655,Calabrese,720,French,Female,38,10,"€ 56,229.72",5060674.8
15633930,Yobachukwu,648,Spain,Female,56,6,"€ 140,991.23",12689210.7
15712849,Tung,632,Germany,Male,41,3,"€ 177,644.52",15988006.8
15639077,Marchesi,622,FRA,Female,30,2,"€ 142,342.55",12810829.5
15808784,Hess,835,France,Male,28,2,"€ 154,559.28",13910335.2
15648577,Pickering,493,France,Female,31,3,"€ 176,570.28",15891325.2
15670345,Mazzi,785,Germany,Female,33,6,"€ 191,961.83",17276564.7
15633112,Madukaego,681,Germany,Male,42,3,"€ 9,452.88",850759.2
15714397,Trentino,621,Germany,Female,30,2,"€ 165,257.31",14873157.9
15780038,Paterson,756,Spain,Male,38,6,"€ 169,763.89",15278750.1
15756305,Marchesi,515,French,Female,66,6,"€ 160,663.11",14459679.9
15578799,Anayolisa,625,FRA,Female,58,10,"€ 192,072.10",17286489
15800326,Poole,717,Spain,Female,39,6,"€ 93,275.61",8394804.9
15785485,Zhou,595,Germany,Female,41,2,"€ 112,269.67",10104270.3
15783958,Bates,539,Spain,Female,37,1,"€ 2,186.83",196814.7
15727546,Olejuru,762,French,Male,35,9,"€ 43,075.70",3876813
15739576,Bustard,706,Spain,Male,20,8,"€ 12,368.11",1113129.9
15631333,Wade,677,Spain,Female,25,8,"€ 42,410.21",3816918.9
15604782,Tan,733,Germany,Female,33,7,"€ 190,430.81",17138772.9
15589643,Ngozichukwuka,684,Spain,Female,41,7,"€ 138,394.37",12455493.3
15585533,Calabrese,679,FRA,Male,36,6,"€ 172,501.38",15525124.2
15681506,Lane,478,Spain,Male,43,1,"€ 197,916.43",17812478.7
15630551,Forbes,696,FRA,Male,33,2,"€ 7,035.36",633182.4
15698349,Davy,686,Spain,Female,35,4,"€ 159,676.55",14370889.5
15776631,Ma,466,France,Female,36,5,"€ 80,603.99",7254359.1
15762216,Barrera,686,FRA,Female,41,4,"€ 187,599.80",16883982
15623927,Alexander,576,France,Male,55,9,"€ 94,450.97",8500587.3
15681402,Ngozichukwuka,763,Germany,Female,61,1,"€ 143,981.27",12958314.3
15586264,Murray,572,France,Male,43,2,"€ 26,450.57",2380551.3
15594685,Hall,757,French,Female,49,2,"€ 164,482.92",14803462.8
15812945,Padovesi,582,France,Female,29,0,"€ 84,012.81",7561152.9
15734628,Lysaght,623,France,Female,35,5,"€ 101,192.08",9107287.2
15629323,Kelechi,617,Germany,Female,37,4,"€ 175,324.74",15779226.6
15666823,Nebechi,425,France,Male,39,4,"€ 197,226.32",17750368.8
15777553,Hanson,659,FRA,Female,56,9,"€ 99,504.03",8955362.7
15613097,Kao,605,French,Female,33,4,"€ 83,700.66",7533059.4
15622217,Tu,538,French,Female,38,8,"€ 28,226.15",2540353.5
15703588,Palerma,665,Germany,Male,25,5,"€ 35,321.65",3178948.5
15570835,Fallaci,491,Germany,Female,57,4,"€ 41,229.73",3710675.7
15679299,Shen,726,Spain,Female,27,7,"€ 78,970.58",7107352.2
15808044,Ts'ui,580,France,Female,65,9,"€ 107,890.69",9710162.1
15579208,Chikezie,550,France,Female,48,6,"€ 191,870.28",17268325.2
15684951,He,542,French,Female,59,2,"€ 7,905.06",711455.4
15667620,Dreyer,732,France,Female,43,6,"€ 65,731.53",5915837.7
15582960,Short,473,FRA,Female,33,5,"€ 145,698.73",13112885.7
15590730,Hunt,745,Spain,Male,34,9,"€ 50,046.25",4504162.5
15763747,Ricci,732,French,Male,36,7,"€ 60,830.24",5474721.6
15778320,Teng,848,Germany,Female,40,5,"€ 158,853.98",14296858.2
15642787,Ijendu,572,French,Male,37,1,"€ 111,243.09",10011878.1
15624633,Kibby,702,FRA,Male,45,9,"€ 171,014.69",15391322.1
15766765,Obiuto,664,Germany,Male,39,7,"€ 170,835.32",15375178.8
15783615,Ramos,630,Germany,Male,50,3,"€ 47,775.34",4299780.6
15640161,Calabrese,618,Germany,Male,44,5,"€ 139,297.71",12536793.9
15619889,Vasin,556,FRA,Male,26,4,"€ 195,167.38",17565064.2
15579166,Munro,619,French,Female,30,7,"€ 160,948.87",14485398.3
15789097,Keeley,644,French,Male,48,8,"€ 44,965.54",4046898.6
15674880,Archer,658,Spain,Male,50,2,"€ 52,137.73",4692395.7
15778157,Murray,598,Spain,Male,27,8,"€ 109,296.18",9836656.2
15779064,Chidiegwu,677,French,Male,27,2,"€ 20,092.89",1808360.1
15801265,Tang,689,Spain,Female,45,0,"€ 197,804.00",17802360
15589204,Farrar,591,France,Male,33,9,"€ 118,782.06",10690385.4
15664543,Shaw,699,France,Male,40,7,"€ 152,876.13",13758851.7
15582714,Napolitani,749,Germany,Male,47,9,"€ 135,655.29",12208976.1
15797595,Greenhalgh,709,France,Female,40,9,"€ 103,970.58",9357352.2
15614034,Martin,607,Germany,Male,61,2,"€ 35,786.76",3220808.4
15763171,Hu,650,Germany,Female,25,2,"€ 25,325.07",2279256.3
15647266,Y?an,651,Spain,Female,45,10,"€ 18,732.84",1685955.6
15757577,Odili,676,French,Female,61,8,"€ 118,522.73",10667045.7
15736656,H?,723,FRA,Female,49,4,"€ 89,972.25",8097502.5
15635078,Chiemela,714,Spain,Male,45,0,"€ 187,194.15",16847473.5
15680141,Yuan,759,Spain,Female,35,7,"€ 106,785.70",9610713
15576945,Clements,582,France,Male,29,0,"€ 142,516.35",12826471.5
15602034,Kolesnikov,697,French,Female,34,2,"€ 73,334.43",6600098.7
15732020,Rutherford,610,Germany,Male,57,6,"€ 186,612.47",16795122.3
15611029,Hsiung,488,Germany,Female,33,4,"€ 123,613.81",11125242.9
15621210,Angelo,599,Germany,Male,46,9,"€ 31,368.08",2823127.2
15569222,Mendes,781,French,Male,32,6,"€ 40,066.95",3606025.5
15664639,McGregor,645,French,Male,19,9,"€ 175,969.19",15837227.1
15724223,Bronner,545,France,Female,55,5,"€ 10,034.77",903129.3
15644621,Mironova,597,Germany,Female,40,9,"€ 151,167.94",13605114.6
15756056,Ku,561,Spain,Female,28,3,"€ 191,387.76",17224898.4
15700353,Evans,662,FRA,Female,37,6,"€ 51,229.17",4610625.3
15624388,Henderson,649,Germany,Female,50,5,"€ 87,351.42",7861627.8
15627212,Smith,630,France,Female,36,2,"€ 48,984.95",4408645.5
15648005,Russell,672,Spain,Male,33,2,"€ 182,738.00",16446420
15681446,Sun,636,Germany,Female,37,9,"€ 153,535.27",13818174.3
15775888,McDonald,593,Germany,Female,38,5,"€ 125,079.65",11257168.5
15749019,Wong,545,Germany,Male,45,6,"€ 162,321.26",14608913.4
15709928,Niu,567,Spain,Female,41,1,"€ 3,414.72",307324.8
15784676,Fanucci,583,FRA,Male,51,6,"€ 165,082.25",14857402.5
15748116,Zetticci,681,French,Female,29,2,"€ 52,021.39",4681925.1
15612193,Hsia,762,Spain,Male,29,10,"€ 148,256.43",13343078.7
15762984,McIntosh,648,Spain,Male,35,7,"€ 122,899.01",11060910.9
15613713,Kozlova,644,FRA,Male,30,5,"€ 10,771.46",969431.4
15664204,Meany,706,Spain,Male,29,2,"€ 18,255.51",1642995.9
15639415,Thompson,850,FRA,Male,35,3,"€ 183,566.78",16521010.2
15806332,Le Gallienne,484,Spain,Female,39,5,"€ 175,224.12",15770170.8
15614929,Cheng,508,Germany,Male,28,0,"€ 147,913.56",13312220.4
15695492,P'eng,439,French,Female,29,6,"€ 180,598.66",16253879.4
15635972,Lloyd,484,Spain,Male,36,8,"€ 186,136.48",16752283.2
15616380,Wheeler,803,Spain,Female,37,1,"€ 7,455.20",670968
15581440,Christie,724,Germany,Female,48,6,"€ 80,552.11",7249689.9
15654390,He,640,French,Male,33,7,"€ 25,722.28",2315005.2
15660688,King,701,Spain,Female,35,9,"€ 170,996.86",15389717.4
15806307,Favors,537,French,Male,37,3,"€ 20,603.32",1854298.8
15647975,Vida,651,Germany,Male,26,5,"€ 141,763.26",12758693.4
15595728,Thomas,523,Germany,Male,41,0,"€ 122,284.38",11005594.2
15735388,Wayn,717,French,Female,25,7,"€ 190,011.85",17101066.5
15788535,Tan,593,Spain,Male,44,5,"€ 128,046.98",11524228.2
15765902,Gibson,706,Germany,Male,38,5,"€ 135,662.17",12209595.3
15642345,Y?,714,Germany,Female,49,4,"€ 7,571.51",681435.9
15641250,Calabresi,794,Spain,Male,38,9,"€ 23,596.24",2123661.6
15706163,Enyinnaya,518,Germany,Male,46,4,"€ 92,727.42",8345467.8
15746708,Ritchie,589,Germany,Male,55,7,"€ 65,156.83",5864114.7
15775203,Chia,824,FRA,Male,45,3,"€ 60,151.77",5413659.3
15787907,Wang,719,Germany,Female,42,5,"€ 149,097.38",13418764.2
15646764,Lorenzo,617,Germany,Female,58,3,"€ 35,199.24",3167931.6
15678284,Pai,651,France,Male,35,7,"€ 129,451.29",11650616.1
15726791,Nuttall,637,Spain,Female,45,2,"€ 145,134.49",13062104.1
15813144,Osborne,554,FRA,Female,26,7,"€ 192,709.69",17343872.1
15669342,Ferri,731,Germany,Male,35,2,"€ 139,083.70",12517533
15710366,Hamilton,569,Spain,Female,42,1,"€ 83,629.60",7526664
15614934,McEwan,625,Germany,Female,37,4,"€ 35,625.41",3206286.9
15588701,Lai,592,France,Female,38,4,"€ 35,338.96",3180506.4
15665438,Hs?,669,FRA,Male,43,1,"€ 15,602.80",1404252
15644896,Thompson,663,Germany,Male,32,3,"€ 182,355.21",16411968.9
15670205,Boyd,518,Germany,Female,41,5,"€ 89,327.67",8039490.3
15635776,Trevisani,686,Germany,Female,43,5,"€ 151,903.60",13671324
15791053,Lucciano,709,Germany,Male,45,4,€ 11.58,1042.2
15644005,Holman,571,France,Female,33,9,"€ 77,519.62",6976765.8
15796343,Bazhenov,707,French,Female,31,2,"€ 91,423.69",8228132.1
15751057,Douglas,701,Germany,Male,32,5,"€ 106,287.77",9565899.3
15623430,Hill,672,French,Male,34,9,"€ 161,800.77",14562069.3
15682600,Lo,620,Germany,Male,39,9,"€ 80,582.34",7252410.6
15769312,Forbes,557,Spain,Male,48,10,"€ 185,094.48",16658503.2
15708212,Lin,648,Spain,Female,54,7,"€ 172,586.89",15532820.1
15650258,Sinclair,479,France,Female,35,2,"€ 195,649.79",17608481.1
15604345,Kemp,730,French,Female,22,9,"€ 145,792.01",13121280.9
15578297,Ebelegbulam,737,Germany,Female,43,1,"€ 138,510.01",12465900.9
15671789,Woods,616,French,Male,31,3,"€ 168,895.06",15200555.4
15726186,Genovese,639,Spain,Male,29,4,"€ 97,983.44",8818509.6
15764618,Tseng,815,Spain,Female,39,6,"€ 85,167.88",7665109.2
15730738,Chiang,786,Spain,Male,31,9,"€ 18,210.36",1638932.4
15637650,Williams,549,FRA,Male,50,9,"€ 13,608.18",1224736.2
15606267,Wilson,622,FRA,Female,38,4,"€ 110,457.99",9941219.1
15625904,Wang,624,French,Male,26,9,"€ 31,231.35",2810821.5
15654463,Moore,841,France,Male,34,4,"€ 141,582.66",12742439.4
15774151,Iadanza,614,Spain,Female,41,7,"€ 14,666.35",1319971.5
15693259,Wallace,676,French,Male,30,1,"€ 55,400.17",4986015.3
15642468,Clark,697,France,Male,42,9,"€ 174,667.65",15720088.5
15758531,Y?,732,French,Female,40,10,"€ 154,189.08",13877017.2
15728352,Yermakov,623,France,Male,27,4,"€ 142,170.44",12795339.6
15637240,Wei,541,FRA,Male,46,4,"€ 94,499.06",8504915.4
15595588,Chukwunonso,773,Spain,Female,39,4,"€ 182,081.45",16387330.5
15778395,McIntyre,762,Germany,Male,34,4,"€ 68,562.26",6170603.4
15711825,Ts'ai,655,Spain,Female,35,1,"€ 88,798.02",7991821.8
15599251,Chung,602,Germany,Male,32,7,"€ 113,781.99",10240379.1
15570004,Tsou,850,FRA,Male,31,3,"€ 121,866.87",10968018.3
15656912,Aitken,649,Spain,Male,51,4,"€ 150,390.57",13535151.3
15657342,Dawson,850,Germany,Male,28,4,"€ 60,708.72",5463784.8
15716284,Ward,543,French,Male,43,9,"€ 78,858.07",7097226.3
15672374,Pai,672,France,Male,52,8,"€ 56,407.42",5076667.8
15732476,Ifeanyichukwu,600,France,Female,27,3,"€ 125,698.97",11312907.3
15747724,Briggs,671,Spain,Female,34,10,"€ 23,235.38",2091184.2
15633877,Morrison,706,Spain,Female,42,8,"€ 75,732.25",6815902.5
15672516,Wall,541,Germany,Male,51,7,"€ 179,861.79",16187561.1
15607827,Nebechukwu,711,Germany,Male,34,4,"€ 42,976.64",3867897.6
15751336,Yao,630,Spain,Male,30,3,"€ 10,486.69",943802.1
15646539,Liao,531,French,Male,31,3,"€ 56,794.73",5111525.7
15756901,Ch'ang,641,FRA,Female,26,4,"€ 28,157.34",2534160.6
15809286,Burke,631,Germany,Male,37,8,"€ 152,422.91",13718061.9
15759021,Kay,685,French,Male,35,9,"€ 167,033.83",15033044.7
15725039,McIntyre,702,Spain,Male,32,8,"€ 126,082.18",11347396.2
15579130,Chidiegwu,708,Germany,Female,43,0,"€ 181,499.77",16334979.3
15754112,Musgrove,653,Spain,Male,55,7,"€ 41,967.03",3777032.7
15735522,Boulger,654,Germany,Male,37,2,"€ 186,300.59",16767053.1
15613326,Gow,596,FRA,Female,33,1,"€ 85,412.54",7687128.6
15739502,Amaechi,549,Germany,Female,31,9,"€ 23,343.18",2100886.2
15670914,Robe,754,FRA,Male,38,2,"€ 180,698.32",16262848.8
15604073,Bibi,815,Germany,Female,25,8,"€ 136,071.05",12246394.5
15806027,Niu,556,France,Female,52,9,"€ 175,149.20",15763428
15574886,Palerma,706,French,Male,32,6,"€ 146,949.74",13225476.6
15707120,Cocci,850,FRA,Male,46,9,"€ 88,920.68",8002861.2
15800845,Artemieva,732,Spain,Female,33,8,"€ 45,098.62",4058875.8
15603914,Arcuri,614,France,Male,40,6,"€ 20,339.79",1830581.1
15722765,Owen,580,Spain,Female,57,0,"€ 108,528.74",9767586.6
15783305,Franklin,593,France,Female,46,7,"€ 145,560.38",13100434.2
15574842,Lorenzo,653,Germany,Female,25,2,"€ 199,357.24",17942151.6
15607837,Muriel,746,French,Female,29,4,"€ 43,106.17",3879555.3
15714877,MacDevitt,662,France,Female,29,10,"€ 137,508.31",12375747.9
15782941,Chijindum,573,France,Male,31,2,"€ 91,957.39",8276165.1
15630167,Gibson,684,Spain,Female,39,4,"€ 120,612.11",10855089.9
15759038,Whitehead,793,France,Female,41,3,"€ 102,921.17",9262905.3
15661821,Johnstone,798,Germany,Female,49,5,"€ 31,686.33",2851769.7
15728006,Endrizzi,524,FRA,Male,40,2,"€ 180,002.42",16200217.8
15712176,Burke,816,FRA,Male,31,8,"€ 28,407.40",2556666
15689351,Johnson,742,Germany,Female,41,4,"€ 73,743.95",6636955.5
15782247,Yeh,540,FRA,Male,22,4,"€ 186,233.26",16760993.4
15769064,Marshall,537,Germany,Male,39,3,"€ 31,728.86",2855597.4
15718153,Kao,759,Spain,Female,74,6,"€ 48,244.64",4342017.6
15613189,Browne,774,France,Female,52,2,"€ 113,266.28",10193965.2
15661734,Taylor,608,Germany,Male,42,8,"€ 71,178.09",6406028.1
15592645,Gibbons,704,Spain,Male,37,4,"€ 25,684.93",2311643.7
15768387,Nott,581,FRA,Male,41,8,"€ 29,737.14",2676342.6
15792525,Lei,628,Germany,Female,61,1,"€ 149,922.38",13493014.2
15586976,Alexeeva,566,France,Female,42,6,"€ 180,702.12",16263190.8
15790659,Sheets,701,Spain,Male,59,7,"€ 27,597.59",2483783.1
15691446,Tokaryev,735,Spain,Male,29,10,"€ 95,025.27",8552274.3
15772632,Ts'ui,680,FRA,Female,34,1,"€ 167,035.07",15033156.3
15706587,Johnston,560,French,Male,57,0,"€ 116,781.71",10510353.9
15572461,Kung,663,Germany,Female,29,4,"€ 21,170.81",1905372.9
15654409,Unwin,665,France,Female,34,5,"€ 29,641.58",2667742.2
15568025,Hsueh,758,France,Male,51,8,"€ 116,520.07",10486806.3
15715769,Hao,621,French,Male,26,2,"€ 44,220.40",3979836
15667458,L?,764,Germany,Male,28,10,"€ 166,188.28",14956945.2
15567980,Frater,537,Germany,Female,46,5,"€ 140,857.76",12677198.4
15679294,Brennan,589,French,Female,46,10,"€ 37,024.28",3332185.2
15606507,Pisani,555,France,Male,24,5,"€ 27,513.47",2476212.3
15578825,Golubev,734,France,Female,29,0,"€ 17,744.72",1597024.8
15619935,Vanmeter,783,Spain,Female,59,9,"€ 4,423.63",398126.7
15636089,Hs?,678,Germany,Female,51,1,"€ 109,718.44",9874659.6
15727490,Scott,661,France,Male,47,5,"€ 107,243.31",9651897.9
15591766,Crawford,607,Spain,Female,25,4,"€ 115,288.24",10375941.6
15641629,P'eng,537,Spain,Female,38,1,"€ 41,233.97",3711057.3
15813303,Rearick,513,Spain,Male,88,10,"€ 52,952.24",4765701.6
15756920,Genovesi,576,FRA,Male,63,9,"€ 78,955.80",7106022
15726403,Glenny,660,Germany,Male,41,1,"€ 26,025.60",2342304
15592765,Marks,637,French,Male,40,8,"€ 174,536.17",15708255.3
15704442,Fleming,672,FRA,Female,53,9,"€ 147,311.47",13258032.3
15641136,Davison,629,FRA,Male,32,2,"€ 77,965.44",7016889.6
15725818,Chibuzo,583,Germany,Male,40,4,"€ 5,635.63",507206.7
15612071,Wilson,763,Spain,Female,32,10,"€ 81,310.10",7317909
15719809,Endrizzi,516,Germany,Male,32,3,"€ 111,421.45",10027930.5
15716518,Yuryeva,617,France,Female,27,4,"€ 190,269.21",17124228.9
15742210,Ugochukwu,700,France,Male,38,9,"€ 100,950.48",9085543.2
15630617,Lo Duca,727,Germany,Male,36,6,"€ 113,033.73",10173035.7
15720838,Gallo,689,Spain,Female,31,3,"€ 120,663.57",10859721.3
15595537,Trout,626,Germany,Male,49,9,"€ 187,192.23",16847300.7
15623196,Morley,686,FRA,Male,38,6,"€ 97,825.23",8804270.7
15679249,Chou,351,Germany,Female,57,4,"€ 169,621.69",15265952.1
15693199,Shao,739,FRA,Female,37,8,"€ 191,557.10",17240139
15661219,Trentino,627,French,Male,32,10,"€ 103,287.62",9295885.8
15617136,Mazzanti,451,Germany,Female,38,9,"€ 167,538.66",15078479.4
15760294,Endrizzi,512,French,Female,41,8,"€ 64,869.32",5838238.8
15652808,Monaldo,774,French,Female,41,5,"€ 102,426.06",9218345.4
15657139,Otutodilinna,652,France,Female,40,8,"€ 107,876.20",9708858
15803790,Allen,638,Germany,Male,37,2,"€ 37,294.88",3356539.2
15764105,Milne,475,France,Female,57,1,"€ 89,248.99",8032409.1
15672610,Somadina,567,Spain,Male,40,4,"€ 91,973.63",8277626.7
15766896,Chieloka,750,French,Male,37,3,"€ 16,870.20",1518318
15587735,Chukwuebuka,850,FRA,Male,39,6,"€ 121,681.19",10951307.1
15659501,Chioke,753,French,Female,38,6,"€ 33,730.43",3035738.7
15745001,Kovalev,683,Spain,Female,36,7,"€ 104,786.59",9430793.1
15651140,Doherty,710,FRA,Female,32,3,"€ 94,790.34",8531130.6
15571148,Baranov,645,Spain,Female,21,1,"€ 28,726.07",2585346.3
15776824,Rossi,714,French,Male,28,6,"€ 67,057.27",6035154.3
15633141,Robinson,696,Germany,Female,35,4,"€ 69,079.85",6217186.5
15764174,Bidencope,612,Spain,Female,26,4,"€ 179,780.74",16180266.6
15778155,T'ien,520,Germany,Female,31,3,"€ 183,572.39",16521515.1
15715920,De Bernales,782,Spain,Male,23,10,"€ 142,587.32",12832858.8
15671917,Wade,666,French,Male,46,5,"€ 177,844.06",16005965.4
15666548,Chung,466,Germany,Female,56,2,"€ 197,634.11",17787069.9
15625623,Stevenson,567,FRA,Female,45,4,"€ 121,053.19",10894787.1
15748123,Chienezie,613,French,Male,20,3,"€ 149,613.77",13465239.3
15648735,Cashin,718,France,Male,37,8,€ 142.81,12852.9
15634974,Seppelt,614,France,Female,37,8,"€ 131,766.67",11859000.3
15713378,Brownless,711,French,Male,38,10,"€ 53,311.78",4798060.2
15753370,McDonald,691,Germany,Female,38,5,"€ 107,665.02",9689851.8
15782659,Mamelu,527,French,Male,32,0,"€ 109,523.88",9857149.2
15583364,McGregor,476,French,Female,32,6,"€ 112,132.86",10091957.4
15625942,McDonald,619,Spain,Female,45,0,"€ 113,645.40",10228086
15720284,Crawford,607,Germany,Female,37,4,"€ 180,890.40",16280136
15679642,Feng,695,Spain,Male,44,8,"€ 70,974.13",6387671.7
15628007,Genovese,653,France,Male,33,1,"€ 53,379.52",4804156.8
15661974,Pirozzi,677,FRA,Male,46,2,"€ 158,531.01",14267790.9
15689341,Gibbs,655,French,Female,50,10,"€ 179,267.94",16134114.6
15607993,Milne,625,FRA,Female,52,2,"€ 84,606.03",7614542.7
15693267,Dickson,679,Germany,Female,34,7,"€ 56,984.58",5128612.2
15769522,O'Connor,734,FRA,Male,51,1,"€ 116,912.45",10522120.5
15755825,McGuirk,666,FRA,Male,39,10,"€ 102,999.33",9269939.7
15598175,Toscani,592,Germany,Female,26,4,"€ 132,801.57",11952141.3
15744327,Ruth,564,FRA,Male,40,4,"€ 85,455.62",7691005.8
15798666,Hughes,814,FRA,Female,36,6,"€ 98,657.01",8879130.9
15577064,Onyekaozulu,592,Germany,Male,36,2,"€ 107,948.72",9715384.8
15759436,Aksenov,758,FRA,Female,50,2,"€ 67,944.09",6114968.1
15690231,K'ung,612,Spain,Female,62,0,"€ 192,892.05",17360284.5
15751561,Meng,498,Germany,Male,61,7,"€ 187,247.56",16852280.4
15739068,Nwoye,638,Germany,Male,25,4,"€ 114,722.42",10325017.8
15758056,Calabresi,558,French,Male,35,1,"€ 111,687.57",10051881.3
15742269,Milano,756,French,Female,24,1,"€ 184,182.25",16576402.5
15726490,Kirby,782,Spain,Male,52,4,"€ 52,759.82",4748383.8
15738411,Ho,505,FRA,Male,34,10,"€ 126,451.14",11380602.6
15727919,Chukwuemeka,671,Spain,Female,29,6,"€ 12,048.67",1084380.3
15709396,Hale,801,FRA,Male,42,6,"€ 95,804.33",8622389.7
15654106,K?,604,France,Male,26,8,"€ 197,911.52",17812036.8
15621653,Rice,716,FRA,Female,29,10,"€ 182,531.74",16427856.6
15598086,Brown,624,France,Female,45,3,"€ 168,002.31",15120207.9
15752300,Sagese,607,Germany,Male,47,4,"€ 79,450.61",7150554.9
15658693,Aksyonova,827,FRA,Female,60,2,"€ 60,615.83",5455424.7
15631838,Findlay,606,France,Male,61,5,"€ 8,643.21",777888.9
15803804,Walker,717,Germany,Female,35,5,"€ 172,172.70",15495543
15578809,Hao,651,Germany,Male,40,1,"€ 174,434.06",15699065.4
15752026,Hammer,691,FRA,Male,58,3,"€ 194,930.30",17543727
15723706,Abbott,573,France,Female,33,0,"€ 137,476.71",12372903.9
15752838,Lucas,723,Spain,Male,38,6,"€ 94,415.60",8497404
15569571,Davydova,584,Germany,Female,46,6,"€ 120,376.87",10833918.3
15769703,West,550,Germany,Female,45,8,"€ 97,623.42",8786107.8
15679770,Smith,611,France,Female,61,3,"€ 66,238.23",5961440.7
15791102,Mai,549,Germany,Male,41,9,"€ 131,710.59",11853953.1
15655192,Fiorentino,850,Spain,Female,24,1,"€ 69,052.87",6214758.3
15709487,Freeman,668,Germany,Male,34,5,"€ 56,780.97",5110287.3
15687130,Nkemjika,686,France,Female,43,0,"€ 170,072.90",15306561
15755178,Ramos,660,France,Male,50,1,"€ 191,849.15",17266423.5
15634772,Mario,682,Spain,Female,59,0,"€ 84,803.76",7632338.4
15617197,Chien,524,French,Male,50,4,"€ 31,840.59",2865653.1
15631240,Dubinina,645,French,Female,36,8,"€ 12,096.61",1088694.9
15784301,Wang,850,France,Male,42,0,"€ 44,165.84",3974925.6
15631310,Hsieh,537,French,Female,53,3,"€ 91,406.62",8226595.8
15756560,Moran,599,Spain,Female,46,7,"€ 83,282.21",7495398.9
15732270,Hung,727,Spain,Male,71,8,"€ 198,446.91",17860221.9
15739357,Moss,756,Spain,Male,30,2,"€ 7,554.68",679921.2
15771540,Fedorova,755,French,Male,38,9,"€ 80,416.16",7237454.4
15567486,Li,634,Spain,Female,41,4,"€ 164,549.74",14809476.6
15714634,Nebechi,837,France,Male,26,4,"€ 175,477.03",15792932.7
15727021,Obialo,727,Germany,Female,30,8,"€ 137,903.54",12411318.6
15650670,Bateson,567,Germany,Female,40,2,"€ 93,795.86",8441627.4
15711834,Long,650,Spain,Female,30,6,"€ 67,997.13",6119741.7
15729763,Nelson,655,Spain,Male,34,1,"€ 49,492.15",4454293.5
15646566,Bell,763,French,Female,58,9,"€ 35,825.18",3224266.2
15645463,Udinese,843,FRA,Female,27,5,"€ 67,494.23",6074480.7
15672144,Mao,667,France,Female,38,6,"€ 73,963.17",6656685.3
15596088,Fanucci,705,FRA,Female,50,4,"€ 145,159.26",13064333.4
15614878,Yeh,660,Germany,Female,29,6,"€ 123,850.58",11146552.2
15635240,Onuoha,553,French,Male,42,1,"€ 23,822.04",2143983.6
15775905,Moore,612,Germany,Female,47,6,"€ 45,750.21",4117518.9
15700657,Thornton,641,Germany,Female,40,2,"€ 159,773.14",14379582.6
15611905,Warlow-Davies,513,Spain,Female,31,5,"€ 84,238.63",7581476.7
15652527,Champion,680,French,Male,44,7,"€ 72,330.46",6509741.4
15785865,Mazzanti,711,French,Male,58,9,"€ 26,767.85",2409106.5
15645942,Macleod,689,Spain,Male,40,2,"€ 164,768.82",14829193.8
15688691,Lei,665,Germany,Female,51,9,"€ 1,112.76",100148.4
15592736,Lucchese,551,Germany,Male,54,5,"€ 176,680.16",15901214.4
15673529,Lombardo,645,Spain,Male,36,4,"€ 43,999.64",3959967.6
15724145,William,616,Germany,Male,29,8,"€ 140,746.13",12667151.7
15704629,Wright,582,FRA,Female,32,1,"€ 152,790.92",13751182.8
15597896,Ozoemena,365,Germany,Male,30,0,"€ 81,537.85",7338406.5
15731790,Boyle,697,Germany,Female,38,6,"€ 7,387.80",664902
15634719,Chinwendu,704,FRA,Male,31,0,"€ 183,038.33",16473449.7
15703205,Uwaezuoke,656,French,Female,46,5,"€ 138,849.06",12496415.4
15567333,Archambault,712,France,Female,31,7,"€ 170,333.38",15330004.2
15754537,Ko,748,France,Male,40,0,"€ 60,416.76",5437508.4
15612030,Udegbulam,724,France,Male,28,9,"€ 100,240.20",9021618
15573242,Greene,691,French,Male,50,6,"€ 2,704.98",243448.2
15601892,Hunter,563,FRA,Male,33,8,"€ 68,815.05",6193354.5
15663885,Blinova,741,FRA,Male,32,5,"€ 64,839.23",5835530.7
15701096,De Garis,778,FRA,Male,44,8,"€ 144,494.94",13004544.6
15710450,Okwudiliolisa,848,Spain,Male,22,7,"€ 185,510.34",16695930.6
15790846,Ts'ai,634,Germany,Male,38,2,"€ 56,055.72",5045014.8
15658956,Tuan,505,Germany,Male,40,6,"€ 155,061.97",13955577.3
15755223,Tseng,692,Germany,Male,53,7,"€ 119,817.19",10783547.1
15787318,Holmwood,537,Germany,Female,47,6,"€ 16,259.64",1463367.6
15737310,Thompson,633,France,Male,29,10,"€ 184,654.87",16618938.3
15763665,Y?,833,France,Female,28,4,"€ 5,278.78",475090.2
15668818,Chidubem,592,Spain,Female,40,2,"€ 113,244.73",10192025.7
15765812,Trevisani,587,Spain,Male,48,1,"€ 8,908.00",801720
15704844,Hsiung,550,Spain,Male,62,7,"€ 64,490.67",5804160.3
15744582,Randall,680,FRA,Female,24,10,"€ 154,971.63",13947446.7
15616700,Leach,622,Spain,Female,41,9,"€ 155,786.39",14020775.1
15683521,Godfrey,594,Germany,Male,28,0,"€ 129,084.82",11617633.8
15583049,Wallace,643,Germany,Female,34,7,"€ 188,533.11",16967979.9
15643752,Wei,540,France,Male,25,5,"€ 13,411.67",1207050.3
15620398,Mitchell,635,Spain,Female,34,5,"€ 15,733.19",1415987.1
15715707,Light,657,France,Male,32,3,"€ 73,127.61",6581484.9
15814209,Capon,814,FRA,Male,31,1,"€ 101,704.19",9153377.1
15733768,Hou,600,France,Male,32,1,"€ 101,986.16",9178754.4
15755242,Rowe,682,French,Female,46,2,"€ 114,442.66",10299839.4
15729412,Holloway,682,France,Male,38,4,"€ 15,669.17",1410225.3
15746564,O'Sullivan,566,France,Male,42,3,"€ 157,486.10",14173749
15588446,Udinesi,550,Spain,Male,34,3,"€ 131,281.28",11815315.2
15665221,Nwebube,630,France,Male,26,7,"€ 197,001.15",17730103.5
15640846,Chibueze,546,Germany,Female,58,3,"€ 128,881.87",11599368.3
15700209,Walker,486,French,Male,63,9,"€ 85,101.00",7659090
15658360,Gregory,762,Spain,Male,35,9,"€ 149,822.04",13483983.6
15602735,Kuo,692,Germany,Male,45,6,"€ 108,040.86",9723677.4
15724834,Wilson,498,France,Female,30,1,"€ 135,795.53",12221597.7
15800062,Lanford,850,Spain,Male,49,8,"€ 25,867.67",2328090.3
15685300,Meng,603,FRA,Male,35,6,"€ 130,483.56",11743520.4
15760102,Yeh,551,French,Female,36,5,"€ 183,479.12",16513120.8
15787026,Onwuatuegwu,627,Germany,Male,27,0,"€ 77,027.34",6932460.6
15653696,Goliwe,515,French,Female,28,9,"€ 94,141.75",8472757.5
15788946,Anthony,605,Spain,Female,29,3,"€ 4,092.75",368347.5
15600724,Scott,567,Germany,Male,29,5,"€ 109,257.59",9833183.1
15574324,Genovese,568,Germany,Female,29,2,"€ 104,617.99",9415619.1
15707144,Onyeorulu,571,Germany,Male,25,6,"€ 167,705.07",15093456.3
15775891,Myers,634,Germany,Male,48,2,"€ 103,712.05",9334084.5
15711789,Davey,768,Spain,Female,42,3,"€ 161,242.99",14511869.1
15600879,Parsons,554,Germany,Female,36,3,"€ 6,089.13",548021.7
15681196,Chikere,629,FRA,Male,35,1,"€ 159,777.37",14379963.3
15716000,Hs?eh,638,Spain,Male,48,2,"€ 7,919.08",712717.2
15766776,Sal,576,France,Male,41,1,"€ 188,274.60",16944714
15680278,Ts'ai,661,Spain,Female,42,9,"€ 27,608.12",2484730.8
15688637,Witt,592,France,Female,27,4,"€ 183,569.25",16521232.5
15591179,Skelton,702,Spain,Male,30,2,"€ 145,537.32",13098358.8
15677435,Kazantseva,647,France,Female,29,0,"€ 164,717.95",14824615.5
15698619,Bowhay,593,FRA,Male,43,9,"€ 76,357.43",6872168.7
15581036,Beyer,712,Germany,Female,40,3,"€ 120,158.72",10814284.8
15622117,Fries,625,Spain,Female,31,8,"€ 151,843.54",13665918.6
15599301,Tao,538,Germany,Female,28,6,"€ 5,698.97",512907.3
15581548,Kaodilinakachukwu,637,Spain,Female,22,5,"€ 122,865.55",11057899.5
15586870,Ni,632,FRA,Male,27,4,"€ 152,665.85",13739926.5
15735263,Hsueh,736,FRA,Male,27,5,"€ 192,131.77",17291859.3
15765322,Connely,755,France,Male,23,5,"€ 62,851.60",5656644
15582944,Becker,425,Spain,Female,39,5,"€ 140,941.47",12684732.3
15687162,Clayton,461,France,Male,51,9,"€ 56,767.67",5109090.3
15644962,Connolly,745,France,Male,21,4,"€ 177,235.23",15951170.7
15612615,Graham,616,FRA,Female,37,6,"€ 86,242.18",7761796.2
15813439,Ch'ien,587,FRA,Male,33,5,"€ 34,215.58",3079402.2
15604544,Manfrin,850,Germany,Male,40,4,"€ 44,406.17",3996555.3
15761348,Kuo,601,France,Female,38,0,"€ 165,196.65",14867698.5
15785078,Fomin,730,Spain,Male,26,3,"€ 34,542.41",3108816.9
15759874,Chamberlain,532,FRA,Male,44,3,"€ 74,838.64",6735477.6
15643658,Barber,850,Germany,Male,53,2,"€ 36,980.54",3328248.6
15713267,Zimmer,779,Spain,Female,34,5,"€ 111,676.63",10050896.7
15737782,Brazenor,562,France,Male,29,9,"€ 25,858.68",2327281.2
15815490,Cocci,670,Germany,Male,40,2,"€ 177,028.00",15932520
15679410,Caldwell,729,France,Female,62,4,"€ 30,990.16",2789114.4
15756241,Yirawala,767,FRA,Female,44,2,"€ 136,915.15",12322363.5
15688409,Donaldson,742,FRA,Female,28,2,"€ 108,457.99",9761219.1
15742272,Ozerova,669,FRA,Female,44,8,"€ 131,609.48",11844853.2
15717898,Bruce,542,Spain,Male,32,2,"€ 159,737.56",14376380.4
15769582,Kang,586,French,Male,29,3,"€ 142,238.54",12801468.6
15635660,Rossi,612,Germany,Male,30,9,"€ 105,890.55",9530149.5
15576723,Ts'ai,740,FRA,Female,37,7,"€ 194,270.91",17484381.9
15591577,Moran,584,French,Male,35,3,"€ 105,443.47",9489912.3
15582325,Jennings,524,FRA,Male,52,2,"€ 173,899.42",15650947.8
15693947,Tokareva,614,FRA,Female,19,5,"€ 122,823.34",11054100.6
15760446,Pagnotto,598,French,Female,64,9,"€ 13,181.37",1186323.3
15611105,Castella,799,Spain,Male,35,7,"€ 140,780.80",12670272
15630920,Du Cane,724,France,Male,34,2,"€ 78,560.64",7070457.6
15574910,Ferguson,601,France,Male,50,2,"€ 185,855.21",16726968.9
15756472,Odinakachukwu,804,FRA,Male,25,7,"€ 128,276.95",11544925.5
15682890,Woronoff,745,Germany,Male,38,5,"€ 140,197.42",12617767.8
15641994,Meng,667,Germany,Male,43,1,"€ 32,462.39",2921615.1
15733297,Sinclair,518,French,Female,38,10,"€ 162,253.90",14602851
15767793,Hsu,819,France,Female,38,10,"€ 30,498.70",2744883
15725698,Panicucci,520,Spain,Female,35,4,"€ 90,280.70",8125263
15813532,Burns,625,France,Female,39,5,"€ 32,615.21",2935368.9
15576760,Onodugoadiegbemma,673,Germany,Male,36,5,"€ 196,142.26",17652803.4
15732102,Darling,656,Germany,Female,27,3,"€ 16,998.72",1529884.8
15739046,Maggard,850,Spain,Female,23,9,"€ 62,980.96",5668286.4
15631927,Thomas,574,Spain,Female,28,7,"€ 185,660.30",16709427
15672115,Lettiere,679,French,Male,60,6,"€ 77,331.77",6959859.3
15618765,Ponomaryov,530,Germany,Female,42,0,"€ 97,338.62",8760475.8
15679148,Oliver,508,French,Male,44,3,"€ 67,234.33",6051089.7
15728474,Chienezie,558,Germany,Male,32,4,"€ 143,783.28",12940495.2
15636999,Mao,414,France,Male,38,8,"€ 77,661.12",6989500.8
15754261,Ho,648,Spain,Male,42,2,"€ 89,123.99",8021159.1
15629150,Lucchese,721,France,Female,37,1,"€ 70,810.80",6372972
15736274,Prokhorova,751,France,Male,31,8,"€ 17,550.49",1579544.1
15627697,Alekseyeva,662,FRA,Male,34,2,"€ 21,497.27",1934754.3
15721585,Blacklock,628,Germany,Male,29,3,"€ 124,749.08",11227417.2
15639946,Sazonova,597,Germany,Female,39,8,"€ 36,051.46",3244631.4
15792176,Henty,698,Spain,Female,40,0,"€ 143,681.83",12931364.7
15699450,Li,723,France,Male,48,7,"€ 150,694.58",13562512.2
15729954,Azuka,586,FRA,Female,28,5,"€ 170,487.40",15343866
15600103,Alexander,633,Germany,Female,29,8,"€ 97,684.46",8791601.4
15786200,Brock,564,French,Male,31,4,"€ 53,520.03",4816802.7
15797010,Shen,649,FRA,Female,31,2,"€ 15,200.61",1368054.9
15670172,Padovesi,622,FRA,Female,30,4,"€ 196,894.62",17720515.8
15627352,Bulgakov,459,Germany,Male,46,7,"€ 4,969.13",447221.7
15622494,Mazzanti,718,France,Male,27,2,"€ 26,229.24",2360631.6
15585835,Lord,655,Spain,Female,34,4,"€ 134,034.32",12063088.8
15595071,Ramos,696,FRA,Male,22,9,"€ 198,032.93",17822963.7
15628203,Pai,637,France,Female,38,3,"€ 119,882.86",10789457.4
15667190,Yuan,630,Spain,Female,21,1,"€ 133,102.30",11979207
15780212,Mao,592,FRA,Male,37,4,"€ 176,395.02",15875551.8
15766869,Uspenskaya,634,Germany,Male,37,1,"€ 193,179.88",17386189.2
15775741,Powell,608,French,Female,28,9,"€ 125,062.02",11255581.8
15628170,Brown,565,Germany,Female,32,9,"€ 143,287.58",12895882.2
15701318,Poole,763,Spain,Male,67,9,"€ 87,236.40",7851276
15710928,McChesney,665,FRA,Female,55,8,"€ 93,769.89",8439290.1
15682547,Lucchese,649,FRA,Male,38,1,"€ 88,965.46",8006891.4
15631170,Clements,695,FRA,Male,45,3,"€ 30,793.61",2771424.9
15648702,Yuriev,775,Germany,Male,70,6,"€ 74,532.02",6707881.8
15783444,Endrizzi,788,French,Female,39,3,"€ 113,086.08",10177747.2
15809178,Pan,569,Germany,Female,42,9,"€ 32,574.01",2931660.9
15806688,Manfrin,726,Spain,Female,56,8,"€ 130,113.78",11710240.2
15576824,Kennedy,564,Germany,Female,44,3,"€ 104,722.47",9425022.3
15675422,Conway,544,French,Female,32,9,"€ 14,559.62",1310365.8
15681550,Lablanc,614,France,Female,41,8,€ 598.80,53892
15812628,Dodd,453,Germany,Female,38,8,"€ 129,697.99",11672819.1
15597951,Muir,471,France,Female,58,4,"€ 36,315.03",3268352.7
15807045,Milanesi,829,Germany,Female,37,3,"€ 1,114.12",100270.8
15581748,Shen,754,Germany,Male,57,2,"€ 70,954.41",6385896.9
15770420,Dillon,749,Germany,Male,46,10,"€ 73,470.98",6612388.2
15608230,Hoelscher,667,FRA,Male,23,1,"€ 91,573.19",8241587.1
15730339,Bell,670,Spain,Male,30,3,"€ 3,154.95",283945.5
15712584,Liao,670,French,Female,33,7,"€ 88,187.81",7936902.9
15592816,Udokamma,623,Germany,Female,48,1,"€ 118,855.26",10696973.4
15641480,Sinnett,571,France,Male,32,5,"€ 125,256.53",11273087.7
15708505,Palerma,641,Germany,Female,37,7,"€ 39,016.43",3511478.7
15791131,Chimaijem,551,Germany,Female,30,2,"€ 145,796.49",13121684.1
15618225,Porter,741,Germany,Male,36,8,"€ 168,816.22",15193459.8
15644724,Fan,472,FRA,Male,31,4,"€ 73,322.00",6598980
15662098,Palmer,650,Spain,Male,41,3,"€ 113,677.53",10230977.7
15723894,Younger,625,France,Male,45,7,"€ 124,607.70",11214693
15787699,Burke,650,Germany,Male,34,4,"€ 11,276.48",1014883.2
15687738,Nwagugheuzo,535,French,Female,38,8,"€ 136,620.64",12295857.6
15576126,Young,649,FRA,Female,41,2,"€ 70,523.92",6347152.8
15658889,Watson,689,France,Male,22,4,"€ 51,980.25",4678222.5
15667046,Tseng,694,Spain,Male,38,7,"€ 113,481.02",10213291.8
15669957,Drake,655,Germany,Male,52,9,"€ 49,025.79",4412321.1
15655794,Hanna,620,French,Male,36,8,"€ 145,937.99",13134419.1
15599829,Padovesi,577,French,Female,35,10,"€ 25,161.61",2264544.9
15753332,Loftus,401,Germany,Male,48,8,"€ 175,753.55",15817819.5
15671124,Buccho,599,FRA,Male,25,6,"€ 24,903.09",2241278.1
15767474,Lorenzo,481,France,Female,57,9,"€ 169,719.35",15274741.5
15720671,Ibezimako,704,French,Male,42,8,"€ 179,565.57",16160901.3
15626787,Wei,698,Spain,Female,31,8,"€ 115,337.74",10380396.6
15774491,Ross,480,FRA,Female,28,6,"€ 48,131.92",4331872.8
15579647,Oluchukwu,682,France,Male,42,0,"€ 160,828.98",14474608.2
15625522,Walker,700,Spain,Male,31,7,"€ 145,151.96",13063676.4
15765806,Wu,492,FRA,Male,29,1,"€ 196,293.76",17666438.4
15566708,Chidalu,444,French,Female,45,4,"€ 161,653.50",14548815
15668347,Ingram,624,FRA,Male,36,6,"€ 84,635.64",7617207.6
15575214,Ch'en,709,France,Male,37,7,"€ 159,486.76",14353808.4
15591123,Iredale,557,Germany,Male,68,2,"€ 38,596.34",3473670.6
15573280,Gallagher,646,Germany,Male,50,6,"€ 27,814.74",2503326.6
15589018,Padilla,719,Germany,Male,28,3,"€ 183,893.31",16550397.9
15654495,Potter,706,Germany,Female,47,6,"€ 140,803.70",12672333
15597265,Mao,660,French,Male,38,7,"€ 146,585.53",13192697.7
15733876,Schneider,667,French,Male,36,9,"€ 40,062.29",3605606.1
15677217,Ibragimova,705,France,Male,30,1,"€ 181,300.32",16317028.8
15747265,Huang,598,Germany,Female,27,10,"€ 84,136.12",7572250.8
15713379,Anderson,669,FRA,Male,26,4,"€ 197,594.34",17783490.6
15730433,Nakayama,580,Germany,Female,38,1,"€ 125,953.83",11335844.7
15693347,Gardener,676,French,Female,32,5,"€ 75,465.41",6791886.9
15715465,Aksenova,714,Germany,Male,28,7,"€ 177,737.07",15996336.3
15680736,Milne,597,Germany,Female,72,6,"€ 7,144.46",643001.4
15610765,Onwumelu,559,France,Male,29,1,"€ 155,639.76",14007578.4
15650034,Kudryashova,564,French,Female,28,1,"€ 162,428.05",14618524.5
15782468,Hart,850,Spain,Male,51,3,"€ 12,457.76",1121198.4
15685109,Teng,689,France,Male,39,7,"€ 14,917.09",1342538.1
15776233,Kruglova,758,Germany,Female,61,8,"€ 182,184.09",16396568.1
15761141,Palerma,604,Spain,Female,71,10,"€ 129,984.20",11698578
15781702,Brookes,733,Germany,Male,38,9,"€ 194,872.97",17538567.3
15790235,Hsing,778,Spain,Male,40,8,"€ 117,507.11",10575639.9
15641416,Shaffer,732,Germany,Female,61,9,"€ 157,527.60",14177484
15775234,Laurie,646,France,Male,24,8,"€ 92,612.88",8335159.2
15659475,Chung,597,France,Female,33,6,"€ 74,850.84",6736575.6
15642202,Whitfield,821,Germany,Female,37,5,"€ 127,413.00",11467170
15771417,Thomas,640,French,Male,43,7,"€ 69,584.30",6262587
15585100,Rioux,511,Germany,Female,40,9,"€ 198,814.24",17893281.6
15700487,Osonduagwuike,805,FRA,Male,46,6,"€ 162,643.15",14637883.5
15726589,Matveyev,540,Germany,Male,39,1,"€ 114,092.52",10268326.8
15747503,Hayward,705,Spain,Male,44,0,"€ 68,860.30",6197427
15595883,Nkemdirim,540,Germany,Male,39,4,"€ 16,150.34",1453530.6
15663826,Brim,532,Spain,Female,66,3,"€ 115,227.02",10370431.8
15742820,Trevisano,535,French,Female,45,2,"€ 170,621.55",15355939.5
15624793,Soubeiran,627,Germany,Male,23,5,"€ 103,099.22",9278929.8
15597930,Wilson,646,French,Male,52,8,"€ 172,495.81",15524622.9
15665110,Helena,515,France,Female,25,7,"€ 38,772.82",3489553.8
15770719,Duncan,697,France,Female,39,6,"€ 44,946.29",4045166.1
15731327,Hale,652,Germany,Male,27,2,"€ 146,007.70",13140693
15576044,Macdonald,579,Germany,Male,28,6,"€ 145,558.42",13100257.8
15775662,McKay,760,FRA,Male,43,8,"€ 193,312.33",17398109.7
15646817,Chiekwugo,769,FRA,Male,51,9,"€ 40,257.79",3623201.1
15596060,Skinner,498,Spain,Male,29,8,"€ 46,677.90",4201011
15723299,Sorokina,774,France,Male,53,4,"€ 153,887.93",13849913.7
15636982,Weller,705,Germany,Female,43,7,"€ 103,108.33",9279749.7
15751175,Bess,648,French,Female,44,2,"€ 58,652.23",5278700.7
15618936,MacDonald,688,French,Female,51,5,"€ 91,624.11",8246169.9
15787529,Gray,592,Spain,Male,38,0,"€ 65,986.48",5938783.2
15780128,Ogbonnaya,705,FRA,Male,33,3,"€ 113,845.19",10246067.1
15615991,Udegbulam,654,FRA,Male,42,7,"€ 67,607.90",6084711
15757001,Mai,624,FRA,Female,32,2,"€ 145,471.94",13092474.6
15595388,Yeh,594,France,Female,30,10,"€ 124,071.71",11166453.9
15699550,Babbage,695,Spain,Female,34,9,"€ 67,502.12",6075190.8
15581620,Franklin,597,FRA,Male,28,2,"€ 78,707.97",7083717.3
15600934,Randell,758,France,Female,52,7,"€ 171,189.83",15407084.7
15738672,Paterson,737,Germany,Female,40,2,"€ 149,381.32",13444318.8
15721307,Pickering,694,Germany,Male,37,1,"€ 100,335.55",9030199.5
15619280,Uspensky,683,France,Male,25,4,"€ 152,698.24",13742841.6
15768244,Macleod,538,Spain,Female,30,8,"€ 41,192.95",3707365.5
15806837,Nnaife,669,France,Male,37,4,"€ 132,540.33",11928629.7
15643496,Randolph,730,French,Female,34,5,"€ 96,875.52",8718796.8
15813916,Kudryashova,622,FRA,Female,31,1,"€ 152,305.47",13707492.3
15626385,George,714,Spain,Female,33,10,"€ 49,672.01",4470480.9
15603582,Robertson,569,Spain,Female,34,3,"€ 133,997.53",12059777.7
15764351,Yuryeva,668,Germany,Female,59,5,"€ 50,454.80",4540932
15667938,Hurst,628,FRA,Male,32,9,"€ 16,402.11",1476189.9
15576360,Ch'iu,600,French,Male,40,1,"€ 67,803.83",6102344.7
15628813,King,693,French,Female,43,4,"€ 9,241.78",831760.2
15584190,Esposito,704,France,Male,36,7,"€ 100,601.73",9054155.7
15716449,Fraser,527,Spain,Male,33,9,"€ 98,734.15",8886073.5
15759913,Trentini,553,Germany,Male,43,6,"€ 160,574.09",14451668.1
15701555,Nicholls,575,Spain,Male,53,1,"€ 26,015.80",2341422
15758482,Montalvo,626,France,Female,32,0,"€ 187,172.54",16845528.6
15758171,Tien,582,French,Male,20,4,"€ 55,763.66",5018729.4
15680346,Chuang,683,Spain,Male,40,8,"€ 75,848.22",6826339.8
15649124,Fang,850,France,Male,30,9,"€ 40,313.47",3628212.3
15812917,Kosisochukwu,653,Spain,Male,35,6,"€ 23,864.21",2147778.9
15768455,Young,679,FRA,Male,60,8,"€ 51,380.90",4624281
15703059,Scott,549,Germany,Female,49,6,"€ 93,551.36",8419622.4
15646196,Yeh,850,Spain,Female,36,2,"€ 169,415.54",15247398.6
15585451,Vigano,558,Germany,Female,32,1,"€ 6,935.31",624177.9
15714057,Windradyne,528,Spain,Male,40,4,"€ 25,399.70",2285973
15748473,Curnow,801,French,Male,38,5,"€ 66,256.27",5963064.3
15785782,Ugonna,513,Spain,Male,48,2,"€ 114,709.13",10323821.7
15693233,De Neeve,666,Germany,Male,38,6,"€ 158,357.97",14252217.3
15757521,Ricci,606,France,Male,35,2,"€ 164,815.59",14833403.1
15812513,Nnaife,599,Germany,Male,45,10,"€ 132,127.69",11891492.1
15674950,Ebelechukwu,544,Germany,Male,39,4,"€ 146,637.45",13197370.5
15678572,Keating,529,Spain,Male,38,7,"€ 90,256.06",8123045.4
15713608,Tuan,850,FRA,Female,41,5,"€ 34,827.43",3134468.7
15579262,Shearston,497,French,Male,41,9,"€ 22,074.48",1986703.2
15610426,Tien,764,FRA,Female,39,5,"€ 109,805.17",9882465.3
15776454,Hamilton,603,FRA,Female,48,5,"€ 100,478.60",9043074
15771483,Arnold,609,France,Male,40,6,"€ 97,416.34",8767470.6
15648489,Ting,487,FRA,Male,53,4,"€ 24,207.86",2178707.4
15646609,Chao,748,France,Male,33,1,"€ 69,132.66",6221939.4
15693203,Powell,710,Spain,Female,75,5,"€ 9,376.89",843920.1
15813067,Williams,432,Germany,Female,45,3,"€ 43,046.70",3874203
15769829,Cheng,534,Spain,Male,51,3,"€ 20,856.31",1877067.9
15662434,Zhdanova,607,French,Male,25,3,"€ 187,048.72",16834384.8
15773503,Tsai,551,Spain,Male,32,4,"€ 53,420.53",4807847.7
15705890,Nebechukwu,674,French,Male,45,7,"€ 37,013.29",3331196.1
15711398,Fetherstonhaugh,525,French,Female,25,6,"€ 89,566.64",8060997.6
15752375,Ojiofor,645,Germany,Male,33,8,"€ 149,913.84",13492245.6
15659175,Severson,755,French,Female,43,9,"€ 18,066.69",1626002.1
15597033,Speight,708,Germany,Male,37,8,"€ 26,912.34",2422110.6
15590228,Greenwalt,715,FRA,Male,21,6,"€ 173,511.72",15616054.8
15631848,Grover,727,France,Female,26,9,"€ 146,785.44",13210689.6
15654211,Milani,559,Spain,Female,27,1,"€ 1,050.33",94529.7
15707968,Akobundu,545,Spain,Male,36,8,"€ 89,587.34",8062860.6
15594084,Anderson,524,French,Male,22,9,"€ 74,405.34",6696480.6
15651093,Chien,707,France,Female,55,1,"€ 54,409.48",4896853.2
15798824,Kennedy,671,Spain,Male,38,0,"€ 3,647.57",328281.3
15671591,Castiglione,439,Spain,Male,52,3,"€ 198,874.52",17898706.8
15707189,Marshall,667,Germany,Female,36,1,"€ 53,412.54",4807128.6
15733581,Duncan,831,Germany,Male,32,9,"€ 194,867.78",17538100.2
15641640,Uspenskaya,545,Spain,Female,33,7,"€ 150,452.88",13540759.2
15585284,Thomson,604,Spain,Female,35,7,"€ 57,807.05",5202634.5
15617866,Calabrese,657,Spain,Male,67,5,"€ 107,534.32",9678088.8
15667751,Herrera,487,Spain,Female,36,1,"€ 194,073.33",17466599.7
15669411,Muse,750,Germany,Female,52,6,"€ 126,233.18",11360986.2
15789425,Marsden,694,Germany,Female,37,8,"€ 182,354.46",16411901.4
15570943,Artemyeva,711,Germany,Female,35,2,"€ 120,586.32",10852768.8
15685829,McKay,551,France,Male,37,3,"€ 50,578.40",4552056
15721917,Chuang,559,French,Female,38,8,"€ 86,575.46",7791791.4
15776047,Nicholls,620,French,Female,29,3,"€ 153,392.28",13805305.2
15716024,Dennis,660,Spain,Male,42,5,"€ 115,509.59",10395863.1
15675328,Knight,449,France,Female,37,6,"€ 82,176.48",7395883.2
15604314,Webb,703,Germany,Female,26,1,"€ 63,717.49",5734574.1
15658339,Pugliesi,795,Germany,Male,37,2,"€ 198,745.94",17887134.6
15630402,Nebechukwu,594,FRA,Female,31,9,"€ 5,719.11",514719.9
15689616,Ward,586,Spain,Male,34,5,"€ 20,058.61",1805274.9
15774224,Nixon,613,Germany,Female,30,5,"€ 170,638.98",15357508.2
15701291,Chidubem,601,FRA,Male,44,3,"€ 30,607.11",2754639.9
15719606,Rivers,657,France,Male,50,9,"€ 37,171.46",3345431.4
15644119,Sochima,531,France,Male,31,3,"€ 42,589.33",3833039.7
15646859,Heydon,621,Germany,Male,47,7,"€ 66,799.28",6011935.2
15606836,Lombardo,782,FRA,Female,33,2,"€ 101,866.39",9167975.1
15664150,Holland,528,Germany,Female,29,9,"€ 49,284.00",4435560
15624510,Tien,696,FRA,Male,52,6,"€ 27,445.40",2470086
15810944,Bryant,586,French,Female,35,7,"€ 70,760.69",6368462.1
15668575,Hao,626,Spain,Female,26,8,"€ 104,502.02",9405181.8
15603246,Genovesi,498,FRA,Male,73,2,"€ 165,407.96",14886716.4
15804002,Kovalev,691,France,Female,33,1,"€ 113,580.79",10222271.1
15728773,Hsieh,568,FRA,Female,47,7,"€ 45,978.39",4138055.1
15598044,Debellis,715,French,Female,35,3,"€ 152,012.36",13681112.4
15694829,Chibueze,680,Germany,Male,32,7,"€ 77,349.92",6961492.8
15600575,Padovano,802,Spain,Male,41,6,"€ 47,322.05",4258984.5
15727311,Yen,539,France,Female,22,0,"€ 38,772.65",3489538.5
15570769,Kibble,494,FRA,Male,69,9,"€ 24,489.44",2204049.6
15606274,Lori,594,Germany,Male,38,6,"€ 14,466.08",1301947.2
15746139,Enemuo,596,French,Male,33,2,"€ 63,142.12",5682790.8
15704987,Lu,649,French,Female,52,8,"€ 41,858.43",3767258.7
15628972,Nebeolisa,699,Germany,Male,32,1,"€ 127,443.82",11469943.8
15697686,Stewart,787,FRA,Female,40,6,"€ 84,151.98",7573678.2
15733883,Ward,604,French,Male,28,7,"€ 58,595.64",5273607.6
15617482,Milanesi,489,Germany,Female,52,1,"€ 37,240.11",3351609.9
15704583,Chikwado,651,French,Male,56,2,"€ 114,522.68",10307041.2
15621083,Douglas,698,France,Male,57,6,"€ 72,549.27",6529434.3
15649487,Sal,578,Germany,Female,38,4,"€ 176,712.59",15904133.1
15736760,Douglas,538,Spain,Female,42,9,"€ 152,855.96",13757036.4
15714658,Yates,696,FRA,Female,33,4,"€ 73,371.65",6603448.5
15599081,Watt,507,Germany,Female,46,8,"€ 70,323.68",6329131.2
15705113,P'an,685,Spain,Male,34,6,"€ 9,663.28",869695.2
15631159,H?,705,Germany,Male,41,4,"€ 142,514.66",12826319.4
15792818,Perry,499,Germany,Female,29,6,"€ 118,623.94",10676154.6
15633531,Lavrov,717,French,Female,76,9,"€ 68,400.14",6156012.6
15744529,Chiekwugo,510,France,Male,63,8,"€ 115,291.86",10376267.4
15669656,Macdonald,632,French,Male,32,6,"€ 170,382.99",15334469.1
15581198,Jenkins,668,Germany,Female,39,0,"€ 112,946.67",10165200.3
15729054,Korovina,744,Germany,Male,32,4,"€ 79,812.77",7183149.3
15573452,Manning,663,Germany,Male,42,7,"€ 19,862.78",1787650.2
15776733,Wilson,638,Germany,Female,37,7,"€ 158,610.89",14274980.1
15724858,Begum,688,French,Female,54,9,"€ 191,212.63",17209136.7
15713144,Ingrassia,588,Spain,Male,46,8,"€ 61,931.21",5573808.9
15690188,Maclean,631,FRA,Male,33,7,"€ 58,043.02",5223871.8
15689425,Olejuru,687,Spain,Male,35,8,"€ 22,247.27",2002254.3
15671766,Enyinnaya,599,French,Male,44,10,"€ 31,448.52",2830366.8
15782806,Watson,718,Spain,Male,28,6,"€ 146,875.86",13218827.4
15764419,Langdon,730,FRA,Male,27,5,"€ 116,081.93",10447373.7
15591915,Frolov,533,French,Female,39,2,"€ 73,669.94",6630294.6
15772798,Chikezie,711,Spain,Female,28,5,"€ 93,959.96",8456396.4
15792008,Zetticci,555,Spain,Female,26,9,"€ 158,918.03",14302622.7
15715541,Yang,850,France,Female,42,9,"€ 198,193.75",17837437.5
15639277,Lin,678,FRA,Female,41,9,"€ 13,160.03",1184402.7
15798850,Goddard,576,France,Male,32,7,"€ 4,660.91",419481.9
15776348,Rogers,835,Germany,Male,20,4,"€ 180,197.74",16217796.6
15727696,Zubareva,592,France,Male,42,1,"€ 63,023.02",5672071.8
15793813,Onochie,774,FRA,Male,36,7,"€ 118,971.74",10707456.6
15694395,Ts'ui,620,French,Female,29,1,"€ 154,700.61",13923054.9
15764195,Newsom,519,Spain,Male,39,4,"€ 97,577.17",8781945.3
15744919,Genovese,734,Spain,Female,37,0,"€ 48,990.50",4409145
15671655,Thorpe,763,Germany,Male,31,7,"€ 140,262.96",12623666.4
15654901,Horton,733,France,Male,51,10,"€ 130,189.53",11717057.7
15649136,Williamson,650,FRA,Female,43,6,"€ 16,301.91",1467171.9
15775562,Shoobridge,538,FRA,Female,33,5,"€ 126,962.41",11426616.9
15807481,Peng,577,France,Female,46,1,"€ 158,750.53",14287547.7
15642885,Gray,792,FRA,Male,30,8,"€ 199,644.20",17967978
15789109,Watson,686,FRA,Female,41,10,"€ 144,272.71",12984543.9
15814004,Fyodorova,589,French,Male,29,2,"€ 98,320.27",8848824.3
15673619,Bazhenov,530,French,Male,25,9,"€ 64,129.03",5771612.7
15595135,Solomon,778,Germany,Female,29,7,"€ 181,221.09",16309898.1
15583681,Layh,616,Spain,Male,31,7,"€ 163,809.08",14742817.2
15605000,John,550,French,Male,38,9,"€ 171,457.06",15431135.4
15718071,Tuan,655,French,Female,51,3,"€ 15,801.02",1422091.8
15679760,Slattery,721,France,Male,46,1,"€ 102,950.79",9265571.1
15654574,Onyekachi,499,Germany,Male,36,5,"€ 174,918.46",15742661.4
15577178,Genovese,511,French,Male,45,5,"€ 193,160.25",17384422.5
15595324,Daniels,579,Germany,Female,39,5,"€ 5,831.00",524790
15756932,Caldwell,696,Spain,Female,36,7,"€ 82,298.59",7406873.1
15726358,Chiemenam,681,France,Male,34,7,"€ 130,686.59",11761793.1
15595228,Wanliss,815,FRA,Male,45,7,"€ 52,885.23",4759670.7
15782530,Bruce,681,Spain,Male,30,2,"€ 68,985.99",6208739.1
15592877,Wright,641,Spain,Male,42,9,"€ 35,367.19",3183047.1
15651983,Fang,591,French,Female,56,9,"€ 196,241.94",17661774.6
15746737,Eames,565,Germany,Male,59,9,"€ 170,705.53",15363497.7
15774179,Sutherland,487,FRA,Male,37,6,"€ 126,477.41",11382966.9
15667265,Cavenagh,729,FRA,Male,39,4,"€ 159,618.17",14365635.3
15655123,Dumetolisa,505,Spain,Female,45,9,"€ 195,395.33",17585579.7
15595917,Mackay,580,French,Female,35,1,"€ 168,285.85",15145726.5
15668385,Dellucci,642,French,Male,40,1,"€ 138,052.51",12424725.9
15709476,Kenyon,850,Spain,Female,41,3,"€ 71,179.31",6406137.9
15711218,Parry,616,Germany,Male,39,2,"€ 55,556.30",5000067
15798659,Kennedy,526,Spain,Female,43,3,"€ 31,705.19",2853467.1
15663939,Arnott,523,Germany,Male,35,8,"€ 186,118.93",16750703.7
15694946,Hanson,663,French,Male,35,9,"€ 195,580.28",17602225.2
15631912,T'ao,840,France,Male,30,8,"€ 54,113.38",4870204.2
15768816,Shen,570,Germany,Male,42,0,"€ 127,528.84",11477595.6
15682268,Steere,676,Germany,Female,26,1,"€ 60,231.74",5420856.6
15684801,Abbott,689,FRA,Male,47,1,"€ 156,878.42",14119057.8
15636428,Sutherland,703,Spain,Female,45,1,"€ 182,784.11",16450569.9
15809823,Thurgood,491,Germany,Male,19,2,"€ 129,690.50",11672145
15699284,Johnson,584,France,Male,49,8,"€ 113,860.81",10247472.9
15786993,Lung,810,FRA,Female,51,5,"€ 184,524.74",16607226.6
15709441,Cocci,745,Spain,Female,59,8,"€ 36,124.98",3251248.2
15710257,Matveyeva,625,FRA,Female,39,3,"€ 121,316.07",10918446.3
15582492,Moore,535,France,Female,29,2,"€ 185,630.76",16706768.4
15575694,Yobachukwu,729,Spain,Female,45,7,"€ 71,133.12",6401980.8
15756820,Fleming,655,France,Female,26,7,"€ 32,020.42",2881837.8
15766289,Dickinson,751,French,Male,47,5,"€ 162,760.96",14648486.4
15593014,Evseyev,525,FRA,Male,33,1,"€ 175,178.56",15766070.4
15584545,Aksenov,532,FRA,Female,40,5,"€ 177,099.71",15938973.9
15675949,Fleming,696,Spain,Female,43,4,"€ 66,406.37",5976573.3
15672091,Ulyanov,786,Germany,Female,32,2,"€ 59,559.81",5360382.9
15801658,Summers,580,France,Male,55,6,"€ 175,750.21",15817518.9
15706185,Clements,596,Germany,Male,47,5,"€ 174,311.30",15688017
15789863,Kazakova,683,France,Male,39,4,"€ 171,716.81",15454512.9
15720943,Pirozzi,747,France,Female,45,1,"€ 189,362.39",17042615.1
15697997,Jamieson,602,French,Male,33,5,"€ 180,716.10",16264449
15665416,Ferri,779,French,Male,62,10,"€ 116,977.89",10528010.1
15660200,Mai,551,French,Male,31,1,"€ 185,105.44",16659489.6
15619653,Hannaford,666,French,Male,47,2,"€ 35,046.97",3154227.3
15773447,Fomin,526,Spain,Male,30,8,"€ 36,251.00",3262590
15739160,Mahon,849,France,Female,41,9,"€ 103,174.50",9285705
15689237,Shaw,471,France,Female,27,4,"€ 122,642.09",11037788.1
15679297,Volkova,628,Spain,Male,43,3,"€ 122,937.57",11064381.3
15591433,Miles,674,Germany,Male,43,8,"€ 8,757.39",788165.1
15642725,Madison,797,France,Male,32,10,"€ 125,782.29",11320406.1
15701962,Scott,590,Spain,Female,29,2,"€ 122,487.73",11023895.7
15811613,Voss,588,FRA,Female,27,8,"€ 20,066.38",1805974.2
15741049,Colebatch,577,FRA,Male,29,7,"€ 55,473.15",4992583.5
15724423,Wilson,571,FRA,Female,38,6,"€ 38,962.94",3506664.6
15574305,T'ang,680,FRA,Male,36,3,"€ 63,795.80",5741622
15678168,Gibson,648,Spain,Female,27,7,"€ 163,060.43",14675438.7
15697020,Hs?eh,618,French,Male,39,2,"€ 26,578.69",2392082.1
15610801,Pan,648,Germany,Male,41,5,"€ 5,066.76",456008.4
15745232,Chikelu,759,French,Female,39,6,"€ 140,497.67",12644790.3
15722758,Allan,585,France,Male,40,7,"€ 146,156.98",13154128.2
15792102,Yefremova,774,France,Female,42,3,"€ 199,316.19",17938457.1
15675185,Chuang,697,Germany,Female,48,2,"€ 103,944.37",9354993.3
15801247,Fan,605,Spain,Male,39,10,"€ 138,021.36",12421922.4
15725660,Dellucci,676,France,Male,20,1,"€ 68,621.98",6175978.2
15638963,Garran,678,France,Female,22,4,"€ 28,149.06",2533415.4
15800061,Moretti,495,Spain,Female,45,3,"€ 135,169.76",12165278.4
15578006,Yao,787,FRA,Female,85,10,"€ 116,537.96",10488416.4
15668504,Lucchesi,770,FRA,Male,36,2,"€ 105,922.69",9533042.1
15687491,Nkemdilim,817,Germany,Male,45,9,"€ 88,211.12",7939000.8
15610403,Anderson,659,FRA,Male,43,1,"€ 26,900.63",2421056.7
15741094,Sagese,693,France,Male,21,1,"€ 3,494.02",314461.8
15807909,Rubensohn,744,FRA,Male,47,9,"€ 113,163.17",10184685.3
15666141,Baldwin,829,Spain,Female,26,8,"€ 19,324.50",1739205
15617134,Iqbal,716,France,Male,38,4,"€ 189,678.70",17071083
15783029,Monaldo,671,FRA,Male,34,7,"€ 26,387.71",2374893.9
15622833,Mahon,835,Germany,Female,29,10,"€ 106,276.55",9564889.5
15746422,Muir,636,FRA,Female,38,1,"€ 45,015.38",4051384.2
15750839,Burns,649,Spain,Male,29,2,"€ 173,495.77",15614619.3
15749130,Dyer,621,Germany,Male,27,1,"€ 52,581.96",4732376.4
15779862,Lyons,658,Germany,Female,31,3,"€ 146,339.27",13170534.3
15767871,H?,784,Spain,Male,48,7,"€ 182,609.97",16434897.3
15679651,Gardiner,783,Spain,Female,37,1,"€ 197,890.65",17810158.5
15576219,Cameron,615,French,Male,32,4,"€ 6,225.63",560306.7
15699247,Chapman,791,FRA,Female,44,5,"€ 123,977.86",11158007.4
15619087,Taylor,762,France,Male,53,1,"€ 170,195.40",15317586
15605327,Namatjira,607,FRA,Male,35,2,"€ 114,190.30",10277127
15610140,He,601,French,Female,34,5,"€ 27,022.57",2432031.3
15791174,Leibius,540,Spain,Male,67,1,"€ 59,457.00",5351130
15602373,White,812,France,Male,44,4,"€ 165,038.41",14853456.9
15762605,Wall,685,French,Male,58,1,"€ 154,181.41",13876326.9
15598840,Moretti,680,French,Male,33,1,"€ 134,960.98",12146488.2
15744279,Patterson,680,Spain,Female,58,8,"€ 65,708.50",5913765
15670619,Coppin,631,France,Female,33,8,"€ 117,374.22",10563679.8
15599533,Tsao,569,France,Female,43,7,"€ 77,703.19",6993287.1
15757837,Kao,584,Germany,Male,33,3,"€ 177,651.38",15988624.2
15697574,Stewart,582,FRA,Female,40,9,"€ 60,954.45",5485900.5
15578738,Tuan,609,France,Male,32,7,"€ 151,924.90",13673241
15762228,Barnes,506,Spain,Male,35,6,"€ 26,318.73",2368685.7
15614827,Sun,503,FRA,Male,42,8,"€ 147,557.71",13280193.9
15789815,Fallaci,503,France,Female,28,5,"€ 125,918.17",11332635.3
15579781,Buccho,806,Germany,Male,31,10,"€ 190,803.37",17172303.3
15587013,Tien,653,FRA,Female,31,7,"€ 11,043.54",993918.6
15570932,Pirozzi,666,FRA,Male,43,7,"€ 119,100.05",10719004.5
15794661,Liu,674,Spain,Male,32,2,"€ 140,579.17",12652125.3
15581654,Long,798,FRA,Male,32,7,"€ 37,731.95",3395875.5
15644296,Scott,740,French,Female,30,8,"€ 1,852.58",166732.2
15614420,Gerasimova,531,Germany,Female,32,0,"€ 172,049.84",15484485.6
15609653,Ifeatu,614,Germany,Female,44,6,"€ 133,591.11",12023199.9
15594577,De Luca,556,FRA,Male,35,10,"€ 192,751.18",17347606.2
15584114,Ogbonnaya,678,Germany,Female,43,2,"€ 193,828.27",17444544.3
15673367,Humffray,587,Germany,Male,33,6,"€ 55,775.72",5019814.8
15685576,Degtyaryov,527,Spain,Female,36,6,"€ 102,280.29",9205226.1
15774727,Monaldo,757,Germany,Female,34,1,"€ 44,965.44",4046889.6
15694288,Cawthorne,468,Spain,Male,28,3,"€ 170,661.02",15359491.8
15603319,Graham,693,France,Male,29,2,"€ 197,145.89",17743130.1
15759066,Carpenter,483,France,Female,44,5,"€ 192,359.90",17312391
15814816,Kambinachi,466,French,Male,40,4,"€ 141,210.18",12708916.2
15724402,Tyler,770,FRA,Female,30,8,"€ 100,557.03",9050132.7
15571059,Martin,734,French,Female,54,3,"€ 130,805.54",11772498.6
15674206,Walker,716,French,Female,22,8,"€ 92,606.98",8334628.2
15715160,Khan,439,France,Male,36,2,"€ 123,956.83",11156114.7
15730448,Iroawuchi,538,Germany,Male,25,5,"€ 102,758.43",9248258.7
15662067,Summers,743,France,Male,40,8,"€ 94,876.65",8538898.5
15779581,Bottrill,734,Spain,Female,43,3,"€ 94,811.85",8533066.5
15662901,Hu,656,FRA,Male,37,2,"€ 67,840.81",6105672.9
15689751,Jones,666,French,Female,31,2,"€ 4,050.57",364551.3
15667742,Vincent,627,Spain,Male,41,5,"€ 134,665.25",12119872.5
15738448,Sanford,480,Germany,Female,25,3,"€ 181,647.13",16348241.7
15680243,Brown,792,France,Male,19,7,"€ 33,282.84",2995455.6
15745083,Lei,613,Germany,Male,59,8,"€ 27,965.00",2516850
15708228,Toscani,476,Germany,Male,30,3,"€ 68,343.53",6150917.7
15628523,Chien,539,FRA,Female,24,3,"€ 198,161.07",17834496.3
15708196,Uchenna,696,Spain,Male,60,8,"€ 196,858.40",17717256
15735549,Lori,810,Germany,Male,35,3,"€ 120,511.03",10845992.7
15809347,Fanucci,763,Germany,Male,32,9,"€ 30,886.35",2779771.5
15660866,Chimaobim,640,French,Female,29,3,"€ 2,743.69",246932.1
15766609,Jowers,655,FRA,Female,47,10,"€ 167,778.62",15100075.8
15654230,Miller,526,Germany,Male,31,5,"€ 132,404.64",11916417.6
15794566,Kirsova,678,FRA,Female,28,4,"€ 144,423.17",12998085.3
15800890,T'ien,554,French,Female,45,6,"€ 181,204.50",16308405
15697424,Ku,597,Spain,Female,30,2,"€ 182,726.22",16445359.8
15724536,Chin,560,Spain,Female,28,1,"€ 120,880.72",10879264.8
15735878,Law,850,Germany,Female,47,10,"€ 26,812.89",2413160.1
15707596,Chung,546,Germany,Female,74,8,"€ 66,732.63",6005936.7
15657163,Cockrum,623,Germany,Male,42,1,"€ 100,834.22",9075079.8
15622478,Greaves,698,FRA,Female,40,7,"€ 107,815.31",9703377.9
15779529,Grant,620,France,Male,32,7,"€ 34,665.79",3119921.1
15636023,O'Donnell,619,France,Female,40,10,"€ 147,093.84",13238445.6
15582066,Maclean,561,FRA,Male,21,4,"€ 36,942.35",3324811.5
15666675,Hsieh,753,FRA,Female,39,7,"€ 16,460.77",1481469.3
15732987,Hs?,721,Spain,Male,43,3,"€ 45,610.63",4104956.7
15789432,Mazzanti,451,French,Male,33,6,"€ 184,954.11",16645869.9
15663161,Chiu,680,Germany,Female,51,5,"€ 47,795.43",4301588.7
15694879,Reeves,590,Spain,Female,23,7,"€ 196,789.90",17711091
15593715,Castiglione,634,Germany,Male,27,3,"€ 173,425.68",15608311.2
15575002,Ferguson,676,FRA,Male,29,4,"€ 36,221.18",3259906.2
15622171,Nnamdi,642,French,Male,30,8,"€ 174,738.20",15726438
15795224,Wu,760,FRA,Male,39,6,"€ 67,131.30",6041817
15685346,Chu,736,Spain,Female,26,4,"€ 165,692.03",14912282.7
15691808,King,656,French,Male,43,7,"€ 194,691.95",17522275.5
15721007,Charlton,776,Germany,Male,33,8,"€ 129,525.50",11657295
15794253,Marsh,832,Spain,Female,34,6,"€ 146,511.20",13186008
15694453,Walker,631,Germany,Male,37,9,"€ 51,752.18",4657696.2
15813113,Chang,795,Spain,Female,56,5,"€ 35,418.69",3187682.1
15614187,Pottinger,648,Germany,Female,39,3,"€ 57,995.74",5219616.6
15619407,Buckley,615,French,Male,39,4,"€ 108,152.75",9733747.5
15646227,Folliero,682,FRA,Female,27,1,"€ 166,144.98",14953048.2
15660541,Olisanugo,694,FRA,Male,34,5,"€ 101,737.80",9156402
15753874,Kent,694,FRA,Male,37,10,"€ 33,326.71",2999403.9
15617877,Jessop,607,France,Male,44,0,"€ 81,140.09",7302608.1
15772073,Hodge,664,French,Male,48,10,"€ 140,173.17",12615585.3
15701537,Ignatiev,756,FRA,Male,60,2,"€ 166,513.49",14986214.1
15736228,Chambers,645,FRA,Female,40,3,"€ 103,232.60",9290934
15780572,Mansom,653,Spain,Male,30,4,"€ 120,736.04",10866243.6
15769596,Yen,710,Germany,Female,24,2,"€ 15,832.43",1424918.7
15586996,Azikiwe,697,FRA,Female,76,7,"€ 188,772.45",16989520.5
15722061,Allen,619,Germany,Female,41,8,"€ 114,323.66",10289129.4
15638003,Komarova,648,Spain,Male,55,1,"€ 181,534.04",16338063.6
15775590,Mackay,482,Germany,Female,48,2,"€ 102,640.52",9237646.8
15730688,Yu,548,France,Female,28,8,"€ 158,585.17",14272665.3
15753102,Curtis,752,Spain,Male,44,6,"€ 178,722.24",16085001.6
15810075,Fang,648,FRA,Female,39,6,"€ 153,955.38",13855984.2
15723373,Page,643,Spain,Female,34,8,"€ 65,374.86",5883737.4
15795298,Olisaemeka,573,Germany,Female,35,9,"€ 102,986.15",9268753.5
15584320,Brennan,686,France,Female,39,3,"€ 136,643.84",12297945.6
15724161,Sutton,644,FRA,Female,40,9,"€ 77,063.63",6935726.7
15750056,Hyde,702,French,Female,29,6,"€ 9,633.01",866970.9
15609637,Nkemakolam,652,France,Male,51,7,"€ 43,496.36",3914672.4
15794493,Chimaijem,641,Spain,Male,32,7,"€ 24,267.28",2184055.2
15569641,Sung,692,Germany,Female,41,8,"€ 59,354.24",5341881.6
15815236,Chiganu,574,Spain,Male,34,5,"€ 28,269.86",2544287.4
15811177,Beneventi,643,France,Female,31,3,"€ 143,162.34",12884610.6
15680587,Esposito,834,French,Male,23,4,"€ 20,199.30",1817937
15672821,Owen,591,FRA,Male,28,5,"€ 48,606.92",4374622.8
15767681,Smalley,470,Spain,Male,34,9,"€ 89,013.67",8011230.3
15600379,Hsiung,608,Spain,Male,34,7,"€ 59,890.29",5390126.1
15801336,Ch'ang,649,Germany,Female,37,8,"€ 106,655.88",9599029.2
15721592,Barton,665,FRA,Female,38,5,"€ 156,439.56",14079560.4
15581282,Lucchese,651,France,Female,39,6,"€ 24,176.44",2175879.6
15746203,Hsia,555,Germany,Male,62,4,"€ 43,507.10",3915639
15583137,Pope,637,French,Female,48,7,"€ 132,005.85",11880526.5
15680752,Horrocks,675,French,Female,49,0,"€ 80,496.71",7244703.9
15688172,Tai,677,Spain,Male,40,5,"€ 88,947.56",8005280.4
15791373,Chikezie,850,Germany,Female,35,2,"€ 12,639.67",1137570.3
15589449,Frye,815,French,Female,56,3,"€ 94,248.16",8482334.4
15692819,Toscani,665,Germany,Male,32,1,"€ 11,865.76",1067918.4
15727467,Mellor,485,France,Female,27,3,"€ 141,449.86",12730487.4
15734312,Kang,577,Spain,Male,43,6,"€ 149,457.81",13451202.9
15764604,Sutherland,586,France,Female,35,7,"€ 119,814.25",10783282.5
15613014,Hs?,722,Germany,Male,29,1,"€ 24,924.92",2243242.8
15759684,Ting,528,FRA,Female,27,7,"€ 139,481.53",12553337.7
15609669,Chuang,542,FRA,Female,39,4,"€ 41,268.65",3714178.5
15685536,Chu,552,French,Female,34,5,"€ 1,351.41",121626.9
15750447,Ozoemena,678,French,Female,60,10,"€ 147,489.76",13274078.4
15663249,Howells,575,Spain,Female,37,9,"€ 111,175.09",10005758.1
15638646,Lucchese,669,France,Female,43,1,"€ 95,963.14",8636682.6
15734161,Nnonso,636,FRA,Male,43,6,"€ 43,128.95",3881605.5
15631070,Gerasimova,667,Germany,Male,55,9,"€ 137,674.96",12390746.4
15761950,Woronoff,652,Germany,Female,45,9,"€ 153,383.54",13804518.6
15649668,Wilhelm,637,Germany,Female,36,10,"€ 96,660.76",8699468.4
15713912,Nebechukwu,516,Spain,Female,45,8,"€ 115,818.16",10423634.4
15586757,Anenechukwu,801,FRA,Female,32,4,"€ 37,898.50",3410865
15596522,Meredith,692,French,Female,42,2,"€ 145,222.93",13070063.7
15625395,Chinomso,585,French,Female,28,6,"€ 41,219.09",3709718.1
15760570,Stephenson,590,French,Male,32,5,"€ 59,249.83",5332484.7
15566689,Chimaoke,554,Spain,Male,66,8,"€ 116,747.62",10507285.8
15725794,Winters,659,France,Female,49,1,"€ 116,249.72",10462474.8
15673539,Napolitani,690,France,Female,26,3,"€ 61,257.83",5513204.7
15705298,L?,697,Germany,Male,29,0,"€ 141,798.98",12761908.2
15675791,Williams,610,France,Male,36,4,"€ 102,638.35",9237451.5
15747043,Giles,599,Spain,Male,36,4,"€ 13,210.56",1188950.4
15736397,Wang,544,FRA,Male,23,1,"€ 35,550.97",3199587.3
15678201,Robertson,548,FRA,Female,46,1,"€ 104,469.06",9402215.4
15720745,Murray,635,Spain,Male,24,4,"€ 142,935.83",12864224.7
15637593,Greco,722,FRA,Male,20,6,"€ 195,486.28",17593765.2
15598070,Marchesi,564,FRA,Female,33,4,"€ 63,170.00",5685300
15787550,Chao,719,French,Male,69,3,"€ 58,320.06",5248805.4
15603942,Hawthorn,547,Germany,Male,50,3,"€ 177,747.03",15997232.7
15733973,Bibi,850,France,Female,42,8,"€ 19,632.64",1766937.6
15596761,Hawdon,515,Germany,Male,60,9,"€ 18,424.24",1658181.6
15652400,Moss,667,Spain,Male,56,2,"€ 18,897.78",1700800.2
15717893,Briggs,607,Germany,Male,36,8,"€ 97,879.02",8809111.8
15622585,McIntyre,525,French,Male,26,7,"€ 63,197.88",5687809.2
15733964,Russo,606,Spain,Female,53,1,"€ 75,860.01",6827400.9
15753861,Ballard,686,Germany,Female,27,1,"€ 78,622.46",7076021.4
15747097,Hs?,611,French,Male,35,10,"€ 23,598.23",2123840.7
15594762,Pisani,827,Spain,Male,46,1,"€ 13,460.27",1211424.3
15667417,Tao,572,France,Male,33,9,"€ 19,998.31",1799847.9
15684861,Thomson,726,French,Female,32,8,"€ 185,075.63",16656806.7
15742204,Hsu,579,Germany,Male,31,6,"€ 135,815.38",12223384.2
15623502,Morrison,598,Spain,Female,56,4,"€ 44,251.33",3982619.7
15774872,Joslin,663,France,Male,36,10,"€ 136,349.55",12271459.5
15611191,Scott,505,Germany,Female,37,10,"€ 52,693.99",4742459.1
15674331,Bidwill,576,Germany,Male,30,7,"€ 93,767.03",8439032.7
15619465,Cameron,555,Spain,Female,24,2,"€ 197,866.55",17807989.5
15575247,Cartwright,524,France,Male,30,1,"€ 126,812.85",11413156.5
15695679,Yao,776,Spain,Male,39,2,"€ 79,503.05",7155274.5
15713463,Tate,645,Germany,Female,41,2,"€ 129,936.53",11694287.7
15785170,Neal,850,Germany,Female,32,0,"€ 175,094.62",15758515.8
15796351,Yao,603,Germany,Male,35,1,"€ 130,379.50",11734155
15639576,Burns,691,French,Male,26,9,"€ 153,228.00",13790520
15693264,Onyinyechukwuka,583,FRA,Female,29,10,"€ 111,285.85",10015726.5
15589715,Fulks,584,FRA,Female,66,5,"€ 49,553.38",4459804.2
15769902,Christie,679,FRA,Female,33,6,"€ 98,015.85",8821426.5
15587177,Lloyd,646,France,Male,36,6,"€ 88,481.32",7963318.8
15814553,Ball,559,FRA,Female,34,5,"€ 66,879.27",6019134.3
15601550,Genovesi,595,Spain,Male,36,6,"€ 24,802.77",2232249.3
15664907,Alexander,527,French,Male,47,1,"€ 21,312.16",1918094.4
15612465,Siciliano,684,Spain,Male,34,9,"€ 190,263.78",17123740.2
15810800,Ositadimma,673,Spain,Female,32,0,"€ 72,873.33",6558599.7
15665760,Kazantsev,802,Spain,Male,38,7,"€ 57,764.65",5198818.5
15588080,Giles,675,France,Male,54,6,"€ 110,273.84",9924645.6
15776844,Hao,762,Spain,Female,19,6,"€ 55,500.17",4995015.3
15717560,Martin,580,FRA,Male,50,0,"€ 57,541.08",5178697.2
15629739,Hartley,621,Germany,Female,31,8,"€ 90,384.26",8134583.4
15729908,Allan,411,French,Female,36,10,"€ 120,694.35",10862491.5
15716781,Dolgorukova,815,FRA,Male,24,7,"€ 178,028.96",16022606.4
15646936,Nnamdi,631,Germany,Female,32,2,"€ 180,990.29",16289126.1
15768151,Romano,514,Germany,Female,45,3,"€ 155,407.21",13986648.9
15579212,Chuang,638,French,Male,57,6,"€ 33,676.48",3030883.2
15721835,Owen,791,Spain,Male,25,7,"€ 89,666.28",8069965.2
15800515,Singh,516,FRA,Male,35,5,"€ 127,558.26",11480243.4
15591279,Nwagugheuzo,734,France,Male,37,3,"€ 77,272.62",6954535.8
15587419,Shipton,611,FRA,Male,58,8,"€ 107,665.68",9689911.2
15750335,Paterson,850,Germany,Male,43,0,"€ 184,044.80",16564032
15699619,Rivas,641,FRA,Male,31,10,"€ 91,510.71",8235963.9
15606472,Lung,585,France,Female,38,5,"€ 87,363.56",7862720.4
15778368,Allan,552,Germany,Male,50,4,"€ 117,505.07",10575456.3
15671387,Fetherstonhaugh,507,FRA,Female,29,4,"€ 180,626.68",16256401.2
15573926,Lung,735,Spain,Male,38,7,"€ 93,478.96",8413106.4
15709183,Davidson,707,French,Female,58,3,"€ 114,672.64",10320537.6
15577514,Mai,698,Germany,Female,36,7,"€ 13,387.88",1204909.2
15778830,Dellucci,841,French,Male,31,2,"€ 173,240.52",15591646.8
15768072,Mitchell,688,Spain,Female,33,2,"€ 27,557.18",2480146.2
15768293,Sun,614,FRA,Male,51,3,"€ 5,552.37",499713.3
15654456,Napolitano,511,Germany,Male,48,6,"€ 88,307.87",7947708.3
15807525,Bailey,447,France,Male,43,2,"€ 33,879.26",3049133.4
15574372,Hoolan,738,FRA,Male,35,5,"€ 181,429.87",16328688.3
15671249,Kent,422,French,Female,33,2,"€ 102,655.31",9238977.9
15779744,Chou,537,Spain,Male,30,1,"€ 96,555.42",8689987.8
15624755,Pepper,707,Germany,Female,40,3,"€ 189,366.03",17042942.7
15611430,Abramowitz,690,French,Male,54,5,"€ 12,847.61",1156284.9
15774744,Lord,664,Germany,Male,33,7,"€ 143,433.33",12908999.7
15629885,Wilson,850,French,Female,33,7,"€ 183,983.82",16558543.8
15708791,Abazu,584,Spain,Male,32,9,"€ 169,137.24",15222351.6
15793890,Harriman,728,France,Female,59,4,"€ 163,365.85",14702926.5
15646091,Frankland,560,Spain,Female,43,4,"€ 123,181.44",11086329.6
15596984,Pinto,629,French,Female,31,6,"€ 16,447.60",1480284
15800215,Kwemtochukwu,658,FRA,Male,25,3,"€ 173,948.40",15655356
15577806,Chiu,794,Germany,Female,54,1,"€ 192,154.66",17293919.4
15749381,Yu,790,FRA,Female,41,2,"€ 198,224.38",17840194.2
15683758,Onyekachukwu,640,France,Male,44,7,"€ 67,202.74",6048246.6
15670615,Castiglione,652,Spain,Male,37,7,"€ 68,789.93",6191093.7
15715622,To Rot,583,French,Female,57,3,"€ 147,964.99",13316849.1
15707634,Anenechukwu,775,French,Female,32,2,"€ 161,069.73",14496275.7
15806901,Henderson,584,France,Female,39,2,"€ 127,749.61",11497464.9
15775335,Ellis,635,Germany,Female,48,4,"€ 191,914.37",17272293.3
15724150,Nkemdirim,814,France,Male,48,9,"€ 185,791.90",16721271
15627220,Kang,735,Germany,Female,43,9,"€ 184,570.04",16611303.6
15672330,Lear,678,French,Female,31,1,"€ 130,446.65",11740198.5
15668521,Jamieson,693,FRA,Male,37,1,"€ 82,867.55",7458079.5
15807837,Mazzanti,640,France,Female,30,6,"€ 187,632.22",16886899.8
15592570,Marino,773,Spain,Female,23,8,"€ 56,759.79",5108381.1
15748589,Winter,736,France,Female,30,9,"€ 34,180.33",3076229.7
15635893,T'ien,693,France,Female,28,8,"€ 158,545.25",14269072.5
15757632,Hughes-Jones,496,FRA,Female,41,1,"€ 182,337.98",16410418.2
15691863,Cody,751,FRA,Female,39,3,"€ 84,175.34",7575780.6
15706071,Hunt,528,Germany,Male,39,0,"€ 22,197.80",1997802
15654296,Estrada,754,Spain,Female,19,9,"€ 189,641.11",17067699.9
15755018,Dickinson,568,Germany,Female,26,10,"€ 154,491.39",13904225.1
15594041,Fanucci,592,Spain,Female,41,2,"€ 90,020.74",8101866.6
15670587,Yang,558,Germany,Male,25,10,"€ 197,264.35",17753791.5
15724527,Forbes,825,FRA,Male,34,9,"€ 31,933.06",2873975.4
15801904,Heard,677,Germany,Male,28,0,"€ 8,755.69",788012.1
15658195,Efremova,653,FRA,Male,34,5,"€ 52,820.13",4753811.7
15630113,Morphett,593,Spain,Male,35,4,"€ 20,008.46",1800761.4
15784320,Lenhardt,632,French,Female,44,3,"€ 34,607.14",3114642.6
15676513,Burns,601,Germany,Male,35,8,"€ 177,384.45",15964600.5
15574072,Ch'ien,786,FRA,Female,62,8,"€ 165,702.64",14913237.6
15633854,Sun,654,France,Female,40,3,"€ 167,889.10",15110019
15618566,Jamieson,572,France,Female,38,7,"€ 133,122.62",11981035.8
15733014,Nolan,813,French,Female,62,10,"€ 140,454.14",12640872.6
15753343,Barry,523,France,Female,28,2,"€ 59,938.81",5394492.9
15746076,Saunders,506,Spain,Male,50,3,"€ 12,016.79",1081511.1
15608226,McMorran,513,Spain,Male,72,3,"€ 81,251.24",7312611.6
15605684,Phelan,664,France,Female,31,7,"€ 134,169.85",12075286.5
15638988,Fu,684,French,Male,54,6,"€ 94,888.60",8539974
15628767,Hotchin,608,Spain,Female,63,3,"€ 175,696.16",15812654.4
15737977,Aksyonov,527,French,Female,25,6,"€ 96,758.58",8708272.2
15758116,Rossi,666,FRA,Male,53,5,"€ 128,019.48",11521753.2
15575119,Hughes,779,France,Male,71,3,"€ 146,895.36",13220582.4
15625126,Duncan,629,French,Female,40,6,"€ 139,356.30",12542067
15567114,McGarry,430,France,Male,35,1,"€ 2,923.61",263124.9
15672242,Aksenov,712,FRA,Male,24,2,"€ 121,232.51",10910925.9
15681327,Akhtar,682,FRA,Male,30,9,"€ 2,053.42",184807.8
15802585,Pisani,634,French,Female,41,8,"€ 6,382.46",574421.4
15740630,Pisano,487,Spain,Female,31,1,"€ 158,750.13",14287511.7
15815420,McDaniels,808,Spain,Male,47,8,"€ 74,028.36",6662552.4
15711468,Tennant,527,FRA,Female,32,7,"€ 44,099.75",3968977.5
15799626,Donaghy,637,Germany,Male,50,4,"€ 17,323.00",1559070
15659325,Todd,802,Spain,Male,40,5,"€ 175,043.69",15753932.1
15651352,Tobenna,529,French,Female,38,2,"€ 146,388.85",13174996.5
15684925,Vicars,850,French,Female,43,3,"€ 2,465.80",221922
15657439,Chao,738,France,Male,18,4,"€ 47,799.15",4301923.5
15574122,Tien,817,French,Male,34,5,"€ 165,562.84",14900655.6
15720508,Hsing,735,French,Male,31,3,"€ 72,927.68",6563491.2
15599078,Yang,619,Germany,Female,41,5,"€ 38,270.47",3444342.3
15702300,Walker,671,French,Male,27,5,"€ 120,893.07",10880376.3
15660735,T'ang,581,Spain,Female,31,6,"€ 188,377.21",16953948.9
15671390,Chukwukere,690,Spain,Male,36,10,"€ 55,902.93",5031263.7
15647385,Ch'iu,579,Spain,Male,56,4,"€ 4,523.74",407136.6
15739223,Pai,688,Spain,Female,24,3,"€ 102,195.16",9197564.4
15631305,Franklin,599,Spain,Female,28,4,"€ 60,843.09",5475878.1
15809263,Y?,729,Germany,Male,29,5,"€ 25,548.47",2299362.3
15640866,Peng,718,FRA,Female,29,3,"€ 134,462.29",12101606.1
15775663,Otitodilichukwu,712,Germany,Male,53,6,"€ 132,702.64",11943237.6
15631800,Pagnotto,474,French,Male,37,3,"€ 75,698.44",6812859.6
15654292,Vessels,565,Germany,Male,33,8,"€ 105,642.43",9507818.7
15648320,Heller,658,France,Female,31,7,"€ 102,153.75",9193837.5
15726747,Donaldson,714,France,Male,63,4,"€ 166,677.54",15000978.6
15694510,Ifeanyichukwu,725,France,Male,45,1,"€ 24,218.65",2179678.5
15572291,Kao,825,French,Male,40,6,"€ 117,122.50",10541025
15603465,Dunn,665,Germany,Female,45,5,"€ 51,871.95",4668475.5
15685628,Calabresi,670,Spain,Male,35,2,"€ 84,321.03",7588892.7
15792729,Holland,474,Germany,Female,34,9,"€ 160,213.27",14419194.3
15767414,Calabresi,591,France,Male,40,2,"€ 88,695.19",7982567.1
15568044,Butusov,508,France,Female,31,7,"€ 6,123.15",551083.5
15751333,Atkinson,695,France,Female,36,2,"€ 167,749.54",15097458.6
15623062,Vasilyeva,660,Germany,Male,24,5,"€ 71,638.00",6447420
15713621,Mollison,687,Germany,Male,41,10,"€ 198,064.52",17825806.8
15670668,Webb,658,Germany,Male,29,5,"€ 54,914.92",4942342.8
15750638,Obiajulu,705,Germany,Female,33,5,"€ 190,659.17",17159325.3
15747878,Aiken,739,Spain,Male,60,4,"€ 51,637.67",4647390.3
15726796,Brabyn,844,France,Male,38,7,"€ 119,333.38",10740004.2
15754952,Su,602,Germany,Female,48,7,"€ 127,095.14",11438562.6
15652192,Traeger,759,French,Female,33,9,"€ 93,541.14",8418702.6
15681924,Ekwueme,747,Germany,Male,38,2,"€ 89,289.54",8036058.6
15763544,Thompson,673,FRA,Male,47,1,"€ 108,762.16",9788594.4
15764431,Chinwenma,671,Spain,Female,34,5,"€ 28,238.25",2541442.5
15684010,Tuan,640,Germany,Female,74,2,"€ 34,130.43",3071738.7
15648881,Tsai,581,Germany,Male,40,0,"€ 7,926.35",713371.5
15733303,Liu,630,France,Male,67,5,"€ 27,330.27",2459724.3
15643294,Robinson,703,France,Female,33,8,"€ 79,997.14",7199742.6
15749905,Carr,698,Spain,Female,47,6,"€ 50,213.81",4519242.9
15625175,Palerma,742,Germany,Female,43,6,"€ 60,920.03",5482802.7
15643967,Chineze,652,French,Female,37,4,"€ 197,699.80",17792982
15578251,Fang,644,France,Male,37,2,"€ 92,809.73",8352875.7
15772573,Simpson,735,Spain,Male,55,2,"€ 163,516.16",14716454.4
15733234,Moretti,777,France,Female,58,4,"€ 62,449.07",5620416.3
15721582,Hale,644,Germany,Female,40,4,"€ 115,800.10",10422009
15628219,Benson,665,Germany,Female,37,3,"€ 110,359.68",9932371.2
15571302,Estep,529,Germany,Male,72,5,"€ 78,695.68",7082611.2
15637178,Mishina,803,Spain,Female,45,7,"€ 128,378.04",11554023.6
15601184,Abramovich,604,Spain,Female,26,3,"€ 155,248.62",13972375.8
15629511,Lavrentiev,738,French,Male,49,6,"€ 123,499.27",11114934.3
15570629,Alexeyeva,655,Germany,Female,72,5,"€ 99,920.41",8992836.9
15665766,T'ang,698,Germany,Male,39,9,"€ 53,289.49",4796054.1
15693732,Kilgour,775,France,Female,66,9,"€ 67,622.34",6086010.6
15765982,Chin,735,France,Male,41,7,"€ 11,783.10",1060479
15582016,Fiorentini,766,Spain,Male,41,6,"€ 62,402.38",5616214.2
15798024,Lori,537,Germany,Male,84,8,"€ 186,235.98",16761238.2
15588622,Marchesi,599,Germany,Male,25,7,"€ 79,005.95",7110535.5
15724863,Sheppard,420,Spain,Female,55,4,"€ 144,870.28",13038325.2
15618213,Nnanna,674,French,Female,32,7,"€ 95,481.00",8593290
15780411,Norris,570,France,Female,46,3,€ 820.46,73841.4
15725429,Vincent,623,Germany,Male,33,8,"€ 174,777.98",15730018.2
15600626,Bradley,710,French,Male,30,6,"€ 8,991.17",809205.3
15668460,Bellucci,466,French,Male,29,6,"€ 2,797.27",251754.3
15576263,Clements,759,French,Female,22,5,"€ 22,303.17",2007285.3
15720354,Knowles,581,French,Male,71,4,"€ 197,562.08",17780587.2
15691624,Chidiebere,820,France,Male,33,2,"€ 23,067.97",2076117.3
15793196,Kelly,759,French,Male,41,9,"€ 190,294.12",17126470.8
15633352,Okwukwe,628,FRA,Female,31,6,"€ 113,167.17",10185045.3
15750874,Onyemere,676,France,Male,31,3,"€ 124,777.14",11229942.6
15588923,Murphy,591,France,Female,33,4,"€ 124,625.08",11216257.2
15715745,Elliott,690,French,Female,26,5,"€ 49,599.27",4463934.3
15611800,Loggia,624,French,Female,62,7,"€ 151,411.50",13627035
15576928,Walsh,573,France,Female,23,2,"€ 122,964.18",11066776.2
15793693,Mahomed,694,FRA,Male,60,9,"€ 57,088.97",5138007.3
15581252,Dolgorukova,632,Spain,Female,29,7,"€ 7,820.78",703870.2
15797760,Bogdanov,632,FRA,Male,40,3,"€ 149,188.41",13426956.9
15790564,She,832,Germany,Female,40,9,"€ 134,638.97",12117507.3
15593736,Cook,598,Germany,Female,46,7,"€ 184,980.23",16648220.7
15595937,Bruno,430,Germany,Male,36,1,"€ 122,373.42",11013607.8
15815628,Moysey,711,France,Female,37,8,"€ 80,215.20",7219368
15782802,Beneventi,582,Germany,Male,26,6,"€ 14,081.64",1267347.6
15627412,Ferri,605,FRA,Male,39,3,"€ 199,390.45",17945140.5
15734609,Skinner,657,French,Female,37,2,"€ 7,667.48",690073.2
15710689,Angel,578,Spain,Male,40,6,"€ 74,965.61",6746904.9
15565806,Toosey,532,French,Male,38,9,"€ 30,583.95",2752555.5
15815530,Chin,612,French,Female,42,10,"€ 149,682.78",13471450.2
15632272,Lung,792,FRA,Female,42,2,"€ 92,664.09",8339768.1
15684103,Mellor,674,French,Female,26,10,"€ 138,423.10",12458079
15654519,Hassall,680,French,Male,31,1,"€ 3,148.20",283338
15767722,Richardson,593,French,Female,39,0,"€ 197,933.50",17814015
15654346,Poninski,679,Germany,Male,35,1,"€ 37,341.17",3360705.3
15660147,Dore,493,Spain,Male,32,8,"€ 79,577.40",7161966
15814998,Bonham,688,Spain,Male,42,5,"€ 197,602.29",17784206.1
15802207,Ibezimako,769,Germany,Male,43,4,"€ 87,537.32",7878358.8
15658668,Hunter,581,Spain,Male,49,10,"€ 41,623.59",3746123.1
15715079,Bold,465,France,Male,41,9,"€ 168,280.95",15145285.5
15570360,Wan,641,French,Female,35,4,"€ 125,986.18",11338756.2
15674678,Bradley,731,Germany,Female,43,9,€ 548.52,49366.8
15780925,Tretyakova,625,FRA,Male,37,1,"€ 96,088.54",8647968.6
15688193,Graham,468,France,Male,36,3,"€ 107,787.42",9700867.8
15778219,Izmailov,790,France,Male,26,5,"€ 20,510.79",1845971.1
15696514,Calabrese,587,Germany,Female,37,6,"€ 192,026.02",17282341.8
15712303,Valentin,692,French,Male,66,4,"€ 118,188.15",10636933.5
15719090,Osonduagwuike,676,Germany,Female,34,4,"€ 189,540.95",17058685.5
15735632,Williamson,571,FRA,Male,41,8,"€ 63,736.17",5736255.3
15619436,Pan,700,France,Female,32,3,"€ 95,740.37",8616633.3
15722404,Carpenter,445,FRA,Female,30,3,"€ 127,939.19",11514527.1
15662063,McIver,746,France,Male,36,7,"€ 193,438.69",17409482.1
15745605,Trevisan,722,FRA,Female,47,2,"€ 90,655.94",8159034.6
15636658,Rozhkova,596,France,Male,36,2,"€ 12,067.39",1086065.1
15784130,He,850,Germany,Female,30,8,"€ 54,191.38",4877224.2
15606755,Moretti,597,Spain,Female,46,4,"€ 58,667.16",5280044.4
15801699,Fishbourne,436,Spain,Male,43,5,"€ 35,687.43",3211868.7
15784097,Gibson,660,Germany,Male,28,1,"€ 14,288.93",1286003.7
15764654,Zikoranachidimma,649,FRA,Male,37,9,€ 247.36,22262.4
15612092,Palmer,646,Germany,Male,32,8,"€ 78,111.84",7030065.6
15610903,Chukwueloka,560,Spain,Female,31,5,"€ 79,547.39",7159265.1
15705777,Real,710,Germany,Male,49,10,"€ 193,266.72",17394004.8
15661936,Chikelu,513,FRA,Male,40,3,"€ 105,028.46",9452561.4
15700864,Fiorentini,607,French,Female,21,0,"€ 116,106.52",10449586.8
15722965,Yefimova,757,France,Male,57,3,"€ 53,179.21",4786128.9
15737521,Ball,619,Germany,Male,40,9,"€ 140,947.05",12685234.5
15814465,Ch'in,612,French,Male,24,1,"€ 171,837.06",15465335.4
15580988,Odell,842,French,Male,29,8,"€ 123,437.05",11109334.5
15789974,Enemuo,713,French,Male,33,6,"€ 197,519.66",17776769.4
15713370,Hunter,657,Spain,Male,36,8,"€ 183,058.51",16475265.9
15748673,Nepean,770,French,Female,37,9,"€ 22,710.72",2043964.8
15754919,Nwebube,773,France,Female,40,10,"€ 69,303.15",6237283.5
15641662,Enticknap,470,Germany,Male,39,5,"€ 63,705.90",5733531
15813422,Lu,781,Spain,Male,35,4,"€ 116,429.51",10478655.9
15713596,Ugochukwu,428,FRA,Female,62,1,"€ 58,381.77",5254359.3
15791216,Mann,600,Germany,Male,43,8,"€ 177,378.66",15964079.4
15689031,Murphy,697,Spain,Female,37,7,"€ 35,450.53",3190547.7
15763704,Docherty,692,Germany,Female,43,2,"€ 164,621.43",14815928.7
15631339,Adams,791,French,Male,28,4,"€ 174,435.48",15699193.2
15771509,Hirst,538,Germany,Female,42,1,"€ 94,047.75",8464297.5
15769586,Horan,820,French,Female,49,1,"€ 119,087.25",10717852.5
15656096,Cumbrae-Stewart,679,Spain,Female,26,3,"€ 184,800.27",16632024.3
15585280,Kinney,649,FRA,Female,36,2,"€ 75,035.48",6753193.2
15743582,T'ang,632,French,Female,27,3,"€ 62,703.38",5643304.2
15761692,Muir,594,FRA,Male,40,9,"€ 190,882.69",17179442.1
15627840,Toscano,682,French,Female,42,0,"€ 91,981.85",8278366.5
15778861,Wallace,720,Spain,Male,33,6,"€ 91,881.29",8269316.1
15770554,Fraser,769,France,Male,31,4,"€ 7,118.02",640621.8
15806956,Iqbal,746,Spain,Male,30,1,"€ 11,710.40",1053936
15701908,Nina,623,Spain,Female,40,7,"€ 25,904.12",2331370.8
15736990,Chuang,537,FRA,Male,28,3,"€ 86,911.49",7822034.1
15743714,Ch'ien,468,France,Male,46,7,"€ 10,958.18",986236.2
15807993,Bruno,588,Germany,Female,30,0,"€ 5,790.90",521181
15644686,Kennedy,729,Spain,Female,34,9,"€ 42,855.97",3857037.3
15677377,Lawrence,543,Spain,Male,37,3,"€ 78,915.68",7102411.2
15626412,Mort,499,Spain,Male,39,6,"€ 81,409.00",7326810
15643679,Goliwe,784,Germany,Male,28,2,"€ 179,252.73",16132745.7
15728456,Martinez,604,France,Male,33,3,"€ 42,171.13",3795401.7
15630661,Vasilyev,614,Spain,Female,25,10,"€ 58,965.04",5306853.6
15734044,Black,671,French,Female,31,7,"€ 102,681.32",9241318.8
15705001,Napolitani,587,Spain,Female,35,3,"€ 125,553.52",11299816.8
15809817,Ch'en,593,Spain,Male,43,10,"€ 53,478.02",4813021.8
15809137,Sagese,453,French,Male,29,6,"€ 198,376.02",17853841.8
15751593,Fraser,570,Germany,Male,35,6,"€ 105,525.36",9497282.4
15626491,Hughes,655,French,Female,45,7,"€ 47,349.00",4261410
15765461,Giles,632,Spain,Male,47,3,"€ 178,822.32",16094008.8
15568120,Lacross,681,FRA,Female,37,7,"€ 72,127.83",6491504.7
15787161,Pisani,591,Germany,Male,46,4,"€ 163,504.33",14715389.7
15812324,King,779,FRA,Male,27,1,"€ 190,623.02",17156071.8
15588944,Maughan,456,French,Female,63,1,"€ 140,758.07",12668226.3
15694253,Palerma,686,FRA,Female,41,7,"€ 132,374.41",11913696.9
15759566,Tochukwu,617,FRA,Male,74,10,"€ 53,949.98",4855498.2
15675675,Slate,850,France,Female,32,5,"€ 121,982.73",10978445.7
15802060,Ch'ang,646,Germany,Female,30,10,"€ 136,983.77",12328539.3
15660505,Romani,735,Germany,Male,46,2,"€ 114,371.33",10293419.7
15782630,Genovese,543,France,Male,35,5,"€ 62,389.35",5615041.5
15700710,Chiebuka,490,French,Female,37,3,"€ 24,435.77",2199219.3
15742834,Liao,640,French,Male,45,1,"€ 10,908.33",981749.7
15806511,Berry,445,Spain,Male,45,10,"€ 90,977.48",8187973.2
15608166,Fallaci,761,French,Male,36,9,"€ 81,062.93",7295663.7
15614230,T'an,426,FRA,Female,34,3,"€ 61,230.83",5510774.7
15729958,Wilkinson,777,FRA,Male,37,1,"€ 126,837.72",11415394.8
15800814,Palerma,534,France,Male,35,2,"€ 115,668.53",10410167.7
15674727,Lazarev,777,French,Female,42,5,"€ 38,819.45",3493750.5
15657779,Boylan,806,Spain,Male,18,3,"€ 86,994.54",7829508.6
15801395,Warren,790,France,Female,33,10,"€ 195,204.99",17568449.1
15757911,Trevisani,643,Spain,Female,32,2,"€ 131,301.74",11817156.6
15665340,Trevisano,584,Spain,Female,37,8,"€ 100,835.19",9075167.1
15787151,Liao,638,France,Female,34,7,"€ 198,969.78",17907280.2
15757821,Burgess,771,Spain,Male,18,1,"€ 41,542.95",3738865.5
15600688,Liston,600,FRA,Female,39,5,"€ 118,272.07",10644486.3
15594878,Thompson,661,Spain,Female,41,5,"€ 69,586.27",6262764.3
15569248,Milanesi,554,French,Female,43,10,"€ 149,629.13",13466621.7
15812706,Mazure,627,Spain,Male,49,4,"€ 146,680.25",13201222.5
15645045,Rudduck,659,France,Female,38,9,"€ 132,809.18",11952826.2
15766746,Darwin,835,France,Male,35,6,"€ 28,707.69",2583692.1
15700383,Uvarova,763,French,Female,35,7,"€ 104,706.29",9423566.1
15632551,Buccho,625,Germany,Male,31,4,"€ 75,335.68",6780211.2
15795129,Gallo,799,France,Female,30,9,"€ 136,827.96",12314516.4
15650545,Tomlinson,849,FRA,Male,69,7,"€ 139,065.94",12515934.6
15612769,Carr,692,French,Male,28,5,"€ 70,179.91",6316191.9
15710853,Ts'ui,623,French,Female,24,5,"€ 116,160.04",10454403.6
15623712,Coates,453,Spain,Female,42,5,"€ 83,008.49",7470764.1
15653251,Hickey,408,FRA,Female,84,8,"€ 188,484.52",16963606.8
15755077,Norton,778,Germany,Female,37,0,"€ 133,699.82",12032983.8
15808557,Mancini,695,French,Female,42,5,"€ 72,172.13",6495491.7
15614687,Tien,677,Germany,Female,44,4,"€ 191,057.76",17195198.4
15626882,Stobie,662,Spain,Male,37,5,"€ 48,233.75",4341037.5
15748034,Drakeford,534,France,Male,29,7,"€ 79,178.31",7126047.9
15632324,Pisani,602,France,Male,59,7,"€ 162,347.05",14611234.5
15761023,Murphy,554,Germany,Female,43,2,"€ 7,611.61",685044.9
15761453,Kovalev,667,France,Male,42,6,"€ 88,890.05",8000104.5
15646726,Crawford,672,France,Male,43,5,"€ 63,833.09",5744978.1
15637169,Maclean,838,Spain,Female,67,4,"€ 78,310.04",7047903.6
15636024,Blackburn,692,Spain,Female,34,4,"€ 37,898.91",3410901.9
15801218,Bermudez,675,French,Male,49,8,"€ 179,521.24",16156911.6
15642655,Savage,731,Spain,Male,33,1,"€ 130,726.96",11765426.4
15690130,Wyatt,468,France,Female,32,8,"€ 198,714.29",17884286.1
15653753,Chiemenam,542,Spain,Male,43,6,"€ 89,543.25",8058892.5
15641359,Shao,662,Spain,Female,35,6,"€ 2,423.90",218151
15776827,Langdon,770,Germany,Male,37,5,"€ 180,326.83",16229414.7
15647725,Napolitano,675,FRA,Female,61,5,"€ 166,305.16",14967464.4
15648455,Kung,647,Germany,Male,51,4,"€ 29,883.63",2689526.7
15580629,Blackwood,604,FRA,Male,31,6,"€ 192,029.19",17282627.1
15730161,Marcelo,833,FRA,Female,39,3,"€ 1,710.89",153980.1
15626612,Yin,741,Spain,Male,40,4,"€ 135,163.76",12164738.4
15662865,Storey,658,Spain,Male,36,1,"€ 84,927.42",7643467.8
15629094,Fomin,528,FRA,Female,36,1,"€ 149,912.28",13492105.2
15651823,Nkemjika,590,FRA,Female,60,6,"€ 88,206.04",7938543.6
15594827,Glasgow,675,French,Male,34,1,"€ 163,667.56",14730080.4
15786392,Chen,765,FRA,Male,41,4,"€ 100,153.43",9013808.7
15727353,Ch'ang,650,FRA,Female,64,7,"€ 32,275.09",2904758.1
15733777,Evans,817,French,Male,44,8,"€ 65,501.91",5895171.9
15614302,Crotty,699,Germany,Female,31,10,"€ 189,392.66",17045339.4
15723263,Cocci,495,Germany,Female,34,9,"€ 116,069.24",10446231.6
15687270,Iroawuchi,491,Spain,Female,61,8,"€ 139,861.53",12587537.7
15803121,Chia,847,France,Male,51,5,"€ 144,184.06",12976565.4
15598700,Hysell,676,Spain,Female,30,5,"€ 157,888.50",14209965
15741875,Williamson,746,Spain,Female,25,3,"€ 71,911.30",6472017
15631709,Ginikanwa,470,Spain,Female,31,2,"€ 45,033.75",4053037.5
15672970,Chigolum,714,Spain,Male,20,3,"€ 150,465.93",13541933.7
15761670,Morley,695,French,Female,50,8,"€ 126,381.60",11374344
15706005,Roberts,674,FRA,Male,46,2,"€ 90,189.72",8117074.8
15790336,Tokareva,664,Germany,Male,36,6,"€ 122,433.09",11018978.1
15754267,Fleming,697,Germany,Male,31,3,"€ 123,825.83",11144324.7
15791988,Chinomso,670,France,Male,68,4,"€ 11,426.70",1028403
15683375,Compton,541,French,Female,32,4,"€ 114,951.42",10345627.8
15625151,Wan,640,FRA,Female,66,9,"€ 184,636.05",16617244.5
15635285,Taylor,647,French,Male,28,8,"€ 91,055.27",8194974.3
15574296,Kambinachi,757,French,Male,23,2,"€ 93,991.65",8459248.5
15711618,Chang,704,Germany,Female,39,1,"€ 116,511.12",10486000.8
15670943,See,778,Germany,Male,31,9,"€ 190,631.23",17156810.7
15634359,Dyer,639,Germany,Female,41,5,"€ 199,970.74",17997366.6
15586629,Campbell,637,French,Male,33,5,"€ 139,947.17",12595245.3
15588461,Cremonesi,686,France,Male,35,4,"€ 8,816.37",793473.3
15773221,Harris,577,Spain,Male,43,8,"€ 135,650.72",12208564.8
15664227,Threatt,506,Germany,Male,28,8,"€ 24,577.34",2211960.6
15741745,Lane,757,French,Male,28,7,"€ 131,249.46",11812451.4
15652626,Grave,826,French,Male,55,4,"€ 140,126.17",12611355.3
15599410,Stanley,721,France,Male,41,2,"€ 168,219.75",15139777.5
15571958,McIntosh,489,Spain,Male,40,3,"€ 171,867.08",15468037.2
15785406,Watts,446,FRA,Female,51,4,"€ 70,613.52",6355216.8
15687884,Alekseyeva,677,France,Male,37,3,"€ 117,946.30",10615167
15621685,Davies,769,FRA,Male,29,2,"€ 84,872.66",7638539.4
15628886,Matlock,677,Spain,Male,56,5,"€ 60,590.72",5453164.8
15699325,Fedorova,555,Germany,Female,62,10,"€ 8,444.50",760005
15578369,Chiedozie,652,Germany,Female,37,9,"€ 159,132.83",14321954.7
15654156,Marcelo,722,Germany,Female,32,5,"€ 76,998.69",6929882.1
15707199,Cooper,643,France,Male,36,0,"€ 55,835.66",5025209.4
15671630,McMillan,796,Germany,Female,40,1,"€ 177,524.19",15977177.1
15632079,Hardy,720,Germany,Female,37,8,"€ 45,985.52",4138696.8
15767921,Madukwe,613,French,Male,41,7,"€ 60,297.72",5426794.8
15573599,Adamson,506,French,Female,57,6,"€ 194,421.12",17497900.8
15747208,Watt,608,French,Male,50,6,"€ 93,568.77",8421189.3
15582762,Mazzanti,667,Spain,Male,77,2,"€ 34,702.92",3123262.8
15772528,Mishin,750,FRA,Female,47,7,"€ 54,473.60",4902624
15755798,Feng,610,FRA,Male,33,4,"€ 113,943.17",10254885.3
15788683,Kang,588,Germany,Female,34,10,"€ 153,727.32",13835458.8
15616922,Kelly,479,French,Female,26,1,"€ 19,116.97",1720527.3
15771855,Yu,682,French,Male,37,5,"€ 112,554.68",10129921.2
15601873,Bull,677,French,Female,36,7,"€ 47,318.75",4258687.5
15657868,Serra,850,Germany,Male,40,6,"€ 36,690.49",3302144.1
15711716,Ferguson,580,France,Female,56,1,"€ 106,918.67",9622680.3
15734246,She,746,France,Female,21,8,"€ 194,563.65",17510728.5
15792151,Hamilton,635,Spain,Female,37,3,"€ 91,086.73",8197805.7
15770159,Nnanna,664,Germany,Male,25,6,"€ 108,008.65",9720778.5
15747649,Summerville,558,Germany,Female,36,0,"€ 172,363.52",15512716.8
15639357,Allan,415,FRA,Male,46,9,"€ 178,587.36",16072862.4
15738907,Tobenna,798,France,Female,60,6,"€ 31,907.44",2871669.6
15663446,Volkova,792,Germany,Female,29,4,"€ 18,922.18",1702996.2
15750867,Nucci,489,Germany,Female,46,8,"€ 147,222.95",13250065.5
15715939,Wright,730,FRA,Male,33,0,"€ 1,474.79",132731.1
15763806,Astorga,773,FRA,Male,41,4,"€ 24,924.92",2243242.8
15637993,Pokrovsky,711,French,Male,36,9,"€ 46,884.10",4219569
15720338,Mazzanti,592,Spain,Male,55,8,"€ 128,918.42",11602657.8
15627162,Blesing,695,Germany,Male,27,6,"€ 105,291.26",9476213.4
15596710,Ku,640,France,Female,33,1,"€ 145,381.65",13084348.5
15781678,Pisani,470,Spain,Male,31,4,"€ 103,792.53",9341327.7
15634968,Hsueh,789,Germany,Female,37,6,"€ 71,121.04",6400893.6
15609475,Ricci,604,Spain,Female,39,7,"€ 52,327.57",4709481.3
15573319,Azubuike,493,Germany,Female,35,8,"€ 197,428.64",17768577.6
15738291,Nevzorova,671,France,Female,48,8,"€ 83,210.84",7488975.6
15782456,Odili,656,France,Male,46,9,"€ 193,099.43",17378948.7
15794841,Kung,739,Spain,Male,19,5,"€ 193,008.52",17370766.8
15684696,Lei,560,Spain,Female,26,3,"€ 157,567.37",14181063.3
15629846,Sheehan,827,Germany,Female,47,8,"€ 108,977.50",9807975
15674442,Kung,681,FRA,Male,23,7,"€ 147,759.84",13298385.6
15571689,Kelechi,740,French,Female,37,5,"€ 27,528.40",2477556
15730469,Anenechi,663,Spain,Male,31,4,"€ 36,479.27",3283134.3
15809320,McElhone,845,Spain,Female,52,0,"€ 31,726.76",2855408.4
15684367,Chigbogu,555,Spain,Male,27,5,"€ 96,398.51",8675865.9
15793049,Atkins,680,Germany,Female,48,8,"€ 139,558.60",12560274
15603665,Colombo,638,Germany,Female,39,0,"€ 95,007.80",8550702
15613623,Tilley,640,Spain,Male,62,3,"€ 101,663.47",9149712.3
15569572,Sopuluchi,778,FRA,Male,42,6,"€ 106,197.44",9557769.6
15698791,Udinesi,679,French,Male,45,3,"€ 48,466.89",4362020.1
15626233,Onyekachi,593,France,Female,32,3,"€ 151,978.36",13678052.4
15607263,McCartney,788,FRA,Male,55,3,"€ 13,288.46",1195961.4
15610900,Thompson,770,France,Female,70,9,"€ 22,666.77",2040009.3
15624775,Onyeoruru,729,FRA,Male,67,2,"€ 102,391.06",9215195.4
15691703,Shih,545,French,Male,47,8,"€ 67,830.20",6104718
15745355,Golibe,597,FRA,Male,41,4,"€ 92,090.36",8288132.4
15724955,Lucchesi,537,French,Male,38,3,"€ 141,023.01",12692070.9
15628999,Townsend,732,France,Male,79,10,"€ 104,222.80",9380052
15654341,Chao,542,FRA,Male,34,8,"€ 196,395.05",17675554.5
15744240,Shen,688,Germany,Female,46,0,"€ 6,866.31",617967.9
15632365,Booth,542,Germany,Male,33,8,"€ 77,737.86",6996407.4
15729689,Chan,754,Germany,Male,35,6,"€ 106,116.84",9550515.6
15759284,Yeh,750,FRA,Female,37,6,"€ 117,948.00",10615320
15602124,Badgery,731,France,Male,30,7,"€ 184,581.68",16612351.2
15661903,Hsia,699,France,Female,43,3,"€ 199,378.58",17944072.2
15664668,Zarate,534,France,Female,42,9,"€ 12,483.39",1123505.1
15736431,Congreve,494,Spain,Male,27,2,"€ 22,404.64",2016417.6
15748639,Hayslett,497,Germany,Male,35,7,"€ 92,887.06",8359835.4
15628123,Robinson,632,France,Female,28,5,"€ 145,157.97",13064217.3
15602731,Wong,724,French,Male,31,5,"€ 134,889.95",12140095.5
15794137,Nevzorova,751,Germany,Female,37,0,"€ 109,309.29",9837836.1
15748696,Page,733,France,Male,42,9,"€ 169,964.12",15296770.8
15725068,Quinn,701,Spain,Female,21,9,"€ 26,327.42",2369467.8
15807340,O'Donnell,525,Germany,Male,33,4,"€ 55,072.93",4956563.7
15586133,Pisano,666,Germany,Female,44,2,"€ 68,574.88",6171739.2
15576185,Sinclair,653,France,Male,29,2,"€ 41,671.81",3750462.9
15660809,Loving,850,France,Male,28,4,"€ 12,409.01",1116810.9
15616666,Artemova,646,Germany,Female,52,6,"€ 68,367.18",6153046.2
15706904,Robertson,750,French,Male,43,6,"€ 74,564.41",6710796.9
15606915,Genovese,764,French,Male,24,7,"€ 26,843.76",2415938.4
15749693,Ugonnatubelum,658,France,Female,32,9,"€ 156,774.75",14109727.5
15791743,Corbett,727,French,Male,32,1,"€ 46,019.43",4141748.7
15796480,Reilly,687,French,Female,31,2,"€ 145,411.39",13087025.1
15790442,Wright,631,Spain,Male,33,2,"€ 158,268.84",14244195.6
15609458,Vincent,797,French,Male,30,10,"€ 74,637.57",6717381.3
15593897,Carr,650,Spain,Male,25,7,"€ 28,391.52",2555236.8
15604576,Eiland,850,Spain,Male,22,3,"€ 144,385.54",12994698.6
15666270,Omeokachie,676,French,Female,40,2,"€ 95,181.06",8566295.4
15572626,Mackenzie,620,Spain,Male,44,8,"€ 15,627.51",1406475.9
15727197,Pinto,576,French,Female,52,9,"€ 148,477.57",13362981.3
15714006,Gardener,482,French,Female,35,2,"€ 79,957.95",7196215.5
15642137,Fang,695,Spain,Female,39,5,"€ 102,763.69",9248732.1
15665327,Cattaneo,706,French,Male,18,2,"€ 129,654.22",11668879.8
15626806,Labrador,668,France,Female,32,2,"€ 40,652.33",3658709.7
15662578,Dettmann,679,Germany,Male,35,1,"€ 178,291.09",16046198.1
15790829,Gibson,703,FRA,Female,45,5,"€ 131,906.44",11871579.6
15654959,Hope,670,Spain,Male,67,6,"€ 118,607.40",10674666
15760244,Ives,590,French,Female,76,5,"€ 13,848.58",1246372.2
15715394,Greece,613,Spain,Male,35,4,"€ 170,903.40",15381306
15722246,Omeokachie,742,FRA,Female,60,4,"€ 13,161.66",1184549.4
15609704,Mao,608,French,Female,33,4,"€ 79,304.38",7137394.2
15757628,Savage,571,French,Male,40,10,"€ 121,402.53",10926227.7
15633586,Brierly,595,French,Female,39,7,"€ 23,305.01",2097450.9
15565796,Docherty,745,Germany,Male,48,10,"€ 74,510.65",6705958.5
15717935,McDonald,589,FRA,Female,21,3,"€ 55,601.44",5004129.6
15577700,Rapuokwu,749,France,Male,37,10,"€ 134,526.87",12107418.3
15747345,Bergamaschi,678,French,Female,22,6,"€ 195,424.01",17588160.9
15678317,Manfrin,603,French,Male,46,2,"€ 59,563.49",5360714.1
15698335,Bergamaschi,504,France,Female,73,8,"€ 34,595.58",3113602.2
15768451,MacDonald,739,Germany,Male,40,5,"€ 60,036.99",5403329.1
15753213,Lees,604,France,Female,34,7,"€ 193,021.49",17371934.1
15769645,Senior,612,French,Female,35,3,"€ 48,108.72",4329784.8
15657565,Nwokezuike,629,Spain,Female,44,6,"€ 79,082.76",7117448.4
15620323,Ekwueme,652,Spain,Female,42,3,"€ 37,914.12",3412270.8
15679983,Garmon,565,FRA,Male,34,7,"€ 74,593.84",6713445.6
15812616,Enyinnaya,707,FRA,Female,49,10,"€ 82,967.97",7467117.3
15601796,Chizuoke,645,French,Male,30,1,"€ 193,441.23",17409710.7
15729489,Hyde,762,Germany,Female,34,8,"€ 191,790.29",17261126.1
15613216,Cameron,639,Spain,Female,39,1,"€ 92,455.96",8321036.4
15657937,Lord,709,Germany,Male,22,0,"€ 155,231.55",13970839.5
15815428,Biryukova,823,France,Male,34,3,"€ 9,217.92",829612.8
15640409,Carpenter,817,Germany,Female,46,0,"€ 87,941.85",7914766.5
15699492,Lorenzo,665,Germany,Female,27,2,"€ 187,508.06",16875725.4
15623536,Madukwe,646,Germany,Male,39,0,"€ 171,519.06",15436715.4
15707551,Hutcheon,568,FRA,Male,30,8,"€ 27,012.00",2431080
15577999,Sleeman,850,FRA,Female,62,1,"€ 70,916.00",6382440
15788775,Milne,473,Germany,Male,40,8,"€ 73,073.68",6576631.2
15758362,Williamson,731,French,Female,41,9,"€ 88,783.59",7990523.1
15807961,Bruno,619,France,Male,25,4,"€ 145,524.36",13097192.4
15710978,Palerma,715,Germany,Male,42,2,"€ 21,333.22",1919989.8
15703541,Wang,772,Germany,Female,51,9,"€ 46,675.51",4200795.9
15626474,Onyemere,686,France,Female,31,1,"€ 4,802.25",432202.5
15608344,Dawson,749,Germany,Female,29,7,"€ 102,975.72",9267814.8
15768367,Nebechukwu,781,France,Female,27,7,"€ 175,071.29",15756416.1
15806210,Bateman,675,Spain,Male,66,5,"€ 131,970.86",11877377.4
15697702,Lord,730,Spain,Male,29,2,"€ 14,174.09",1275668.1
15689152,Loggia,683,Spain,Male,38,3,"€ 15,378.75",1384087.5
15568573,Graham,554,Germany,Female,51,7,"€ 179,797.79",16181801.1
15689598,Dean,722,France,Male,46,6,"€ 93,917.68",8452591.2
15713374,Jarvis,689,Germany,Male,67,9,"€ 99,490.01",8954100.9
15679733,Haugh,796,Germany,Male,40,2,"€ 46,415.09",4177358.1
15759274,Micklem,447,FRA,Female,32,10,"€ 151,815.76",13663418.4
15607748,Bennett,498,Germany,Male,37,8,"€ 14,865.05",1337854.5
15607577,Roberts,663,Spain,Male,27,8,"€ 188,007.99",16920719.1
15813697,Onyekaozulu,498,Germany,Female,44,2,"€ 98,175.74",8835816.6
15801125,Kegley,627,France,Female,32,1,"€ 106,851.70",9616653
15777855,Manna,649,French,Male,45,7,"€ 75,204.21",6768378.9
15635396,Thompson,738,Germany,Female,29,9,"€ 141,872.05",12768484.5
15698031,Romano,587,Germany,Female,39,6,"€ 7,103.71",639333.9
15678944,Brown,655,Germany,Female,32,6,"€ 9,241.83",831764.7
15718507,Su,647,Germany,Male,37,3,"€ 149,517.71",13456593.9
15808334,Mackay,776,Germany,Female,37,1,"€ 196,079.32",17647138.8
15804709,Watt,688,Germany,Male,35,5,"€ 166,165.93",14954933.7
15645835,Milani,605,FRA,Male,32,9,"€ 55,724.24",5015181.6
15738166,Hsu,596,French,Female,39,10,"€ 131,768.98",11859208.2
15675360,Valenzuela,427,FRA,Male,33,8,"€ 13,858.95",1247305.5
15793042,Sung,629,FRA,Male,39,2,"€ 82,774.07",7449666.3
15630106,Lo,496,Spain,Male,29,2,"€ 55,389.59",4985063.1
15810385,Giordano,717,Spain,Female,36,2,"€ 82,336.73",7410305.7
15578211,Connolly,777,French,Male,23,6,"€ 163,225.48",14690293.2
15572792,Bellucci,535,Spain,Male,35,8,"€ 135,536.72",12198304.8
15620030,Jamieson,744,FRA,Male,29,1,"€ 82,422.97",7418067.3
15783541,Fomina,755,FRA,Male,31,5,"€ 194,660.78",17519470.2
15679284,Aksenov,593,Spain,Female,45,6,"€ 55,347.28",4981255.2
15582910,Turnbull,514,FRA,Male,38,4,"€ 16,717.11",1504539.9
15688337,Dixon,721,FRA,Male,40,9,"€ 160,277.65",14424988.5
15734970,White,835,Spain,Male,38,7,"€ 175,905.97",15831537.3
15759140,Long,682,French,Female,64,10,"€ 66,040.83",5943674.7
15643042,Han,590,Germany,Female,40,2,"€ 92,198.05",8297824.5
15773868,Belov,653,Germany,Female,37,3,"€ 134,625.09",12116258.1
15615820,MacDonald,837,French,Male,49,8,"€ 50,974.57",4587711.3
15730273,Parsons,841,FRA,Male,27,8,"€ 171,922.72",15473044.8
15724890,Cross,584,Spain,Male,36,4,"€ 83,058.14",7475232.6
15765952,Milanesi,769,FRA,Male,29,4,"€ 188,382.77",16954449.3
15685920,Lombardo,599,Spain,Male,34,2,"€ 198,030.24",17822721.6
15663263,Collins,698,France,Male,47,5,"€ 1,055.66",95009.4
15568953,Alexeieva,477,French,Male,27,1,"€ 133,173.19",11985587.1
15643361,Cullen,477,Germany,Male,34,8,"€ 189,875.83",17088824.7
15699486,Johnson,745,Spain,Male,34,7,"€ 31,802.92",2862262.8
15747854,Rudd,749,France,Female,35,3,"€ 132,649.85",11938486.5
15691785,Findlay,850,France,Male,61,1,"€ 53,067.83",4776104.7
15709004,Mai,528,Germany,Male,22,5,€ 961.57,86541.3
15652218,Morrison,750,FRA,Male,33,2,"€ 71,333.44",6420009.6
15697127,Monaldo,543,France,Female,31,2,"€ 16,658.76",1499288.4
15658486,Gidney,579,Spain,Female,59,3,"€ 74,878.22",6739039.8
15694160,Sagese,624,France,Male,37,0,"€ 112,104.55",10089409.5
15685290,Wall,595,Germany,Male,46,5,"€ 48,421.40",4357926
15701042,Dalton,596,Germany,Female,27,2,"€ 170,320.58",15328852.2
15680449,Hsing,431,Germany,Female,44,2,"€ 37,688.31",3391947.9
15599860,Warner,647,Spain,Female,26,8,"€ 136,592.24",12293301.6
15723169,Williams,640,French,Female,31,9,"€ 48,640.77",4377669.3
15803842,Dunn,752,Germany,Female,45,3,"€ 89,773.45",8079610.5
15728224,Kerr,710,Germany,Female,41,9,"€ 42,131.26",3791813.4
15644174,Marchesi,638,Germany,Male,27,4,"€ 186,523.72",16787134.8
15707110,Endrizzi,660,Germany,Male,28,2,"€ 41,758.90",3758301
15765415,King,609,Spain,Female,45,4,"€ 199,256.98",17933128.2
15756751,Griffiths,596,Spain,Female,54,0,"€ 153,482.91",13813461.9
15795151,Hartzler,705,FRA,Female,38,3,"€ 21,177.10",1905939
15632859,Chukwudi,444,FRA,Male,36,7,"€ 138,743.86",12486947.4
15584037,Denisov,727,Germany,Male,58,5,"€ 25,881.00",2329290
15621409,Endrizzi,496,French,Male,32,4,"€ 66,469.20",5982228
15581102,Baresi,554,FRA,Female,22,8,"€ 142,670.61",12840354.9
15578096,Nnachetam,537,French,Male,26,7,"€ 103,563.23",9320690.7
15669887,Lambert,839,France,Female,51,3,"€ 69,101.23",6219110.7
15621834,Game,700,Spain,Female,43,0,"€ 59,475.35",5352781.5
15655341,Chinagorom,458,Spain,Female,35,5,"€ 135,287.74",12175896.6
15685314,Noble,850,French,Female,28,2,"€ 38,773.74",3489636.6
15653997,Haynes,699,Spain,Male,31,6,"€ 138,396.32",12455668.8
15629551,Cattaneo,615,Germany,Female,44,9,"€ 110,718.02",9964621.8
15651264,Yobanna,850,Germany,Male,51,4,"€ 118,545.49",10669094.1
15760825,Fraser,604,France,Female,40,1,"€ 123,207.17",11088645.3
15597394,Rhodes,668,Spain,Male,34,0,"€ 99,984.86",8998637.4
15740383,Jimenez,594,Spain,Female,38,10,"€ 58,332.91",5249961.9
15670562,Pharr,470,FRA,Male,30,3,"€ 50,906.65",4581598.5
15698117,Jerger,701,Germany,Male,41,0,"€ 127,623.36",11486102.4
15694805,McIntyre,664,Spain,Male,35,1,"€ 169,665.79",15269921.1
15746802,Onio,477,French,Female,30,6,"€ 194,144.45",17473000.5
15589428,Tomlinson,756,French,Female,42,9,"€ 35,673.42",3210607.8
15790267,Onuoha,625,FRA,Female,40,7,"€ 177,397.49",15965774.1
15665402,Panicucci,703,Spain,Male,73,5,"€ 159,677.46",14370971.4
15642093,Piccio,646,France,Male,30,7,"€ 153,566.97",13821027.3
15666181,Ramsden,650,French,Male,33,0,"€ 52,411.99",4717079.1
15602554,Vorobyova,664,FRA,Female,31,9,"€ 79,222.02",7129981.8
15724251,Todd,682,Germany,Female,29,6,"€ 32,589.89",2933090.1
15740147,Cremonesi,725,French,Female,44,10,"€ 93,777.61",8439984.9
15718289,Bradley,553,Germany,Male,46,3,"€ 112,549.99",10129499.1
15763148,Stanley,576,FRA,Male,39,9,"€ 191,063.36",17195702.4
15685245,Jowett,608,Spain,Female,56,5,"€ 153,810.41",13842936.9
15626985,Yefremova,850,FRA,Female,39,0,"€ 105,886.77",9529809.3
15585823,Wilson,627,FRA,Male,31,8,"€ 96,131.47",8651832.3
15728167,Abramovich,667,France,Male,44,2,"€ 15,120.86",1360877.4
15762928,Venables,548,Spain,Male,44,8,"€ 16,989.77",1529079.3
15751774,Monnier,774,French,Male,76,4,"€ 143,133.18",12881986.2
15654733,Hsieh,794,Germany,Male,57,3,"€ 93,336.93",8400323.7
15809777,Gadsden,497,Germany,Female,55,7,"€ 9,972.64",897537.6
15744200,Ni,587,France,Female,36,1,"€ 30,579.82",2752183.8
15720713,Chibueze,850,French,Female,29,10,"€ 199,775.67",17979810.3
15695356,Chinwemma,722,French,Male,46,5,"€ 179,908.71",16191783.9
15653315,Kang,555,Spain,Female,35,1,"€ 101,667.00",9150030
15604792,Kuo,609,Germany,Male,38,6,"€ 171,430.16",15428714.4
15704819,Ositadimma,734,Spain,Female,39,6,"€ 112,973.34",10167600.6
15670859,Smith,718,Germany,Female,39,7,"€ 190,746.38",17167174.2
15602797,Okwudilichukwu,645,Spain,Female,49,5,"€ 187,689.91",16892091.9
15662533,Porter,598,Spain,Female,23,6,"€ 153,229.19",13790627.1
15778154,Kung,628,Germany,Male,50,4,"€ 14,217.77",1279599.3
15806230,Trevisano,629,Germany,Male,40,2,"€ 64,849.74",5836476.6
15662884,Naylor,739,Germany,Male,58,1,"€ 160,122.66",14411039.4
15750778,Ponomarev,653,French,Female,60,2,"€ 138,160.11",12434409.9
15717185,Udinese,711,French,Male,28,8,"€ 64,286.39",5785775.1
15677804,Aliyeva,783,Spain,Male,38,1,"€ 80,178.54",7216068.6
15568915,Bailey,681,French,Male,38,6,"€ 101,319.76",9118778.4
15736495,Jackson,712,France,Male,34,8,"€ 92,794.61",8351514.9
15737354,Yin,554,France,Female,48,7,"€ 63,708.07",5733726.3
15667889,Akobundu,611,France,Female,37,6,"€ 110,782.88",9970459.2
15577831,Byrne,560,Germany,Male,41,4,"€ 10,779.69",970172.1
15729836,Robinson,646,Spain,Male,32,1,"€ 183,289.22",16496029.8
15775293,Stephenson,680,FRA,Male,34,3,"€ 66,526.01",5987340.9
15697597,Chiemenam,631,French,Male,26,1,"€ 123,697.95",11132815.5
15639669,Forbes,746,FRA,Male,36,9,"€ 155,700.15",14013013.5
15631392,Douglas,654,Germany,Male,43,9,"€ 82,081.35",7387321.5
15580935,Okechukwu,687,Germany,Male,33,9,"€ 121,747.96",10957316.4
15590344,Russell,708,Germany,Male,32,3,"€ 172,810.51",15552945.9
15653306,Ermakova,679,Germany,Female,32,0,"€ 159,584.81",14362632.9
15805025,Oster,636,FRA,Female,45,7,"€ 108,402.54",9756228.6
15658449,Chizoba,695,France,Male,45,9,"€ 77,330.35",6959731.5
15694450,Bianchi,677,France,Male,42,5,"€ 21,007.96",1890716.4
15605666,Peyser,720,French,Female,34,6,"€ 9,398.45",845860.5
15615126,Cocci,780,FRA,Female,37,3,"€ 182,156.81",16394112.9
15726588,Seleznev,653,Spain,Female,36,3,"€ 110,525.60",9947304
15645095,Huang,674,FRA,Female,28,3,"€ 51,536.99",4638329.1
15808960,Alleyne,620,Germany,Male,40,5,"€ 49,722.34",4475010.6
15729435,McKenzie,623,FRA,Male,40,6,"€ 66,119.07",5950716.3
15656840,Zikoranachukwudimma,547,France,Female,29,6,"€ 37,160.28",3344425.2
15659149,King,530,FRA,Male,39,2,"€ 197,923.05",17813074.5
15585490,Nkemdilim,746,French,Female,34,4,"€ 65,166.60",5864994
15674929,Anderson,512,France,Female,31,7,"€ 49,326.07",4439346.3
15746341,Ejikemeifeuwa,630,France,Male,40,8,"€ 42,495.81",3824622.9
15662091,Adams,570,Spain,Male,21,7,"€ 148,087.62",13327885.8
15620123,Christie,605,FRA,Male,39,6,"€ 9,641.40",867726
15616240,Yeh,530,Spain,Male,37,4,"€ 164,844.37",14835993.3
15624186,McGregor,813,Germany,Female,25,5,"€ 132,959.33",11966339.7
15605036,Pisano,704,Spain,Female,37,9,"€ 135,088.58",12157972.2
15805151,Ginikanwa,565,Germany,Male,31,2,"€ 4,441.54",399738.6
15753847,Hawkins,645,Spain,Male,45,4,"€ 174,916.85",15742516.5
15653222,Otutodilichukwu,526,Germany,Female,32,6,"€ 1,795.93",161633.7
15757541,Rickard,778,FRA,Female,33,9,"€ 180,249.94",16222494.6
15726945,Andreev,677,FRA,Female,72,8,"€ 153,604.44",13824399.6
15794276,Steele,588,France,Female,64,3,"€ 189,703.65",17073328.5
15568328,Black,488,France,Female,22,6,"€ 66,393.89",5975450.1
15604355,Shand,519,French,Male,39,1,"€ 30,709.03",2763812.7
15735788,Chiagoziem,709,France,Male,31,6,"€ 71,009.84",6390885.6
15618255,Fedorov,642,Germany,Female,56,6,"€ 143,049.72",12874474.8
15720941,Tien,710,Germany,Male,34,8,"€ 1,561.58",140542.2
15769110,Stehle,653,French,Female,46,5,"€ 49,707.85",4473706.5
15576094,Sung,743,France,Male,71,0,"€ 29,837.65",2685388.5
15756150,Alexander,418,French,Female,39,2,"€ 9,041.71",813753.9
15719579,McIntosh,670,Germany,Female,33,9,"€ 198,017.05",17821534.5
15748854,Sung,723,Germany,Female,28,5,"€ 143,481.85",12913366.5
15612455,Yao,549,Germany,Male,45,6,"€ 146,372.51",13173525.9
15664802,Chinweuba,543,France,Female,42,5,"€ 101,905.34",9171480.6
15735687,Chinweuba,595,Spain,Male,37,2,"€ 134,767.13",12129041.7
15664734,T'ao,673,Germany,Female,25,3,"€ 103,573.96",9321656.4
15767894,Ch'ien,741,France,Female,21,9,"€ 139,259.54",12533358.6
15666884,Su,508,Germany,Female,41,5,"€ 187,776.49",16899884.1
15750156,Yu,662,Germany,Male,59,2,"€ 8,059.44",725349.6
15751120,Loyau,752,France,Female,36,2,"€ 124,354.92",11191942.8
15575748,Conti,809,France,Male,36,9,"€ 109,135.11",9822159.9
15714610,Alexeeva,575,Spain,Male,30,2,"€ 82,222.86",7400057.4
15720305,Power,591,Spain,Female,40,1,"€ 136,767.16",12309044.4
15678129,Hill,643,Spain,Female,45,9,"€ 155,516.35",13996471.5
15566633,Freeman,698,Germany,Male,55,8,"€ 144,584.29",13012586.1
15680436,Hsing,496,French,Female,29,4,"€ 164,806.89",14832620.1
15674343,Esposito,597,French,Male,44,8,"€ 109,153.04",9823773.6
15658890,Belonwu,603,Germany,Male,46,4,"€ 86,190.34",7757130.6
15599004,Tsao,655,Spain,Male,37,1,"€ 106,040.97",9543687.3
15726487,P'eng,431,French,Male,63,6,"€ 168,008.17",15120735.3
15698716,Baker,620,FRA,Female,70,3,"€ 33,350.26",3001523.4
15710527,Matthews,782,French,Female,35,4,"€ 119,565.34",10760880.6
15655590,Garcia,581,Spain,Male,46,2,"€ 188,492.82",16964353.8
15732266,Field,553,Germany,Male,53,5,"€ 165,378.66",14884079.4
15669326,Gordon,658,FRA,Male,44,2,"€ 14,178.73",1276085.7
15672246,Jefferies,686,Germany,Male,43,2,"€ 97,847.05",8806234.5
15620276,Palermo,539,Spain,Male,36,6,"€ 118,959.64",10706367.6
15640258,Chou,685,France,Female,50,6,"€ 50,664.07",4559766.3
15740283,Ewing,850,France,Male,29,1,"€ 152,996.89",13769720.1
15759717,Mazzi,763,Spain,Female,39,7,"€ 19,458.75",1751287.5
15620268,Thomson,634,Germany,Male,43,3,"€ 115,268.86",10374197.4
15743871,Nkemdirim,567,France,Male,59,3,"€ 25,843.70",2325933
15614491,Lockyer,539,FRA,Male,39,3,"€ 147,662.33",13289609.7
15595047,Murray,764,France,Male,41,7,"€ 134,878.34",12139050.6
15732334,Black,653,French,Female,40,0,"€ 35,795.85",3221626.5
15701206,Torreggiani,566,Spain,Male,44,5,"€ 66,462.79",5981651.1
15581280,Atkinson,714,Germany,Male,29,6,"€ 69,578.49",6262064.1
15651943,Richards,580,Spain,Female,65,1,"€ 103,182.46",9286421.4
15609545,Azubuike,548,France,Male,29,5,"€ 177,017.39",15931565.1
15658548,Ignatiev,646,Germany,Female,36,6,"€ 53,217.30",4789557
15626008,Miller,622,Germany,Female,52,9,"€ 162,756.29",14648066.1
15774133,Cox,706,French,Female,35,8,"€ 42,181.68",3796351.2
15763798,McMillan,680,French,Male,23,5,"€ 31,714.08",2854267.2
15758013,Napolitano,698,FRA,Male,37,5,"€ 25,017.28",2251555.2
15705765,Lane,581,Spain,Female,46,1,"€ 104,272.04",9384483.6
15648362,Kennedy,728,Germany,Male,45,3,"€ 84,300.40",7587036
15761102,T'ao,707,Spain,Female,32,4,"€ 136,877.24",12318951.6
15610165,Hsiung,761,France,Female,26,1,"€ 199,409.19",17946827.1
15723717,Heath,483,Germany,Male,41,1,"€ 163,147.99",14683319.1
15654611,Parry,736,Germany,Female,25,9,"€ 136,497.28",12284755.2
15659736,Herbert,716,Germany,Male,66,5,"€ 10,070.40",906336
15603170,Kang,654,French,Male,32,9,"€ 190,068.53",17106167.7
15786167,Andreyeva,649,Spain,Male,20,5,"€ 58,309.54",5247858.6
15671915,Bowen,649,FRA,Male,46,5,"€ 76,946.60",6925194
15794792,Golubev,612,French,Female,31,8,"€ 54,129.86",4871687.4
15652789,Hancock,657,Spain,Male,40,10,"€ 52,990.70",4769163
15739168,Fowler,511,France,Female,31,5,"€ 161,854.98",14566948.2
15719950,Sutherland,682,FRA,Male,61,10,"€ 172,141.33",15492719.7
15743818,Rowley,748,Spain,Male,58,9,"€ 124,429.19",11198627.1
15717937,Gibbons,554,Germany,Male,43,5,"€ 24,983.39",2248505.1
15602841,Lockett,794,Spain,Female,28,5,"€ 86,699.98",7802998.2
15619972,Akabueze,807,FRA,Female,47,9,"€ 125,440.11",11289609.9
15796114,Phelps,594,French,Female,34,7,"€ 9,443.15",849883.5
15633546,Frederick,652,Spain,Female,33,3,"€ 195,877.06",17628935.4
15758755,Beneventi,729,French,Female,34,9,"€ 105,409.31",9486837.9
15695168,Bruce,625,French,Male,39,2,"€ 100,403.05",9036274.5
15754342,Green,597,Germany,Female,60,0,"€ 48,502.88",4365259.2
15756610,Carlson,657,Germany,Female,38,5,"€ 47,019.66",4231769.4
15640917,Tang,633,France,Male,43,5,"€ 48,249.88",4342489.2
15663164,Yudin,663,Germany,Male,49,7,"€ 84,358.71",7592283.9
15616811,MacDonald,535,France,Male,47,0,"€ 145,986.35",13138771.5
15610781,Watt,702,French,Female,29,10,"€ 88,550.28",7969525.2
15600911,Mbadiwe,712,FRA,Male,33,2,"€ 3,061.00",275490
15629603,Chuang,607,French,Male,31,8,"€ 43,196.50",3887685
15714981,Sabbatini,476,French,Male,37,4,"€ 55,775.84",5019825.6
15775892,Caldwell,748,Spain,Female,23,8,"€ 134,077.71",12066993.9
15782778,Ewers,815,France,Male,35,4,"€ 198,490.33",17864129.7
15786643,Tsao,602,French,Male,32,10,"€ 116,052.92",10444762.8
15595657,Hannam,649,Germany,Male,40,4,"€ 123,202.99",11088269.1
15743673,Wood,551,Spain,Male,27,2,"€ 85,129.77",7661679.3
15634310,Ko,509,French,Male,30,6,"€ 180,598.86",16253897.4
15790809,Lo Duca,685,Spain,Male,40,7,"€ 198,694.20",17882478
15668695,Endrizzi,536,French,Female,22,5,"€ 42,934.43",3864098.7
15669281,Ch'iu,711,Spain,Male,38,3,"€ 114,793.45",10331410.5
15621031,Mofflin,761,Spain,Male,27,8,"€ 63,297.70",5696793
15720071,Fiorentini,535,FRA,Female,49,3,"€ 61,820.41",5563836.9
15792180,Chiekwugo,566,Germany,Male,22,7,"€ 102,246.00",9202140
15813894,Bogle,620,Spain,Male,21,9,"€ 154,882.79",13939451.1
15669490,Ifeanacho,837,Germany,Male,37,6,"€ 140,723.05",12665074.5
15783030,Owens,685,FRA,Female,40,7,"€ 72,852.74",6556746.6
15695792,Ch'ien,673,French,Male,65,0,"€ 85,733.33",7715999.7
15575676,Chung,638,French,Male,24,1,"€ 162,597.15",14633743.5
15627665,Sung,614,FRA,Male,46,4,"€ 74,379.57",6694161.3
15814092,Wang,626,French,Female,44,2,"€ 173,117.22",15580549.8
15695225,Sun,834,Spain,Male,38,8,"€ 66,485.26",5983673.4
15615091,Maitland,691,France,Male,24,6,"€ 92,811.20",8353008
15794345,Ma,706,Spain,Male,38,8,"€ 46,635.11",4197159.9
15726484,Pollard,633,French,Male,37,7,"€ 124,830.11",11234709.9
15650442,Hsieh,644,Germany,Female,32,8,"€ 167,087.34",15037860.6
15714256,Gerasimov,666,FRA,Male,30,7,"€ 163,625.56",14726300.4
15778752,Johnson,708,FRA,Male,32,10,"€ 172,129.26",15491633.4
15601659,Fiorentino,496,Germany,Female,59,7,"€ 163,141.18",14682706.2
15602811,Chioke,730,Germany,Male,38,0,"€ 94,003.11",8460279.9
15779414,Rossi,696,Spain,Male,40,3,"€ 138,351.68",12451651.2
15763097,Siciliano,809,Spain,Male,80,8,"€ 34,164.05",3074764.5
15633666,Efremov,701,Spain,Female,33,7,"€ 97,794.71",8801523.9
15718789,Brigstocke,604,French,Male,30,5,"€ 75,786.55",6820789.5
15690620,Olisaemeka,665,French,Male,39,10,"€ 136,812.02",12313081.8
15737071,Tang,639,France,Female,60,5,"€ 84,361.72",7592554.8
15665062,Lucchese,696,France,Male,19,1,"€ 2,766.63",248996.7
15600692,West,520,FRA,Male,38,5,"€ 163,185.76",14686718.4
15792064,Pai,545,Germany,Male,53,5,"€ 180,598.28",16253845.2
15811486,Tang,634,Germany,Female,29,8,"€ 69,849.55",6286459.5
15626141,Fedorov,750,France,Female,26,1,"€ 19,921.72",1792954.8
15738546,Gboliwe,530,Spain,Female,41,4,"€ 147,606.71",13284603.9
15677052,Ko,589,FRA,Female,59,2,"€ 126,160.24",11354421.6
15656454,Le Gallienne,654,FRA,Male,37,6,"€ 47,046.72",4234204.8
15645496,Seleznyova,648,FRA,Female,43,7,"€ 143,668.58",12930172.2
15612505,Joseph,835,Spain,Male,45,3,"€ 152,577.62",13731985.8
15708513,Bevan,446,French,Female,39,1,"€ 191,350.48",17221543.2
15685654,Allan,514,Spain,Male,66,9,"€ 14,234.31",1281087.9
15732307,Lavrentiev,694,Germany,Male,33,4,"€ 77,906.87",7011618.3
15726814,Walton,554,Spain,Male,46,4,"€ 57,320.92",5158882.8
15653776,Salier,720,Germany,Female,57,1,"€ 27,145.73",2443115.7
15597914,Evdokimov,641,Germany,Female,51,2,"€ 26,912.72",2422144.8
15631603,Ponomaryova,813,France,Male,32,1,"€ 26,476.18",2382856.2
15789753,Millar,480,FRA,Male,40,6,"€ 79,329.70",7139673
15678034,Grosse,811,France,Male,46,9,"€ 13,464.64",1211817.6
15690209,Hsiao,715,Germany,Female,32,3,"€ 114,149.80",10273482
15592091,Belbin,620,Spain,Male,31,2,"€ 135,171.60",12165444
15647453,Ifeajuna,721,French,Male,42,4,"€ 1,187.88",106909.2
15697100,Wright,772,Germany,Female,48,6,"€ 184,564.67",16610820.3
15811290,Komarova,680,Germany,Male,44,0,"€ 33,391.38",3005224.2
15629187,Titheradge,535,FRA,Male,38,8,"€ 9,238.35",831451.5
15758073,Dellucci,655,French,Female,20,7,"€ 28,029.54",2522658.6
15640769,Hobbs,660,France,Male,63,8,"€ 42,790.29",3851126.1
15606641,Beggs,762,Germany,Male,56,10,"€ 77,142.42",6942817.8
15718280,Luffman,662,Germany,Male,39,5,"€ 146,219.90",13159791
15764335,Caldwell,463,Germany,Female,41,8,"€ 70,127.93",6311513.7
15634218,Mancini,501,Germany,Male,27,4,"€ 132,104.76",11889428.4
15808760,Evseev,603,Spain,Female,42,6,"€ 90,437.87",8139408.3
15648461,Hs?eh,688,Spain,Male,37,7,"€ 113,926.31",10253367.9
15593555,Chinedum,430,FRA,Male,38,9,"€ 12,050.77",1084569.3
15569079,Hagins,632,Germany,Male,48,6,"€ 64,345.61",5791104.9
15800736,Kirwan,601,Spain,Female,42,4,"€ 199,242.65",17931838.5
15792607,Little,769,FRA,Female,38,2,"€ 75,578.67",6802080.3
15640034,Milligan,551,French,Male,42,2,"€ 43,435.43",3909188.7
15807563,Ch'iu,841,France,Female,52,5,"€ 183,239.71",16491573.9
15684461,McKay,469,Spain,Female,31,6,"€ 146,213.75",13159237.5
15580134,Crawford,479,Spain,Male,27,2,"€ 40,315.27",3628374.3
15679075,Onyemere,701,FRA,Male,37,8,"€ 16,966.73",1527005.7
15742504,Azuka,593,French,Male,36,2,"€ 80,608.12",7254730.8
15567328,Ch'en,738,Spain,Male,38,5,"€ 19,233.41",1731006.9
15698294,Royster,635,Spain,Male,31,1,"€ 135,382.23",12184400.7
15607142,Parkin,658,French,Male,32,8,"€ 80,410.68",7236961.2
15738516,Kozlova,687,Spain,Female,36,5,"€ 17,696.22",1592659.8
15806403,Hu,650,France,Male,37,9,"€ 17,974.08",1617667.2
15656707,Ma,720,Spain,Male,21,2,"€ 180,712.28",16264105.2
15653715,Coates,602,FRA,Female,63,7,"€ 56,323.21",5069088.9
15806184,Burns,618,Spain,Male,33,4,"€ 77,550.18",6979516.2
15585734,Gouger,803,Germany,Male,41,9,"€ 166,957.82",15026203.8
15725639,Ignatyev,793,FRA,Female,63,9,"€ 184,243.25",16581892.5
15618401,Douglas,616,Germany,Male,41,10,"€ 114,072.91",10266561.9
15785385,Fiorentino,550,Spain,Male,51,5,"€ 153,917.41",13852566.9
15734762,Ignatiev,602,France,Female,56,3,"€ 4,176.17",375855.3
15767129,Munz,452,FRA,Female,60,6,"€ 142,963.29",12866696.1
15797204,Paling,655,Spain,Female,28,3,"€ 76,844.23",6915980.7
15769272,Clark,510,French,Female,26,6,"€ 159,742.33",14376809.7
15771966,Akobundu,557,FRA,Male,39,8,"€ 177,944.64",16015017.6
15691952,Fanucci,676,France,Male,37,10,"€ 166,678.28",15001045.2
15593250,Hsiao,640,FRA,Female,29,4,"€ 44,904.26",4041383.4
15605333,Clancy,529,Spain,Male,31,6,"€ 10,625.91",956331.9
15800083,Macdonald,559,France,Male,45,8,"€ 169,781.45",15280330.5
15575691,Palerma,689,French,Female,58,5,"€ 49,848.86",4486397.4
15689886,Holden,626,Germany,Male,39,10,"€ 51,467.92",4632112.8
15809838,Moore,697,Spain,Male,30,1,€ 735.79,66221.1
15736154,Gallo,823,FRA,Female,44,1,"€ 182,495.70",16424613
15767391,Otutodilinna,565,Germany,Female,32,4,"€ 118,740.37",10686633.3
15704910,Rios,631,Spain,Male,23,3,"€ 13,813.24",1243191.6
15656613,McGregor,646,France,Female,34,3,"€ 130,500.65",11745058.5
15611551,Hill,676,Spain,Male,48,1,"€ 14,152.15",1273693.5
15732430,H?,850,Spain,Female,54,4,"€ 66,963.15",6026683.5
15741865,Ferrari,810,French,Female,38,9,"€ 93,261.69",8393552.1
15634143,Onyemauchechi,581,Spain,Male,30,0,"€ 196,582.28",17692405.2
15609676,Nkemakonam,718,FRA,Female,35,2,"€ 43,024.64",3872217.6
15761600,White,713,FRA,Male,43,5,"€ 130,001.13",11700101.7
15676404,Kirillov,672,FRA,Female,50,1,"€ 12,106.82",1089613.8
15659236,Iadanza,781,Spain,Male,33,3,"€ 42,556.33",3830069.7
15690440,Stiles,656,Spain,Male,47,1,"€ 197,961.93",17816573.7
15694601,Ankudinov,583,French,Female,31,4,"€ 12,538.92",1128502.8
15812262,Gaffney,808,Germany,Female,37,2,"€ 35,140.49",3162644.1
15762821,Udinese,721,Spain,Male,33,5,"€ 117,626.90",10586421
15669301,Romani,778,Germany,Female,29,6,"€ 62,454.01",5620860.9
15672640,Kambinachi,850,Spain,Female,45,4,"€ 109,089.04",9818013.6
15750458,Hawkins,693,France,Female,39,4,"€ 142,331.39",12809825.1
15627251,Tsui,520,FRA,Male,34,4,"€ 193,209.11",17388819.9
15764294,Ifeatu,759,Germany,Male,31,4,"€ 47,832.82",4304953.8
15659962,McIntosh,637,French,Male,60,3,"€ 70,174.03",6315662.7
15788536,Armit,755,Germany,Male,40,2,"€ 176,768.59",15909173.1
15596979,Fang,662,France,Female,47,6,"€ 129,392.75",11645347.5
15681220,Chou,503,French,Female,37,8,"€ 97,893.32",8810398.8
15635097,Okeke,599,Germany,Male,39,2,"€ 176,142.09",15852788.1
15780779,Ramsbotham,583,Spain,Female,40,4,"€ 114,093.73",10268435.7
15798470,Scannell,764,Spain,Female,48,1,"€ 158,323.81",14249142.9
15760880,Edman,513,French,Male,29,10,"€ 25,514.77",2296329.3
15616929,De Luca,730,Spain,Male,62,5,"€ 61,513.87",5536248.3
15758775,Vasilyeva,820,Spain,Male,34,10,"€ 59,553.34",5359800.6
15663386,Tuan,597,Spain,Female,26,7,"€ 110,253.20",9922788
15621267,Ejimofor,637,FRA,Male,32,5,"€ 148,769.08",13389217.2
15720509,Hs?,696,French,Male,34,9,"€ 8,236.78",741310.2
15693322,Shaver,635,Germany,Female,37,9,"€ 11,407.58",1026682.2
15589544,Wallis,673,Spain,Female,57,4,"€ 49,684.09",4471568.1
15772030,Coupp,662,Spain,Male,33,3,"€ 68,064.83",6125834.7
15693337,Perry,683,Spain,Male,41,0,"€ 163,911.32",14752018.8
15676571,Bezrukova,850,FRA,Male,55,6,€ 944.41,84996.9
15701392,Lucciano,815,Spain,Male,28,6,"€ 185,547.71",16699293.9
15741092,Ingram,671,Spain,Male,34,10,"€ 140,509.86",12645887.4
15643865,Lo Duca,601,French,Female,40,3,"€ 164,652.02",14818681.8
15769389,Wan,709,Germany,Female,39,9,"€ 73,641.86",6627767.4
15807768,Cohn,702,Germany,Male,28,1,"€ 40,321.87",3628968.3
15801630,Yen,558,France,Male,40,6,"€ 173,844.89",15646040.1
15705034,Peng,691,Spain,Male,40,1,"€ 145,613.17",13105185.3
15763107,Little,700,France,Female,30,9,"€ 174,971.64",15747447.6
15667085,Meng,667,France,Male,33,4,"€ 131,834.75",11865127.5
15647008,Adams,624,Germany,Male,54,3,"€ 110,498.10",9944829
15584505,Hill,580,French,Female,23,5,"€ 196,241.43",17661728.7
15748068,Boyle,571,Spain,Female,31,3,"€ 194,667.92",17520112.8
15663964,Pagnotto,561,French,Male,37,5,"€ 83,093.25",7478392.5
15782311,Feng,529,FRA,Male,28,9,"€ 52,545.24",4729071.6
15588197,Endrizzi,670,FRA,Male,36,7,"€ 59,571.50",5361435
15610105,Shen,666,Germany,Female,21,1,"€ 99,818.31",8983647.9
15606133,Lay,628,Spain,Male,42,7,"€ 172,967.87",15567108.3
15599403,Wu,577,French,Male,60,10,"€ 178,616.73",16075505.7
15648225,Shephard,652,Spain,Female,38,1,"€ 159,649.44",14368449.6
15608406,Schmidt,678,French,Male,26,5,"€ 60,941.27",5484714.3
15633378,Davidson,692,Spain,Female,49,9,"€ 178,342.63",16050836.7
15664759,Lamb,675,Spain,Male,32,10,"€ 191,545.65",17239108.5
15625545,Hussey,712,Spain,Male,52,9,"€ 117,977.45",10617970.5
15772148,Ferrari,639,Germany,Female,37,5,"€ 49,637.65",4467388.5
15810829,Macfarlan,618,France,Male,48,7,"€ 13,921.82",1252963.8
15731669,Szabados,554,FRA,Male,39,2,"€ 173,197.12",15587740.8
15738634,Yuan,533,FRA,Male,47,9,"€ 137,696.25",12392662.5
15737571,Matveyev,540,Spain,Female,28,6,"€ 80,698.54",7262868.6
15667602,Cheng,704,Spain,Male,33,3,"€ 73,018.74",6571686.6
15684147,Palerma,678,French,Male,43,5,"€ 79,649.62",7168465.8
15789874,Wang,712,France,Female,29,3,"€ 166,194.53",14957507.7
15757952,Teng,651,France,Male,44,2,"€ 102,530.35",9227731.5
15698732,K'ung,789,Germany,Male,51,3,"€ 74,265.38",6683884.2
15714355,Sinclair,775,Germany,Male,32,8,"€ 125,898.39",11330855.1
15599090,McKelvey,564,Germany,Male,40,7,"€ 83,681.20",7531308
15762048,Yuan,841,Germany,Female,33,7,"€ 99,505.75",8955517.5
15790596,Moran,850,Spain,Male,39,0,"€ 92,748.16",8347334.4
15609623,McConnell,637,FRA,Female,63,5,"€ 28,092.77",2528349.3
15711901,Iheatu,500,FRA,Male,45,2,"€ 126,145.08",11353057.2
15779809,Giordano,655,FRA,Male,44,8,"€ 188,593.98",16973458.2
15729018,Alexander,666,FRA,Female,33,2,"€ 56,410.17",5076915.3
15698246,Gordon,658,French,Female,24,2,"€ 84,694.49",7622504.1
15712409,Tang,749,Germany,Male,66,6,"€ 195,429.92",17588692.8
15758306,T'an,654,France,Male,32,6,"€ 137,898.57",12410871.3
15621435,Davies,623,France,Female,39,1,"€ 78,774.36",7089692.4
15566295,Sanders,761,French,Female,33,6,"€ 148,779.41",13390146.9
15569098,Winifred,627,France,Male,44,6,"€ 35,300.08",3177007.2
15662532,Holmes,757,Germany,Male,31,8,"€ 197,077.36",17736962.4
15664001,Riddle,695,Germany,Female,53,8,"€ 70,140.80",6312672
15703437,Chinedum,726,France,Male,34,3,"€ 196,288.46",17665961.4
15708003,Aleksandrova,587,Spain,Male,41,8,"€ 1,557.82",140203.8
15599452,Conti,605,Germany,Female,43,8,"€ 23,970.13",2157311.7
15719793,Watson,850,Spain,Male,62,5,"€ 180,243.56",16221920.4
15771580,Davison,850,FRA,Female,38,0,"€ 148,977.72",13407994.8
15732268,Cook,751,France,Male,29,3,"€ 39,934.41",3594096.9
15722350,Udinesi,627,Germany,Female,37,7,"€ 133,031.96",11972876.4
15611371,Siciliani,736,French,Male,43,4,"€ 52,856.88",4757119.2
15673584,Bell,652,FRA,Female,74,5,€ 937.15,84343.5
15636396,Jackson,627,French,Female,35,7,"€ 193,022.44",17372019.6
15706170,Onyemere,636,French,Male,34,1,"€ 37,490.84",3374175.6
15725478,McClemans,775,FRA,Male,60,7,"€ 111,558.70",10040283
15654562,Ma,850,Spain,Female,45,5,"€ 5,669.31",510237.9
15737509,Morrison,850,Spain,Male,34,8,"€ 68,106.29",6129566.1
15690796,Chambers,516,French,Male,37,8,"€ 101,834.58",9165112.2
15716728,Basedow,513,Spain,Female,42,10,"€ 73,151.25",6583612.5
15605665,Nwora,673,Germany,Female,69,3,"€ 37,196.15",3347653.5
15748481,Howey,564,FRA,Female,27,6,"€ 7,819.76",703778.4
15757777,Pai,636,French,Female,35,2,"€ 23,129.46",2081651.4
15747808,Ni,712,France,Male,29,3,"€ 189,680.79",17071271.1
15810593,Forbes,568,France,Male,51,4,"€ 66,586.56",5992790.4
15693376,Baryshnikov,741,Spain,Male,43,0,"€ 2,920.63",262856.7
15579808,Kramer,754,Germany,Female,39,8,"€ 87,684.93",7891643.7
15598275,Sochima,709,FRA,Female,32,7,"€ 199,418.02",17947621.8
15737080,Marchesi,510,France,Female,32,1,"€ 28,515.17",2566365.3
15668580,Todd,716,Spain,Male,33,2,"€ 92,916.53",8362487.7
15569438,Mai,607,Germany,Male,36,10,"€ 198,313.69",17848232.1
15675842,Pinto,656,Spain,Male,26,4,"€ 36,308.93",3267803.7
15577587,Reynolds,550,Germany,Male,52,5,"€ 41,730.37",3755733.3
15625592,Sal,486,French,Male,26,2,"€ 31,399.40",2825946
15635141,Miller,598,Germany,Male,59,8,"€ 60,192.14",5417292.6
15642570,Scott,675,Spain,Male,35,8,"€ 29,062.25",2615602.5
15702175,Herrin,755,France,Female,29,4,"€ 28,805.09",2592458.1
15677785,Stevenson,656,Spain,Male,32,5,"€ 133,814.28",12043285.2
15786153,McKenzie,644,Germany,Male,47,9,"€ 151,902.78",13671250.2
15759499,Gardiner,598,FRA,Female,32,4,"€ 167,376.26",15063863.4
15659568,Atkinson,850,Spain,Female,31,3,"€ 31,022.56",2792030.4
15715597,Onyemauchechi,679,FRA,Male,36,1,"€ 188,997.08",17009737.2
15610147,Ross,632,France,Male,60,2,"€ 2,085.32",187678.8
15802362,Newland,550,Spain,Male,45,0,"€ 70,399.71",6335973.9
15660524,Hu,572,Germany,Female,54,9,"€ 195,771.95",17619475.5
15747168,Sanders,626,Germany,Female,47,2,"€ 166,475.44",14982789.6
15796910,Tsui,625,Spain,Female,57,7,"€ 84,106.17",7569555.3
15707674,Marino,515,French,Female,58,2,"€ 81,436.68",7329301.2
15565706,Akobundu,612,Spain,Male,35,1,"€ 83,256.26",7493063.4
15587596,Morrison,628,Spain,Female,39,8,"€ 117,523.41",10577106.9
15751943,Mai,529,Spain,Female,43,5,"€ 79,476.63",7152896.7
15621227,Hs?eh,668,Germany,Female,46,7,"€ 173,052.19",15574697.1
15757588,Wright,526,France,Male,30,9,"€ 100,995.68",9089611.2
15640922,Demaine,791,FRA,Female,52,7,"€ 122,782.50",11050425
15567557,Chien,573,FRA,Male,27,2,"€ 11,631.34",1046820.6
15670103,Dickinson,565,French,Female,38,5,"€ 168,303.55",15147319.5
15720929,Kazantseva,604,French,Female,47,8,"€ 9,308.10",837729
15732774,Marchesi,656,France,Male,37,7,"€ 153,157.97",13784217.3
15628558,Pan,447,FRA,Female,44,5,"€ 75,408.24",6786741.6
15729201,Harewood,682,France,Male,55,9,"€ 153,356.80",13802112
15731117,Kao,437,Spain,Male,28,2,"€ 152,987.42",13768867.8
15615207,Yeh,792,Spain,Male,47,0,"€ 5,557.88",500209.2
15773512,Bischof,627,Spain,Female,25,4,"€ 194,313.93",17488253.7
15572145,Ashton,767,France,Female,34,8,"€ 94,767.77",8529099.3
15642710,Napolitani,686,France,Male,26,7,"€ 1,540.89",138680.1
15574213,Wilson,789,France,Female,53,1,"€ 5,036.39",453275.1
15718852,Uren,794,French,Male,56,9,"€ 71,776.76",6459908.4
15583840,Okechukwu,587,Germany,Male,35,5,"€ 23,481.69",2113352.1
15782418,Ku,589,Germany,Female,19,9,"€ 143,022.31",12872007.9
15813504,Onyemachukwu,543,Germany,Female,25,1,"€ 161,407.48",14526673.2
15711314,Kao,589,Spain,Female,45,1,"€ 125,939.22",11334529.8
15621064,Russell,701,Germany,Male,23,5,"€ 76,611.33",6895019.7
15627847,Woronoff,850,FRA,Male,40,6,"€ 136,985.08",12328657.2
15588090,Ferri,726,Germany,Female,51,8,"€ 140,937.91",12684411.9
15735270,Ruggiero,767,Spain,Male,47,2,"€ 48,161.18",4334506.2
15671804,Wilding,648,Spain,Male,36,8,"€ 130,041.45",11703730.5
15753215,Yashina,651,Spain,Female,36,8,"€ 91,652.43",8248718.7
15789941,Yevseyev,633,FRA,Female,36,6,"€ 125,961.48",11336533.2
15691061,Rapuokwu,740,France,Female,37,9,"€ 73,225.31",6590277.9
15808326,Maslov,592,French,Female,34,9,"€ 20,460.20",1841418
15566660,Cole,670,France,Female,41,10,"€ 81,602.02",7344181.8
15778947,Sullivan,628,French,Male,36,3,"€ 8,742.91",786861.9
15632977,Hsiao,745,French,Male,47,5,"€ 145,789.71",13121073.9
15591747,Rossi,705,French,Male,32,3,"€ 129,576.99",11661929.1
15567335,Allsop,559,FRA,Female,42,7,"€ 190,040.29",17103626.1
15609299,Chamberlain,595,French,Male,29,6,"€ 87,771.06",7899395.4
15669945,Jackson,492,France,Male,35,4,"€ 39,519.53",3556757.7
15736271,Dumetochukwu,498,France,Female,29,9,"€ 190,035.83",17103224.7
15710390,Uspensky,655,French,Female,39,6,"€ 148,948.52",13405366.8
15756481,Garcia,636,FRA,Female,39,3,"€ 184,691.77",16622259.3
15736730,Soto,634,France,Female,45,2,"€ 143,458.31",12911247.9
15626040,McDonald,793,Spain,Male,63,0,"€ 27,166.75",2445007.5
15746553,Castles,526,Germany,Male,50,5,"€ 159,456.87",14351118.3
15622518,Stephenson,768,FRA,Female,26,5,"€ 70,454.79",6340931.1
15684908,Davidson,540,Germany,Male,64,1,"€ 95,421.00",8587890
15569446,Tu,732,France,Female,34,8,"€ 187,985.85",16918726.5
15777504,Colbert,617,France,Female,30,8,"€ 92,621.90",8335971
15677906,Owens,637,Spain,Female,54,5,"€ 150,836.98",13575328.2
15703292,Chimezie,573,FRA,Male,26,8,"€ 90,177.30",8115957
15712938,Genovese,531,France,Male,44,3,"€ 34,416.79",3097511.1
15631359,Daluchi,489,FRA,Female,38,5,"€ 85,231.88",7670869.2
15720847,Sheffield,601,France,Male,35,2,"€ 118,983.18",10708486.2
15787830,Bailey,452,Germany,Male,33,7,"€ 111,868.23",10068140.7
15599869,Dyson,728,Spain,Female,29,1,"€ 83,056.22",7475059.8
15592078,Davide,590,Germany,Female,27,8,"€ 1,676.92",150922.8
15596228,Uwaezuoke,490,French,Male,29,4,"€ 32,089.57",2888061.3
15578462,Hs?,596,Spain,Female,76,9,"€ 13,455.43",1210988.7
15756894,Onwuka,635,French,Male,29,1,"€ 24,865.54",2237898.6
15796167,Flores,782,Germany,Male,35,7,"€ 117,644.36",10587992.4
15664808,Nicoll,790,Spain,Female,37,3,"€ 98,897.32",8900758.8
15664555,Hughes,587,FRA,Male,40,2,"€ 106,174.70",9555723
15607278,Romano,794,Spain,Female,46,8,"€ 46,386.37",4174773.3
15585222,Norman,515,FRA,Male,41,8,"€ 185,054.14",16654872.6
15750299,Davison,746,Spain,Male,24,10,"€ 47,997.39",4319765.1
15761294,Manna,667,Germany,Female,56,8,"€ 130,846.79",11776211.1
15810454,Reed,709,France,Male,32,4,"€ 40,861.55",3677539.5
15673984,Daniels,536,FRA,Female,35,8,"€ 171,840.24",15465621.6
15609319,Hunt,711,France,Female,41,3,"€ 101,455.07",9130956.3
15709941,Feng,753,FRA,Male,46,8,"€ 90,747.94",8167314.6
15580252,Waters,748,FRA,Male,44,4,"€ 2,048.55",184369.5
15741275,Yuan,623,FRA,Female,57,7,"€ 84,421.34",7597920.6
15707132,Yudin,465,French,Male,33,5,"€ 78,698.09",7082828.1
15600708,Calabresi,640,Spain,Female,34,3,"€ 168,544.85",15169036.5
15804787,Onyemauchechukwu,562,France,Male,75,5,"€ 39,351.64",3541647.6
15690021,Martin,502,Germany,Female,42,0,"€ 28,204.98",2538448.2
15763895,Hung,536,France,Male,32,7,"€ 22,375.14",2013762.6
15623478,Maslova,670,Germany,Female,32,4,"€ 134,942.45",12144820.5
15797910,Zetticci,775,Germany,Male,51,2,"€ 134,901.57",12141141.3
15577751,Pisano,759,Germany,Male,30,4,"€ 8,693.80",782442
15781777,Sutherland,604,FRA,Male,33,3,"€ 42,437.75",3819397.5
15740527,Lai,766,Germany,Female,62,7,"€ 5,893.23",530390.7
15721251,Watson,554,Spain,Female,41,4,"€ 36,242.19",3261797.1
15602994,Gorbunov,487,French,Female,53,10,"€ 90,076.85",8106916.5
15750769,Padovano,725,French,Male,35,7,"€ 150,507.43",13545668.7
15740175,Raynor,732,Germany,Female,42,2,"€ 87,422.15",7867993.5
15679968,Ting,623,France,Male,40,5,"€ 192,867.40",17358066
15694404,Eberegbulam,781,French,Female,42,3,"€ 175,674.01",15810660.9
15657529,Chin,714,Germany,Male,53,1,"€ 72,496.05",6524644.5
15762882,Manna,577,Germany,Female,31,4,"€ 145,250.43",13072538.7
15642579,Chang,731,Spain,Female,37,1,"€ 180,712.52",16264126.8
15598884,Kent,650,Spain,Female,23,5,"€ 180,622.43",16256018.7
15770185,Buckley,779,France,Male,32,10,"€ 86,306.75",7767607.5
15800287,Micco,706,Spain,Female,46,2,"€ 150,156.82",13514113.8
15665861,Avdeev,733,Spain,Male,44,3,"€ 101,617.43",9145568.7
15662203,Bremer,579,Germany,Female,42,3,"€ 85,424.34",7688190.6
15616454,Davidson,476,Germany,Female,34,8,"€ 197,221.81",17749962.9
15702788,Gadsdon,775,France,Male,40,9,"€ 70,196.57",6317691.3
15778149,Connolly,538,Spain,Male,68,9,"€ 110,440.50",9939645
15680001,McDonald,602,France,Male,38,7,"€ 124,389.61",11195064.9
15711991,Chiawuotu,615,France,Male,30,8,"€ 3,183.15",286483.5
15633834,Milne,700,Germany,Female,28,3,"€ 146,723.72",13205134.8
15765266,Fleming,615,France,Male,32,1,"€ 2,139.25",192532.5
15791867,Hicks,544,Germany,Male,44,2,"€ 69,228.20",6230538
15675380,Logan,573,Spain,Male,56,3,"€ 115,462.27",10391604.3
15770576,Hammond,555,Spain,Male,50,7,"€ 62,375.10",5613759
15775294,Weber,692,FRA,Female,31,2,"€ 91,829.17",8264625.3
15727059,Lettiere,476,France,Female,40,4,"€ 182,547.04",16429233.6
15702499,Schnaars,770,Spain,Male,46,9,"€ 14,725.36",1325282.4
15611699,Tao,641,French,Female,40,7,"€ 126,996.67",11429700.3
15654000,Algarin,705,FRA,Female,35,5,"€ 133,991.11",12059199.9
15657881,Onyemere,784,FRA,Male,38,5,"€ 169,920.92",15292882.8
15719991,Korovina,727,Spain,Female,52,1,"€ 80,259.67",7223370.3
15720687,Chidubem,576,French,Female,41,4,"€ 191,035.18",17193166.2
15687079,King,646,Spain,Male,69,10,"€ 40,421.87",3637968.3
15582276,Greco,638,French,Male,34,5,"€ 155,643.04",14007873.6
15763980,Beneventi,632,Germany,Male,30,1,"€ 78,670.52",7080346.8
15720774,P'eng,850,Spain,Male,44,7,"€ 104,240.77",9381669.3
15592194,Metcalf,492,France,Female,28,9,"€ 95,957.09",8636138.1
15803685,Greco,673,Germany,Female,77,10,"€ 59,595.66",5363609.4
15759456,Lupton,609,Spain,Male,34,7,"€ 46,266.63",4163996.7
15611544,Ibeamaka,701,Germany,Male,36,7,"€ 189,085.07",17017656.3
15794257,Hsiung,651,French,Male,34,4,"€ 123,954.15",11155873.5
15681697,Rueda,508,FRA,Male,31,8,"€ 129,803.08",11682277.2
15579566,Li Fonti,616,Spain,Female,43,3,"€ 18,761.92",1688572.8
15577970,Alexeeva,489,FRA,Male,34,5,"€ 43,540.59",3918653.1
15727489,Madueke,567,Spain,Female,45,1,"€ 62,193.92",5597452.8
15764284,Torres,714,Spain,Male,27,3,"€ 129,130.09",11621708.1
15581811,Chukwubuikem,678,Germany,Female,30,1,"€ 16,146.00",1453140
15622527,Holloway,581,France,Female,55,6,"€ 22,442.13",2019791.7
15753362,Evdokimov,748,Spain,Male,60,3,"€ 78,194.37",7037493.3
15666652,Anayolisa,781,French,Female,19,3,"€ 124,297.32",11186758.8
15789714,Semmens,691,Spain,Male,21,3,"€ 104,648.58",9418372.2
15771543,Tu,507,Germany,Male,31,2,"€ 166,423.66",14978129.4
15748327,Anderson,724,Germany,Male,34,6,"€ 157,137.23",14142350.7
15754649,Fang,705,Spain,Female,57,3,"€ 34,134.14",3072072.6
15810460,Fanucci,708,Spain,Female,64,5,"€ 112,520.07",10126806.3
15771742,Boyle,580,Germany,Male,38,9,"€ 128,481.50",11563335
15642160,Milanesi,850,FRA,Male,38,5,"€ 16,491.64",1484247.6
15798439,Davidson,714,Spain,Male,25,2,"€ 132,979.43",11968148.7
15605293,McKay,559,French,Female,43,1,"€ 196,645.87",17698128.3
15692631,Bogdanova,577,Spain,Female,44,8,"€ 127,506.76",11475608.4
15665376,Lavrentiev,647,Germany,Female,35,3,"€ 147,930.46",13313741.4
15772412,Corser,554,Spain,Male,30,6,"€ 179,689.05",16172014.5
15654577,Alexeeva,549,Germany,Male,54,5,"€ 2,619.64",235767.6
15585427,Madueke,528,France,Female,26,10,"€ 166,799.93",15011993.7
15584536,Barber,720,Germany,Male,46,3,"€ 133,516.51",12016485.9
15585853,McCardle,743,Spain,Male,41,7,"€ 163,736.09",14736248.1
15645271,Radcliffe-Brown,615,Germany,Male,24,8,"€ 179,488.41",16153956.9
15579387,Ni,635,Germany,Female,44,2,"€ 113,291.75",10196257.5
15623107,Chukwumaobim,686,Spain,Male,45,3,"€ 64,907.48",5841673.2
15754072,Dennis,840,Spain,Female,36,6,"€ 141,364.27",12722784.3
15666163,Hayward,695,France,Male,43,1,"€ 101,141.28",9102715.2
15765192,Jones,564,France,Male,26,7,"€ 183,490.99",16514189.1
15804822,L?,805,France,Female,31,4,"€ 4,798.12",431830.8
15612893,Nelson,558,Spain,Male,45,4,"€ 131,807.14",11862642.6
15593636,Cardus,657,France,Female,39,4,"€ 97,192.76",8747348.4
15693326,Whitehouse,641,France,Female,42,7,"€ 164,128.58",14771572.2
15809901,Johnstone,755,FRA,Male,36,8,"€ 176,809.87",15912888.3
15759751,Tsui,483,France,Male,48,1,"€ 110,059.38",9905344.2
15605425,Chia,545,Germany,Female,44,2,"€ 108,398.63",9755876.7
15801934,Su,678,France,Male,66,8,"€ 47,117.03",4240532.7
15592000,Calabresi,781,Germany,Female,48,9,"€ 124,720.68",11224861.2
15618695,Ts'ui,571,Spain,Female,22,3,"€ 53,328.70",4799583
15637110,McCulloch,634,Spain,Female,35,10,"€ 82,634.41",7437096.9
15727408,Koo,523,Germany,Male,27,8,"€ 147,059.16",13235324.4
15716328,Miller,501,FRA,Female,40,2,"€ 141,946.92",12775222.8
15669060,Woolnough,662,French,Male,74,6,"€ 123,583.85",11122546.5
15675854,Douglas,573,Spain,Male,50,0,"€ 155,915.24",14032371.6
15621116,Fang,648,Germany,Male,33,5,"€ 29,076.27",2616864.3
15781495,Munro,662,France,Female,22,2,"€ 97,382.80",8764452
15740470,Vinogradov,725,FRA,Male,39,4,"€ 57,643.55",5187919.5
15714391,Lai,563,FRA,Female,35,2,"€ 66,006.75",5940607.5
15730137,Udegbulam,628,French,Male,31,0,"€ 72,350.47",6511542.3
15596455,Mao,546,Spain,Female,45,2,"€ 197,789.83",17801084.7
15717290,Onyekaozulu,688,Germany,Male,41,2,"€ 65,520.74",5896866.6
15616555,Fu,850,Germany,Male,41,8,"€ 31,825.84",2864325.6
15659820,Cross,614,French,Female,34,5,"€ 185,561.89",16700570.1
15696301,Snider,719,French,Female,37,9,"€ 25,803.59",2322323.1
15771087,Harrison,757,FRA,Female,71,0,"€ 154,337.47",13890372.3
15808831,Dale,669,France,Male,29,7,"€ 138,145.62",12433105.8
15812241,Udinese,438,Germany,Male,59,7,"€ 51,565.98",4640938.2
15680370,DeRose,492,FRA,Male,39,7,"€ 71,323.23",6419090.7
15780561,Hay,622,France,Female,39,9,"€ 38,882.34",3499410.6
15800784,Bruce,645,France,Male,42,4,€ 676.06,60845.4
15715796,Romani,728,France,Male,37,0,"€ 72,203.80",6498342
15605375,Tseng,651,France,Male,35,2,"€ 174,094.24",15668481.6
15621520,Tang,783,Germany,Female,42,2,"€ 2,150.22",193519.8
15665460,Isayeva,732,Spain,Female,67,1,"€ 177,783.04",16000473.6
15801152,Hill,553,Spain,Female,39,1,"€ 44,363.42",3992707.8
15756425,Barnes,660,France,Male,30,7,"€ 96,847.91",8716311.9
15674328,Moreno,670,France,Female,40,3,"€ 148,579.43",13372148.7
15742404,McGregor,718,FRA,Male,38,7,"€ 38,308.34",3447750.6
15757140,Genovese,787,France,Male,51,0,"€ 142,538.31",12828447.9
15570051,Gill,775,Germany,Female,38,6,"€ 153,122.58",13781032.2
15669175,Ts'ai,479,Germany,Male,24,6,"€ 169,505.83",15255524.7
15790324,Green,660,FRA,Female,20,6,"€ 57,929.90",5213691
15691119,Martin,721,Germany,Male,68,4,"€ 175,399.14",15785922.6
15743478,Johnson,659,Germany,Male,39,8,"€ 107,964.36",9716792.4
15707007,Onio,743,FRA,Female,39,8,"€ 94,263.44",8483709.6
15572547,Vaguine,670,French,Female,45,9,"€ 155,921.81",14032962.9
15567063,Manna,766,Germany,Female,34,6,"€ 137,995.66",12419609.4
15689633,Toomey,845,Spain,Female,38,2,"€ 179,631.85",16166866.5
15720637,Bell,710,Germany,Female,46,10,"€ 166,586.99",14992829.1
15616859,Bonwick,602,Germany,Female,43,2,"€ 115,116.35",10360471.5
15766166,Folliero,604,Spain,Male,43,2,"€ 23,881.62",2149345.8
15617655,Holt,564,Spain,Female,35,9,"€ 105,837.38",9525364.2
15623450,Brown,637,Germany,Female,27,7,"€ 101,418.05",9127624.5
15796612,Ch'ang,527,France,Female,31,1,"€ 182,266.01",16403940.9
15795963,Fiorentini,687,French,Male,34,7,"€ 28,698.17",2582835.3
15781598,Middleton,756,Germany,Male,41,6,"€ 50,422.36",4538012.4
15691871,Millar,503,Germany,Male,42,9,"€ 151,336.96",13620326.4
15740345,Osborne,657,Spain,Male,42,5,"€ 112,979.60",10168164
15662626,Feng,666,French,Female,40,2,"€ 36,371.27",3273414.3
15596575,Vale,615,Germany,Male,39,5,"€ 52,166.25",4694962.5
15657321,Arkwookerum,712,Germany,Male,27,8,"€ 147,261.58",13253542.2
15575955,Lujan,764,FRA,Female,24,0,"€ 88,724.49",7985204.1
15743893,Alexeyeva,471,France,Male,42,3,"€ 190,531.77",17147859.3
15697270,Gannon,608,Spain,Male,27,4,"€ 199,953.33",17995799.7
15644356,Prokhorova,682,Spain,Female,47,10,"€ 144,290.97",12986187.3
15677586,Romero,587,Germany,Female,32,3,"€ 130,514.78",11746330.2
15571261,Toscani,714,Germany,Female,35,6,"€ 53,954.24",4855881.6
15698758,Onwuamaegbu,630,Spain,Female,31,1,"€ 169,802.73",15282245.7
15787014,King,648,Germany,Female,28,8,"€ 146,851.73",13216655.7
15739857,Trentino,785,FRA,Female,40,3,"€ 96,832.82",8714953.8
15774630,Peacock,601,Germany,Female,47,1,"€ 57,553.02",5179771.8
15805523,Nnaife,717,FRA,Female,28,1,"€ 74,800.99",6732089.1
15749557,Chao,707,French,Female,44,6,"€ 192,542.17",17328795.3
15681180,Barese,771,France,Female,23,7,"€ 72,990.62",6569155.8
15742028,Udegbulam,602,French,Female,35,5,"€ 31,050.02",2794501.8
15686463,Fu,626,French,Male,38,7,"€ 52,795.56",4751600.4
15654379,Onwuatuegwu,588,Spain,Male,59,4,"€ 27,435.41",2469186.9
15783629,Degtyaryov,616,Germany,Female,42,6,"€ 150,266.81",13524012.9
15751193,Nnaemeka,621,Spain,Male,33,4,"€ 40,299.23",3626930.7
15724099,Udinese,674,French,Male,26,6,"€ 149,369.41",13443246.9
15568429,Mitchell,633,Spain,Female,46,3,"€ 120,250.58",10822552.2
15648967,Ch'en,698,Germany,Female,64,1,"€ 84,760.32",7628428.8
15664498,Golovanov,508,FRA,Male,26,7,"€ 156,424.40",14078196
15779522,Efimov,736,FRA,Female,24,0,"€ 109,355.73",9842015.7
15583850,Davidson,672,Germany,Male,68,0,"€ 184,936.77",16644309.3
15696539,Wade,613,FRA,Female,21,7,"€ 36,560.51",3290445.9
15760121,Maynard,712,France,Male,32,9,"€ 165,693.06",14912375.4
15628279,Murphy,624,FRA,Female,38,3,"€ 163,666.85",14730016.5
15766163,Zotova,676,France,Male,38,1,"€ 35,644.79",3208031.1
15566467,Hannah,683,Germany,Female,32,0,"€ 188,203.58",16938322.2
15639049,Cartagena,489,France,Female,31,7,"€ 6,120.84",550875.6
15736413,Hall,739,France,Male,29,1,"€ 164,484.78",14803630.2
15634815,Hunt,701,FRA,Female,37,3,"€ 164,268.28",14784145.2
15716381,Greece,666,Germany,Female,50,7,"€ 140,136.10",12612249
15708162,Thomson,565,Germany,Female,40,1,"€ 121,084.27",10897584.3
15569364,Victor,666,FRA,Male,36,3,"€ 35,156.54",3164088.6
15791191,Mitchell,633,French,Male,59,2,"€ 103,159.11",9284319.9
15621205,Olisaemeka,578,France,Male,34,4,"€ 74,858.30",6737247
15704788,Krawczyk,812,Spain,Female,49,8,"€ 91,556.57",8240091.3
15775756,Alexandrova,809,Germany,Male,33,8,"€ 199,203.21",17928288.9
15641312,Paterson,615,France,Male,36,6,"€ 27,011.80",2431062
15782531,Chou,684,Spain,Female,31,8,"€ 188,637.05",16977334.5
15724428,Abel,544,French,Male,40,8,"€ 61,581.20",5542308
15743617,Chesnokova,713,Germany,Male,47,1,"€ 197,529.23",17777630.7
15585839,Niu,633,French,Male,37,2,"€ 182,258.17",16403235.3
15658158,Sullivan,672,Germany,Female,23,10,"€ 80,778.50",7270065
15637678,Ma,661,French,Male,35,5,"€ 155,394.52",13985506.8
15701809,Cavill,749,Spain,Female,28,3,"€ 3,408.70",306783
15676937,Nicholls,635,Spain,Female,32,8,"€ 19,367.98",1743118.2
15778975,Nnonso,850,Germany,Female,70,1,"€ 62,282.99",5605469.1
15710375,Gibson,641,French,Male,41,6,"€ 65,396.79",5885711.1
15579914,Garcia,633,Germany,Male,30,2,"€ 139,712.81",12574152.9
15595160,Renwick,413,Spain,Male,35,2,"€ 60,972.84",5487555.6
15595391,Norris,538,France,Male,31,1,"€ 1,375.46",123791.4
15630363,Nkemakonam,437,French,Female,39,0,"€ 22,191.82",1997263.8
15692443,Piccio,612,Spain,Male,33,5,"€ 8,973.67",807630.3
15593795,Linton,516,Germany,Female,53,1,"€ 118,502.34",10665210.6
15642824,Onyekaozulu,826,Spain,Female,56,8,"€ 161,802.82",14562253.8
15683524,Tobenna,660,Germany,Female,23,6,"€ 90,494.72",8144524.8
15713532,Wang,646,Germany,Female,29,4,"€ 15,470.91",1392381.9
15719827,O'Donnell,767,French,Male,36,3,"€ 65,147.27",5863254.3
15578435,Langlands,640,France,Male,40,8,"€ 157,886.60",14209794
15723028,Smith,778,French,Male,33,1,"€ 85,439.73",7689575.7
15595609,Sykes,679,Germany,Male,52,9,"€ 54,038.62",4863475.8
15622443,Marshall,549,France,Male,31,4,"€ 25,684.85",2311636.5
15579112,Gibson,598,French,Male,47,2,"€ 186,116.54",16750488.6
15648479,Stephenson,655,French,Female,45,0,"€ 166,830.71",15014763.9
15659234,Y?,494,FRA,Male,30,3,"€ 27,886.06",2509745.4
15811970,Kang,653,FRA,Female,42,1,"€ 5,768.32",519148.8
15774192,Miller,539,Germany,Female,38,8,"€ 80,575.44",7251789.6
15595136,Kryukov,645,FRA,Female,37,1,"€ 68,987.55",6208879.5
15630580,Y?,751,Germany,Male,34,9,"€ 27,097.82",2438803.8
15660646,Fanucci,528,France,Male,35,3,"€ 199,320.77",17938869.3
15614365,Lombardi,696,Germany,Male,31,3,"€ 5,566.60",500994
15776128,Hs?,716,France,Female,44,6,"€ 133,871.83",12048464.7
15787035,Anderson,602,FRA,Female,35,8,"€ 152,843.53",13755917.7
15792646,Trentino,647,Spain,Female,64,1,"€ 41,800.18",3762016.2
15726832,Donnelly,850,Germany,Male,61,3,"€ 92,053.75",8284837.5
15773260,Tsou,590,France,Female,32,0,"€ 100,717.54",9064578.6
15624437,Johnson,825,Spain,Female,32,1,"€ 42,935.15",3864163.5
15717138,Watson,850,Spain,Male,31,6,"€ 149,170.92",13425382.8
15657317,Allan,789,France,Female,32,7,"€ 107,499.39",9674945.1
15626948,Butcher,701,FRA,Female,42,6,"€ 153,342.38",13800814.2
15758901,Henderson,713,Spain,Female,47,1,"€ 107,825.08",9704257.2
15777759,Boucaut,570,French,Male,30,2,"€ 47,952.45",4315720.5
15773322,Obiajulu,536,Germany,Female,44,4,"€ 131,007.18",11790646.2
15697318,Ifeatu,771,Germany,Male,32,9,"€ 33,143.04",2982873.6
15678916,Kelly,512,French,Female,75,2,"€ 123,304.62",11097415.8
15632118,Pirozzi,698,Spain,Male,45,5,"€ 141,970.02",12777301.8
15788118,Siciliano,656,France,Male,33,7,"€ 37,136.15",3342253.5
15788930,Silva,761,Spain,Male,37,7,"€ 199,293.01",17936370.9
15628583,Iweobiegbunam,709,France,Female,30,5,"€ 161,388.22",14524939.8
15635177,Williamson,597,Spain,Female,66,3,"€ 70,532.53",6347927.7
15587690,Madueke,592,France,Male,28,2,"€ 144,290.25",12986122.5
15627630,Chiagoziem,599,France,Female,41,1,"€ 96,069.82",8646283.8
15610930,Kwemto,572,Germany,Female,35,1,"€ 185,662.84",16709655.6
15657747,Zito,611,Germany,Female,43,9,"€ 17,913.25",1612192.5
15568006,Ukaegbunam,634,FRA,Female,45,2,"€ 101,039.53",9093557.7
15751748,Trevisani,666,French,Male,51,2,"€ 156,953.54",14125818.6
15722212,Edmondstone,696,French,Female,41,8,"€ 28,276.83",2544914.7
15658670,Chien,669,France,Female,38,8,"€ 84,049.16",7564424.4
15761654,Boni,726,Spain,Male,30,8,"€ 147,822.44",13304019.6
15812210,Yashina,497,Germany,Female,32,8,"€ 9,497.99",854819.1
15787051,Georg,750,Spain,Female,39,7,"€ 87,067.73",7836095.7
15642991,Tung,850,Spain,Female,29,7,"€ 23,237.25",2091352.5
15713769,Michelides,617,Spain,Male,38,7,"€ 27,239.28",2451535.2
15605826,Korovina,652,Germany,Male,46,10,"€ 151,481.86",13633367.4
15648898,Chuang,560,Spain,Female,27,7,"€ 114,669.79",10320281.1
15705309,Yuriev,629,Spain,Male,39,5,"€ 116,748.14",10507332.6
15734202,Chidimma,660,Germany,Female,52,4,"€ 90,877.76",8178998.4
15658852,Stevens,676,FRA,Male,38,8,"€ 133,692.88",12032359.2
15612633,Kao,581,Spain,Male,43,9,"€ 30,662.91",2759661.9
15604818,Edmund la Touche,798,FRA,Male,34,9,"€ 191,395.88",17225629.2
15593900,Belousov,705,FRA,Male,38,1,"€ 106,648.58",9598372.2
15624995,McCane,714,Spain,Female,31,6,"€ 50,899.91",4580991.9
15570087,Parry-Okeden,664,French,Female,44,8,"€ 115,452.51",10390725.9
15802617,Hudson,697,Germany,Male,43,7,"€ 64,139.10",5772519
15656029,Marsden,609,French,Male,37,6,"€ 22,030.72",1982764.8
15739194,Manfrin,548,Spain,Male,38,0,"€ 38,434.73",3459125.7
15607275,Ch'ang,850,Spain,Male,39,6,"€ 42,774.84",3849735.6
15629475,Clark,656,France,Male,41,2,"€ 158,973.77",14307639.3
15635034,Aldrich,727,Germany,Male,37,9,"€ 34,551.35",3109621.5
15756333,Khan,642,France,Female,55,7,"€ 101,515.76",9136418.4
15777436,Murray,710,Spain,Female,31,5,"€ 9,561.73",860555.7
15676835,Anayolisa,710,Spain,Male,33,1,"€ 168,313.17",15148185.3
15574206,Shillito,718,French,Female,37,7,"€ 55,100.09",4959008.1
15613017,McMillan,586,Germany,Male,32,1,"€ 31,830.06",2864705.4
15815131,Howells,617,Spain,Female,36,7,"€ 71,519.40",6436746
15585455,Stewart,630,FRA,Male,28,9,"€ 32,599.35",2933941.5
15692929,Ikechukwu,791,Germany,Female,42,10,"€ 139,946.68",12595201.2
15758081,Repina,673,Spain,Male,39,8,"€ 110,468.51",9942165.9
15667476,Cox,477,Germany,Female,36,3,"€ 74,042.00",6663780
15738248,Lo,662,FRA,Female,37,5,"€ 151,871.84",13668465.6
15672152,Grant,850,Germany,Male,37,9,"€ 199,693.84",17972445.6
15673372,Stevenson,635,FRA,Female,58,1,"€ 58,907.08",5301637.2
15587611,Kauffmann,537,FRA,Male,59,9,"€ 103,799.77",9341979.3
15803415,Samsonova,579,France,Female,39,3,"€ 93,835.64",8445207.6
15715673,Niu,651,Spain,Female,46,4,"€ 156,425.57",14078301.3
15655648,Bock,610,FRA,Female,25,2,"€ 123,723.83",11135144.7
15763613,Barlow,581,FRA,Male,30,1,"€ 199,464.08",17951767.2
15660385,Stevenson,592,France,Male,39,7,"€ 83,084.33",7477589.7
15733261,Kung,688,Spain,Female,35,6,"€ 25,488.43",2293958.7
15796231,Nwankwo,681,French,Female,18,1,"€ 9,596.40",863676
15624866,Brewer,658,Germany,Male,37,3,"€ 70,370.24",6333321.6
15623730,Ch'iu,792,France,Male,34,1,"€ 86,330.32",7769728.8
15668248,Quinn,528,Germany,Female,62,7,"€ 168,507.68",15165691.2
15694518,Kodilinyechukwu,624,Spain,Female,36,0,"€ 111,605.90",10044531
15638028,Ifeanyichukwu,562,Germany,Male,31,4,"€ 143,317.42",12898567.8
15795895,Yermakova,678,Germany,Male,36,1,"€ 27,619.06",2485715.4
15694376,Sullivan,705,Germany,Female,64,3,"€ 146,573.66",13191629.4
15669204,Grant,650,Germany,Male,23,4,"€ 69,055.45",6214990.5
15773779,Jacka,593,Spain,Female,46,2,"€ 54,453.72",4900834.8
15580682,Tsai,652,France,Female,40,4,"€ 33,524.60",3017214
15768530,Emery,554,Spain,Female,27,4,"€ 135,083.73",12157535.7
15672875,Piccio,584,Germany,Male,32,8,"€ 137,439.34",12369540.6
15617082,Sanders,516,French,Male,33,7,"€ 11,205.50",1008495
15760514,Sharp,789,Germany,Female,43,9,"€ 60,176.10",5415849
15761775,Myers,598,Germany,Male,20,8,"€ 29,552.70",2659743
15799964,Campbell,669,Germany,Female,30,7,"€ 188,795.85",16991626.5
15693906,Abbott,645,FRA,Female,24,3,"€ 11,638.17",1047435.3
15739514,Preston,659,France,Female,32,9,"€ 93,155.75",8384017.5
15756926,Atherton,833,Germany,Male,29,1,"€ 48,986.18",4408756.2
15770984,Fanucci,697,Spain,Female,40,7,"€ 116,951.10",10525599
15703979,Evans,580,Germany,Male,39,3,"€ 137,041.26",12333713.4
15801821,Cookson,691,France,Male,38,1,"€ 44,653.50",4018815
15711028,Nnachetam,534,France,Male,52,1,"€ 104,035.41",9363186.9
15791842,Johnstone,478,French,Female,32,6,"€ 110,593.62",9953425.8
15746127,Hort,572,France,Female,47,2,"€ 36,099.70",3248973
15663625,Johnson,501,French,Male,37,4,"€ 12,470.30",1122327
15604891,Zaytseva,624,Spain,Female,38,8,"€ 95,403.41",8586306.9
15589666,Sorokina,595,FRA,Female,39,9,"€ 151,757.81",13658202.9
15627881,Diehl,603,FRA,Male,30,8,"€ 47,536.46",4278281.4
15664895,Onuchukwu,602,FRA,Female,25,0,"€ 101,274.17",9114675.3
15676094,Osonduagwuike,500,France,Female,34,6,"€ 140,268.45",12624160.5
15761720,Mead,422,France,Male,41,6,"€ 11,663.09",1049678.1
15611961,Stewart,615,French,Male,35,7,"€ 150,784.29",13570586.1
15680167,Thomson,635,FRA,Female,78,6,"€ 119,400.08",10746007.2
15762543,Goliwe,711,FRA,Female,32,1,"€ 126,188.42",11356957.8
15658475,Lori,834,FRA,Male,36,8,"€ 89,983.02",8098471.8
15779743,Onwuamaeze,633,French,Female,44,7,"€ 29,761.29",2678516.1
15661532,Butusov,650,French,Female,31,1,"€ 27,073.81",2436642.9
15782360,Rogers,743,Germany,Male,65,2,"€ 96,399.67",8675970.3
15767908,Nicholson,567,FRA,Male,38,6,"€ 45,422.89",4088060.1
15677105,Rossi,706,Germany,Female,46,4,"€ 108,699.59",9782963.1
15641474,Hall,638,France,Male,46,9,"€ 38,967.29",3507056.1
15624451,Huddart,641,French,Female,38,3,"€ 116,466.19",10481957.1
15577985,Chinomso,574,France,Female,34,5,"€ 17,993.43",1619408.7
15571666,Shaw,642,Germany,Male,30,8,"€ 43,250.54",3892548.6
15783691,Hargreaves,722,Spain,Female,35,1,"€ 125,240.80",11271672
15671172,Swain,623,France,Male,23,1,"€ 191,415.94",17227434.6
15731760,Butcher,681,French,Male,25,5,"€ 90,860.97",8177487.3
15585599,Stone,530,French,Female,34,8,"€ 141,872.52",12768526.8
15784958,Allan,797,France,Female,55,10,"€ 49,418.87",4447698.3
15734524,Wang,653,FRA,Male,51,3,"€ 170,426.65",15338398.5
15614103,Colombo,850,Germany,Male,42,8,"€ 51,016.02",4591441.8
15794895,McKay,581,Spain,Male,34,1,"€ 81,175.25",7305772.5
15772381,Brient,589,Germany,Male,38,8,"€ 99,106.97",8919627.3
15710553,Yin,555,Germany,Male,48,3,"€ 79,134.78",7122130.2
15649292,Bellucci,748,French,Female,49,7,"€ 163,550.58",14719552.2
15792565,Duncan,745,French,Female,46,7,"€ 67,769.94",6099294.6
15718245,Pirozzi,730,French,Male,34,1,"€ 126,592.01",11393280.9
15703117,Findlay,565,France,Female,44,1,"€ 89,602.81",8064252.9
15758136,King,778,FRA,Male,37,3,"€ 179,421.84",16147965.6
15799932,Iweobiegbunam,812,FRA,Male,24,10,"€ 156,906.15",14121553.5
15633516,Tucker,526,France,Male,42,1,"€ 168,486.02",15163741.8
15622532,Izmailova,708,France,Female,47,0,"€ 132,730.07",11945706.3
15798960,Meng,680,French,Male,33,2,"€ 39,057.67",3515190.3
15698664,Liang,567,Spain,Male,43,2,"€ 174,606.35",15714571.5
15703614,Hutchinson,564,Spain,Male,48,5,"€ 79,259.77",7133379.3
15699195,Shen,709,French,Female,24,3,"€ 168,515.61",15166404.9
15710543,Okwuoma,629,French,Male,46,1,"€ 161,125.67",14501310.3
15695499,Chinwemma,510,French,Female,45,10,"€ 77,878.62",7009075.8
15622321,Golubova,506,French,Female,32,3,"€ 80,823.02",7274071.8
15715744,Schiavone,605,France,Male,39,7,"€ 119,348.28",10741345.2
15788151,Moore,650,Spain,Male,32,1,"€ 178,331.36",16049822.4
15687153,Graham,850,Germany,Male,49,8,"€ 119,174.88",10725739.2
15684958,Amadi,489,Germany,Male,38,2,"€ 82,662.73",7439645.7
15706116,McKay,659,Germany,Female,30,8,"€ 40,441.10",3639699
15740557,Fedorova,753,France,Female,43,5,"€ 109,881.71",9889353.9
15707291,Percy,477,Germany,Male,48,8,"€ 157,937.35",14214361.5
15583353,Floyd,610,Spain,Female,45,3,"€ 38,276.84",3444915.6
15761024,Long,619,France,Female,33,2,"€ 65,222.48",5870023.2
15630709,Castiglione,619,Germany,Female,31,2,"€ 2,181.94",196374.6
15639590,Melendez,758,FRA,Female,30,3,"€ 156,249.06",14062415.4
15659399,Mazzi,516,Germany,Male,50,7,"€ 45,591.23",4103210.7
15567078,Kovaleva,789,FRA,Female,27,8,"€ 79,458.12",7151230.8
15696373,Gill,687,FRA,Female,44,9,"€ 103,042.20",9273798
15786617,Arcuri,485,Germany,Male,34,3,"€ 70,209.83",6318884.7
15657449,Chukwuma,446,Germany,Male,25,3,"€ 176,743.51",15906915.9
15672594,Stevenson,597,FRA,Female,60,0,"€ 10,703.53",963317.7
15714240,Ponomarev,712,Spain,Male,74,5,"€ 151,425.82",13628323.8
15782144,Gilroy,522,FRA,Female,34,3,"€ 3,894.34",350490.6
15665008,Sidorov,805,Germany,Female,26,8,"€ 28,861.69",2597552.1
15581733,Bates,781,FRA,Female,28,4,"€ 177,703.15",15993283.5
15751392,Fanucci,689,Spain,Female,57,4,"€ 136,649.80",12298482
15785815,Toscano,670,Germany,Male,31,1,"€ 175,894.24",15830481.6
15664214,Hearn,670,French,Male,33,2,"€ 76,257.46",6863171.4
15579996,Iroawuchi,524,Germany,Female,25,7,"€ 193,668.49",17430164.1
15675252,Martin,734,Spain,Female,39,3,"€ 125,671.29",11310416.1
15579617,Sinclair,489,France,Female,51,3,"€ 174,098.28",15668845.2
15593976,Swanson,578,Germany,Female,31,5,"€ 187,866.21",16907958.9
15716041,Chinomso,622,Spain,Male,39,9,"€ 100,862.36",9077612.4
15654489,Fomin,843,France,Female,38,8,"€ 10,804.04",972363.6
15736302,McKay,687,French,Male,48,4,"€ 170,893.85",15380446.5
15805909,Bergamaschi,700,Spain,Male,28,8,"€ 22,698.56",2042870.4
15572762,Matveyeva,410,Germany,Female,50,2,"€ 89,822.48",8084023.2
15724632,Madukaego,537,French,Female,41,0,"€ 175,262.49",15773624.1
15670416,Ferri,780,French,Female,43,0,"€ 15,705.27",1413474.3
15749528,Achebe,652,Spain,Male,58,6,"€ 170,025.43",15302288.7
15578783,Mai,620,Germany,Male,35,0,"€ 17,242.79",1551851.1
15580719,Davis,697,French,Female,23,10,"€ 79,734.23",7176080.7
15656293,Davey,786,FRA,Male,35,3,"€ 92,712.97",8344167.3
15691875,Tsou,850,Germany,Female,39,5,"€ 99,689.48",8972053.2
15596870,Marino,749,Germany,Male,54,3,"€ 93,336.30",8400267
15780770,Kerr,445,FRA,Male,31,7,"€ 175,893.53",15830417.7
15751491,Hsiao,443,Germany,Male,50,3,"€ 42,840.18",3855616.2
15706200,Graham,637,Germany,Male,41,2,"€ 140,298.24",12626841.6
15808674,Ejikemeifeuwa,616,Germany,Female,45,6,"€ 144,000.59",12960053.1
15641411,Volkova,756,French,Female,23,1,"€ 113,408.11",10206729.9
15764661,Wang,644,FRA,Male,33,2,"€ 96,420.58",8677852.2
15689492,Benjamin,850,Germany,Male,41,1,"€ 125,806.30",11322567
15602405,Ryrie,703,Germany,Female,38,9,"€ 65,720.92",5914882.8
15610271,Andreev,684,Spain,Female,42,3,"€ 31,002.03",2790182.7
15791780,Ts'ao,706,Germany,Female,48,10,"€ 158,248.71",14242383.9
15589147,Frolov,580,Spain,Male,61,8,"€ 94,677.83",8521004.7
15756975,Montemayor,777,Spain,Female,35,3,"€ 17,257.72",1553194.8
15729582,Fu,676,Germany,Male,48,3,"€ 101,397.86",9125807.4
15742971,Whitehead,708,French,Female,44,2,"€ 84,870.23",7638320.7
15568046,Izuchukwu,809,French,Male,24,7,"€ 183,515.13",16516361.7
15694890,Lai,588,FRA,Male,38,1,"€ 75,969.19",6837227.1
15736963,Herring,623,FRA,Male,43,1,"€ 146,379.30",13174137
15646490,Duffy,537,Spain,Male,42,1,"€ 127,154.80",11443932
15607314,Chiefo,536,Spain,Male,53,2,"€ 2,019.78",181780.2
15576745,Fyodorov,769,France,Male,48,2,"€ 197,885.72",17809714.8
15669606,Chu,690,French,Male,33,5,"€ 138,017.68",12421591.2
15737832,Robertson,771,Spain,Male,45,0,"€ 170,984.97",15388647.3
15681990,Palmerston,497,Germany,Male,24,6,"€ 55,859.27",5027334.3
15758050,Madukwe,622,Spain,Male,37,4,"€ 4,459.50",401355
15787848,Chinedum,602,Spain,Male,30,9,"€ 102,135.92",9192232.8
15713594,French,543,French,Female,32,7,"€ 112,771.95",10149475.5
15588186,Polyakov,520,Spain,Male,45,7,"€ 32,903.93",2961353.7
15786739,Clements,669,FRA,Male,37,1,"€ 162,260.93",14603483.7
15699467,Connor,631,Spain,Female,41,0,"€ 87,959.83",7916384.7
15680706,Balashov,537,Germany,Male,48,4,"€ 166,476.95",14982925.5
15645717,Avdeeva,732,French,Male,62,2,"€ 25,438.87",2289498.3
15748597,Chester,844,Spain,Male,56,5,"€ 157,230.06",14150705.4
15773709,Hung,838,Spain,Male,35,0,"€ 197,305.91",17757531.9
15629787,Tu,652,FRA,Male,27,10,"€ 44,435.76",3999218.4
15661007,Thompson,660,France,Male,33,0,"€ 181,051.99",16294679.1
15686812,Jones,692,Spain,Female,44,8,"€ 159,069.37",14316243.3
15754113,Li,588,French,Female,35,0,"€ 155,485.24",13993671.6
15749489,Denisova,533,Germany,Female,22,10,"€ 43,852.05",3946684.5
15574352,Clogstoun,850,French,Male,43,4,"€ 140,071.57",12606441.3
15701281,Tan,511,French,Male,27,8,"€ 49,089.36",4418042.4
15811985,Power,530,Spain,Male,44,6,"€ 55,893.37",5030403.3
15713505,Harriman,554,FRA,Male,31,1,"€ 192,660.55",17339449.5
15685653,Benson,585,Germany,Female,40,3,"€ 137,028.51",12332565.9
15758831,Thornton,754,France,Male,39,3,"€ 34,430.16",3098714.4
15618774,White,474,FRA,Male,54,3,"€ 108,409.17",9756825.3
15764448,Mackenzie,837,Germany,Male,35,0,"€ 145,325.32",13079278.8
15611024,Kalinina,567,French,Female,23,9,"€ 81,425.61",7328304.9
15738220,Bennet,800,Spain,Male,38,1,"€ 51,553.43",4639808.7
15805764,Hallahan,646,FRA,Male,18,10,"€ 52,795.15",4751563.5
15580487,Martin,627,Germany,Male,38,8,"€ 84,270.09",7584308.1
15675787,Rivera,505,France,Male,26,8,"€ 145,011.62",13051045.8
15583580,Chiawuotu,566,Germany,Female,35,1,"€ 66,245.44",5962089.6
15780654,Sergeyev,619,Germany,Female,33,3,"€ 36,446.74",3280206.6
15695034,Christie,757,France,Female,44,4,"€ 137,136.29",12342266.1
15805671,Louis,648,France,Male,32,0,"€ 117,323.31",10559097.9
15790658,Iqbal,621,Spain,Male,42,8,"€ 74,157.71",6674193.9
15578648,Marino,543,Germany,Male,49,6,"€ 104,253.56",9382820.4
15734987,Robertson,658,FRA,Female,43,7,"€ 2,748.72",247384.8
15721740,Pai,633,Germany,Male,50,7,"€ 195,937.16",17634344.4
15641822,Barese,648,French,Female,19,1,"€ 22,101.86",1989167.4
15765650,Chigolum,501,Germany,Male,40,5,"€ 126,535.92",11388232.8
15788556,Trouette,683,France,Female,42,4,"€ 44,692.63",4022336.7
15576550,Ugochukwu,619,Spain,Female,38,1,"€ 112,442.63",10119836.7
15622230,Cribb,705,France,Female,35,3,"€ 66,331.01",5969790.9
15653937,McIntyre,638,Germany,Female,53,1,"€ 16,657.68",1499191.2
15743538,Pickering,710,French,Female,31,1,"€ 20,081.30",1807317
15591740,Fletcher,590,French,Female,54,4,"€ 93,820.49",8443844.1
15650086,Uchenna,725,France,Male,43,2,"€ 130,795.52",11771596.8
15718773,Pisano,638,French,Female,32,0,"€ 160,129.99",14411699.1
15615140,Corson,791,French,Male,36,6,"€ 189,969.91",17097291.9
15644361,Hooper,702,France,Female,40,1,"€ 9,712.52",874126.8
15774536,He,607,France,Female,32,6,"€ 196,062.01",17645580.9
15618661,Chidubem,535,French,Male,30,6,"€ 125,710.53",11313947.7
15605020,Schofield,651,FRA,Male,45,2,"€ 23,054.51",2074905.9
15762134,Liang,506,Germany,Male,59,8,"€ 170,679.74",15361176.6
15685279,Somadina,511,Spain,Female,57,8,"€ 181,258.76",16313288.4
15582849,McIntosh,757,France,Female,51,1,"€ 22,835.13",2055161.7
15655410,Hinton,768,Germany,Male,49,1,"€ 102,397.22",9215749.8
15649129,Sal,757,French,Male,32,9,"€ 115,950.96",10435586.4
15702380,De Luca,663,Spain,Male,64,6,"€ 15,876.52",1428886.8
15759067,Bromby,537,Germany,Female,37,7,"€ 117,690.58",10592152.2
15683027,Chang,570,Germany,Male,29,4,"€ 173,792.77",15641349.3
15597487,Hunter,850,France,Female,35,5,"€ 80,992.80",7289352
15763256,Sheppard,661,Germany,Female,64,8,"€ 189,398.18",17045836.2
15620111,Fan,659,France,Male,54,8,"€ 56,787.80",5110902
15623053,Muir,454,Spain,Male,40,2,"€ 148,309.98",13347898.2
15595592,Lai,708,French,Female,59,2,"€ 179,673.11",16170579.9
15740072,Padovesi,720,FRA,Female,37,2,"€ 138,470.21",12462318.9
15778005,Kemp,785,France,Female,39,1,"€ 163,798.41",14741856.9
15583278,Greece,743,Spain,Female,36,8,"€ 33,693.78",3032440.2
15601263,Young,493,Spain,Female,48,7,"€ 48,545.10",4369059
15709222,Chukwueloka,557,Spain,Male,34,3,"€ 123,427.98",11108518.2
15713949,Woods,850,FRA,Male,40,1,"€ 174,183.44",15676509.6
15717706,Forbes,799,France,Female,32,3,"€ 17,938.00",1614420
15756071,Kang,756,FRA,Male,34,1,"€ 90,059.04",8105313.6
15696564,Nweke,752,FRA,Male,38,0,"€ 137,694.23",12392480.7
15657637,Ts'ui,696,Spain,Female,36,3,"€ 65,039.90",5853591
15755863,Milano,630,Spain,Female,49,1,"€ 162,858.29",14657246.1
15719858,Chao,659,Spain,Female,38,9,"€ 35,701.06",3213095.4
15688876,Wan,685,Spain,Male,39,9,"€ 18,826.06",1694345.4
15698528,Napolitani,599,Spain,Female,31,3,"€ 130,086.47",11707782.3
15770345,Kovaleva,559,Spain,Female,31,1,"€ 143,360.56",12902450.4
15761506,Russell,615,Spain,Male,19,5,"€ 159,920.92",14392882.8
15716619,Chiebuka,580,Germany,Female,36,3,"€ 12,099.67",1088970.3
15788367,Ellis,487,Spain,Male,44,6,"€ 53,087.98",4777918.2
15709451,Gordon,646,Germany,Female,35,1,"€ 142,839.82",12855583.8
15640421,Conway,811,FRA,Female,35,7,€ 178.19,16037.1
15580068,Buccho,526,Spain,Male,35,5,"€ 105,618.14",9505632.6
15677123,Aksyonova,767,Spain,Male,37,7,"€ 24,734.25",2226082.5
15619801,Batty,548,FRA,Female,33,1,"€ 82,245.67",7402110.3
15582246,Rowe,737,Spain,Female,45,2,"€ 177,695.67",15992610.3
15711843,Pisani,613,Germany,Male,40,1,"€ 107,961.11",9716499.9
15680046,Onochie,711,Spain,Male,36,8,"€ 55,207.41",4968666.9
15804131,Farmer,850,Spain,Female,53,7,"€ 182,633.63",16437026.7
15722611,Cameron,752,France,Female,53,8,"€ 51,587.04",4642833.6
15729224,Jennings,710,French,Female,37,5,"€ 115,403.31",10386297.9
15811588,Eluemuno,664,Spain,Female,53,7,"€ 186,392.99",16775369.1
15702138,Swift,510,French,Female,22,3,"€ 44,374.44",3993699.6
15749799,Pisani,577,France,Female,34,2,"€ 84,033.35",7563001.5
15752885,Nnonso,529,FRA,Male,42,1,"€ 82,276.62",7404895.8
15674932,Cameron,757,Spain,Female,44,9,"€ 177,528.92",15977602.8
15743828,Stevens,691,French,Male,41,2,"€ 56,850.92",5116582.8
15642022,Zito,621,Spain,Male,34,8,"€ 47,972.65",4317538.5
15746461,Taylor,709,Spain,Male,35,2,"€ 104,982.39",9448415.1
15809991,Ferrari,756,Spain,Male,19,4,"€ 133,535.29",12018176.1
15787322,Yeh,788,France,Female,41,6,"€ 25,571.37",2301423.3
15575498,Gould,705,FRA,Female,39,5,"€ 96,075.55",8646799.5
15691387,Agafonova,483,French,Male,29,9,"€ 81,634.45",7347100.5
15765457,Fowler,719,Spain,Male,35,1,"€ 165,008.97",14850807.3
15666173,Chidumaga,793,Germany,Female,32,1,"€ 138,191.81",12437262.9
15627377,Sabbatini,593,France,Male,41,6,"€ 99,136.49",8922284.1
15656683,Johnson,551,French,Male,52,1,"€ 63,584.55",5722609.5
15679810,Chapman,690,France,Male,39,6,"€ 160,532.88",14447959.2
15606310,Birk,823,FRA,Male,71,5,"€ 162,683.06",14641475.4
15756871,Capon,512,Spain,Male,39,3,"€ 134,878.19",12139037.1
15610002,Chidubem,802,Spain,Male,41,5,"€ 134,626.30",12116367
15567802,Childs,450,Spain,Female,34,2,"€ 175,480.93",15793283.7
15745452,Sun,651,Germany,Male,41,1,"€ 174,337.68",15690391.2
15617252,Lung,697,French,Female,33,1,"€ 172,524.51",15527205.9
15753248,Tao,611,France,Male,28,2,"€ 25,395.83",2285624.7
15610755,Napolitano,643,FRA,Female,33,0,"€ 184,856.89",16637120.1
15662238,Davis,822,FRA,Male,37,3,"€ 182,624.93",16436243.7
15799186,Sagese,632,France,Male,38,4,"€ 192,505.62",17325505.8
15686941,Hutchinson,575,Spain,Female,26,7,"€ 112,507.63",10125686.7
15601172,Nelson,672,France,Male,31,6,"€ 177,295.92",15956632.8
15723858,Schiavone,517,Spain,Male,39,3,"€ 12,465.51",1121895.9
15615896,Chienezie,621,Spain,Male,39,8,"€ 36,122.96",3251066.4
15737647,Obioma,775,Germany,Female,77,6,"€ 37,836.64",3405297.6
15582841,Butusov,600,French,Male,29,8,"€ 34,747.43",3127268.7
15760090,Pisano,640,FRA,Male,28,7,"€ 131,097.90",11798811
15588587,Stetson,752,FRA,Female,36,1,"€ 105,280.55",9475249.5
15683157,Waring,613,FRA,Male,26,4,"€ 149,653.81",13468842.9
15694209,Fanucci,484,French,Female,32,3,"€ 139,390.99",12545189.1
15655875,Thao,511,France,Female,33,3,"€ 132,436.71",11919303.9
15805704,Murphy,745,French,Female,32,2,"€ 179,705.13",16173461.7
15744789,McConnell,786,Spain,Female,32,6,"€ 15,796.66",1421699.4
15799357,Armfield,727,French,Male,35,5,"€ 142,754.71",12847923.9
15726153,Fanucci,622,France,Male,31,5,"€ 2,578.43",232058.7
15713346,Panina,794,French,Male,24,10,"€ 88,992.05",8009284.5
15665053,Nixon,636,Spain,Male,52,4,"€ 32,936.44",2964279.6
15592379,Walker,741,Spain,Female,42,9,"€ 39,122.58",3521032.2
15692599,Chiemela,687,France,Male,34,5,"€ 191,092.62",17198335.8
15620758,Martel,660,Spain,Male,30,4,"€ 129,149.06",11623415.4
15637428,Briggs,660,French,Male,35,7,"€ 13,218.60",1189674
15808389,Iheatu,617,FRA,Female,79,7,"€ 160,589.18",14453026.2
15807003,Jennings,762,French,Male,32,10,"€ 179,657.83",16169204.7
15702912,Ch'en,752,Spain,Female,35,2,"€ 44,335.54",3990198.6
15590623,Kovalyov,561,Spain,Male,34,4,"€ 29,217.37",2629563.3
15728078,Yeh,609,France,Male,26,10,"€ 43,651.49",3928634.1
15708256,Chien,803,French,Male,28,3,"€ 159,654.00",14368860
15582335,Brown,556,French,Female,40,9,"€ 17,992.94",1619364.6
15649150,Buddicom,531,FRA,Female,53,5,"€ 141,501.45",12735130.5
15691647,McGregor,411,FRA,Female,35,2,"€ 93,825.78",8444320.2
15668270,Thompson,587,Germany,Female,44,5,"€ 41,852.24",3766701.6
15624820,Ross,683,Spain,Male,56,7,"€ 97,629.31",8786637.9
15736254,Ch'ang,654,French,Male,29,2,"€ 37,065.66",3335909.4
15720814,Warren,670,Germany,Female,36,2,"€ 38,614.69",3475322.1
15642997,Uspenskaya,655,France,Female,36,2,"€ 87,816.86",7903517.4
15693200,King,752,France,Female,36,7,"€ 184,866.86",16638017.4
15624596,Trentini,534,France,Female,23,5,"€ 160,176.47",14415882.3
15807167,Konovalova,635,French,Male,42,1,"€ 164,357.10",14792139
15660301,Dellucci,491,Germany,Male,70,6,"€ 17,818.33",1603649.7
15593094,Goddard,516,French,Male,27,9,"€ 142,680.64",12841257.6
15618239,Neumann,530,France,Female,48,0,"€ 85,081.09",7657298.1
15574137,Ch'in,687,Spain,Male,35,3,"€ 176,450.19",15880517.1
15614740,Walters,684,France,Female,41,6,"€ 121,967.88",10977109.2
15574071,Muravyova,706,Germany,Male,23,2,"€ 127,187.04",11446833.6
15671148,Barry,490,Germany,Male,33,5,"€ 108,313.34",9748200.6
15721921,Woolnough,796,FRA,Male,44,8,"€ 57,205.55",5148499.5
15717995,Keen,849,FRA,Male,27,0,"€ 157,891.86",14210267.4
15632050,Liebe,779,FRA,Female,41,10,"€ 86,927.53",7823477.7
15647111,White,794,Spain,Female,22,4,"€ 107,753.07",9697776.3
15759991,Hunter,748,Spain,Male,36,4,"€ 82,158.14",7394232.6
15790204,Myers,663,Spain,Female,22,9,"€ 29,135.89",2622230.1
15686780,Rogova,645,Spain,Female,55,1,"€ 17,095.49",1538594.1
15640491,Raff,464,FRA,Female,33,10,"€ 100,447.53",9040277.7
15783225,Cocci,737,FRA,Male,54,9,"€ 83,470.40",7512336
15734438,Kanayochukwu,590,France,Female,29,4,"€ 121,846.81",10966212.9
15688760,Obialo,522,Germany,Female,37,3,"€ 129,107.59",11619683.1
15768124,Liu,648,FRA,Female,34,3,"€ 54,726.43",4925378.7
15661330,Gilbert,754,France,Male,37,6,"€ 116,141.72",10452754.8
15781272,Coles,669,France,Male,50,4,"€ 124,872.42",11238517.8
15573888,Ponomaryov,648,Germany,Female,43,1,"€ 186,438.86",16779497.4
15575858,Bergamaschi,763,FRA,Male,40,3,"€ 134,281.11",12085299.9
15645937,Guerin,790,Spain,Male,32,3,"€ 91,044.47",8194002.3
15702337,Sinclair,581,FRA,Male,37,7,"€ 74,320.75",6688867.5
15764537,Dominguez,703,FRA,Male,43,8,"€ 9,704.66",873419.4
15619616,Costa,571,FRA,Female,33,9,"€ 128,600.49",11574044.1
15585133,Wei,657,Spain,Female,27,8,"€ 6,468.24",582141.6
15573971,Mills,737,France,Male,44,7,"€ 57,898.58",5210872.2
15579433,Pugh,793,Spain,Male,29,8,"€ 192,120.66",17290859.4
15777045,Price,783,Spain,Female,44,3,"€ 164,213.53",14779217.7
15611580,Wood,751,Spain,Male,33,4,"€ 117,547.76",10579298.4
15614778,Robertson,579,French,Male,31,6,"€ 26,149.25",2353432.5
15771750,Sawtell,655,Germany,Female,36,10,"€ 9,181.66",826349.4
15593280,Yuryeva,614,Germany,Male,43,8,"€ 166,588.76",14992988.4
15569274,Pisano,678,Germany,Male,49,2,"€ 195,053.58",17554822.2
15654408,Kharitonova,562,Spain,Male,41,5,"€ 85,787.31",7720857.9
15657468,Simmons,711,Germany,Female,53,5,"€ 102,428.51",9218565.9
15614213,Muramats,620,French,Male,37,0,"€ 71,175.94",6405834.6
15589869,Tang,437,FRA,Male,49,9,"€ 166,440.32",14979628.8
15693205,Peng,691,Germany,Female,41,8,"€ 148,848.76",13396388.4
15797113,Bevan,552,Spain,Female,34,4,"€ 140,286.69",12625802.1
15676958,Zito,765,Germany,Male,34,5,"€ 104,220.50",9379845
15739592,Sokolov,707,Germany,Female,51,10,"€ 70,778.63",6370076.7
15656263,Teng,764,Spain,Male,29,5,"€ 65,868.28",5928145.2
15636872,Amadi,585,France,Female,32,8,"€ 171,482.56",15433430.4
15589435,Davide,784,French,Male,31,7,"€ 143,204.41",12888396.9
15640464,Parkes,605,France,Male,41,5,"€ 28,427.84",2558505.6
15723851,Mazzanti,699,Spain,Male,40,2,"€ 78,387.32",7054858.8
15722122,Findlay,544,France,Female,40,7,"€ 161,076.92",14496922.8
15696852,Hsu,803,France,Female,32,9,"€ 54,277.45",4884970.5
15634936,Chukwukadibia,735,France,Male,41,7,"€ 137,180.95",12346285.5
15575935,Baxter,673,France,Male,59,0,"€ 21,063.71",1895733.9
15634491,Kung,652,FRA,Male,30,2,"€ 152,210.81",13698972.9
15628530,Booth,694,France,Male,42,3,"€ 88,890.75",8000167.5
15678720,Evans,741,France,Female,44,7,"€ 190,534.76",17148128.4
15627999,Kung,590,Spain,Male,30,3,"€ 83,090.35",7478131.5
15571244,Tung,809,Spain,Female,33,3,"€ 141,426.78",12728410.2
15739931,Yuan,523,French,Male,34,2,"€ 51,358.66",4622279.4
15806256,Jackson,540,French,Male,48,2,"€ 88,703.04",7983273.6
15787258,Ross,596,Spain,Female,29,6,"€ 116,696.77",10502709.3
15706463,Yang,597,French,Female,36,9,"€ 7,156.09",644048.1
15691004,Yu,407,Spain,Male,37,1,"€ 49,161.12",4424500.8
15792228,Onwumelu,748,French,Male,60,0,"€ 126,743.33",11406899.7
15733447,Gay,562,French,Female,51,1,"€ 65,390.46",5885141.4
15679062,Morrison,734,Germany,Female,47,10,"€ 138,835.91",12495231.9
15594409,Belov,710,French,Male,45,1,"€ 36,154.66",3253919.4
15613816,Mao,539,Spain,Female,39,6,"€ 59,755.14",5377962.6
15681991,Walsh,542,FRA,Male,32,7,"€ 125,302.64",11277237.6
15796074,Bruno,717,French,Female,36,2,"€ 94,274.72",8484724.8
15625941,Gray,682,Spain,Female,50,10,"€ 102,260.16",9203414.4
15615016,Maurer,515,French,Male,33,2,"€ 136,028.97",12242607.3
15748414,Chiang,526,Spain,Female,33,8,"€ 110,114.38",9910294.2
15751203,Cattaneo,702,French,Male,26,5,"€ 100,442.22",9039799.8
15662658,Grieve,651,Germany,Male,34,2,"€ 193,597.94",17423814.6
15574868,Lowell,792,Germany,Male,36,5,"€ 1,871.25",168412.5
15790282,Trentino,817,Germany,Male,58,3,"€ 42,831.11",3854799.9
15762927,Sung,674,Germany,Female,36,6,"€ 182,156.86",16394117.4
15803456,Yen,641,FRA,Female,40,9,"€ 151,648.66",13648379.4
15771857,Philipp,513,Spain,Male,39,7,"€ 146,738.83",13206494.7
15700601,Dynon,561,FRA,Male,34,1,"€ 12,148.20",1093338
15569670,Alexeyeva,627,Germany,Male,30,6,"€ 118,029.09",10622618.1
15772341,Hs?eh,682,Germany,Male,81,6,"€ 50,783.88",4570549.2
15661548,Ferri,683,French,Female,29,0,"€ 129,891.66",11690249.4
15787597,Hsu,420,Germany,Female,31,1,"€ 9,904.63",891416.7
15806913,Bishop,670,French,Female,54,2,"€ 63,213.31",5689197.9
15804862,Toscani,505,Germany,Male,43,6,"€ 137,565.87",12380928.3
15792986,T'ao,580,Germany,Male,24,1,"€ 17,185.95",1546735.5
15625632,Philip,577,French,Male,36,3,"€ 143,783.46",12940511.4
15727703,Li Fonti,773,Germany,Male,34,10,"€ 36,823.28",3314095.2
15606273,Rene,616,French,Male,37,5,"€ 154,957.66",13946189.4
15799652,Daigle,763,FRA,Female,38,0,"€ 31,892.82",2870353.8
15715047,Joshua,640,Spain,Male,43,9,"€ 191,084.40",17197596
15784687,Simmons,592,FRA,Male,36,1,"€ 179,718.17",16174635.3
15615322,Jamieson,528,Spain,Male,43,7,"€ 159,823.16",14384084.4
15722072,Hou,630,French,Male,53,5,"€ 114,110.97",10269987.3
15646784,Cochran,529,French,Female,31,2,"€ 60,993.23",5489390.7
15644692,Bibb,546,French,Female,47,8,"€ 66,408.01",5976720.9
15670354,Jen,753,France,Female,62,6,"€ 136,398.90",12275901
15716357,Corran,772,Spain,Female,39,4,"€ 140,709.25",12663832.5
15786717,He,567,FRA,Male,36,1,"€ 8,555.73",770015.7
15771383,Loggia,628,Germany,Female,45,6,"€ 115,022.94",10352064.6
15649793,Lovely,658,France,Male,20,7,"€ 187,638.34",16887450.6
15731543,Becker,679,Spain,Male,58,9,"€ 3,829.13",344621.7
15684516,Plascencia,629,Spain,Male,34,1,"€ 119,357.93",10742213.7
15677249,Somadina,731,Spain,Male,42,9,"€ 192,175.52",17295796.8
15581525,Walker,775,Germany,Male,33,3,"€ 128,841.31",11595717.9
15628420,Alekseeva,660,Spain,Male,33,2,"€ 150,422.35",13538011.5
15600478,Watson,752,FRA,Male,39,3,"€ 188,187.05",16936834.5
15594502,Zotov,655,FRA,Male,37,6,"€ 1,775.52",159796.8
15784361,Williamson,543,Spain,Female,46,5,"€ 85,086.78",7657810.2
15767626,Carpenter,811,French,Male,42,10,"€ 3,797.79",341801.1
15632521,Cattaneo,689,Germany,Male,45,0,"€ 150,856.38",13577074.2
15665088,Gordon,531,French,Female,42,2,"€ 90,537.47",8148372.3
15652084,Boni,515,French,Male,40,0,"€ 166,370.81",14973372.9
15574761,Lynch,466,FRA,Female,41,3,"€ 178,994.13",16109471.7
15729515,McCarthy,782,France,Male,36,1,"€ 195,681.43",17611328.7
15682070,Davies,611,France,Male,64,9,"€ 53,277.15",4794943.5
15743817,Hargreaves,621,Germany,Male,40,8,"€ 172,490.78",15524170.2
15572158,Blackburn,604,Spain,Male,41,3,"€ 11,819.84",1063785.6
15584477,K?,655,Spain,Female,35,1,"€ 82,900.25",7461022.5
15614893,Meng,689,Spain,Male,38,2,"€ 82,709.80",7443882
15665963,Cattaneo,681,Spain,Male,30,2,"€ 180,593.45",16253410.5
15612524,Hunt,643,Germany,Male,41,2,"€ 172,363.41",15512706.9
15596962,Owens,617,France,Female,24,4,"€ 91,195.12",8207560.8
15744942,Steele,638,Spain,Female,55,2,"€ 108,987.25",9808852.5
15573278,Kennedy,743,FRA,Male,39,6,"€ 44,265.28",3983875.2
15717056,Pan,828,Germany,Female,25,7,"€ 116,613.26",10495193.4
15795881,Alexander,776,Spain,Male,35,8,"€ 148,527.56",13367480.4
15758939,Bray,540,Germany,Male,35,7,"€ 84,239.46",7581551.4
15792250,Nnabuife,616,Germany,Female,45,4,"€ 62,002.04",5580183.6
15740406,Padovesi,628,Germany,Male,38,10,"€ 46,044.48",4144003.2
15768137,Bray,667,Spain,Female,23,6,"€ 169,669.33",15270239.7
15569120,Lucas,615,FRA,Male,30,7,"€ 156,346.84",14071215.6
15723721,Tinline,543,French,Male,30,4,"€ 157,711.18",14194006.2
15777122,Esomchi,553,FRA,Female,31,4,"€ 89,087.40",8017866
15742681,Liao,554,Germany,Male,26,4,"€ 8,742.36",786812.4
15582090,Iroawuchi,684,Spain,Female,36,4,"€ 117,038.96",10533506.4
15711254,Retana,452,French,Female,35,7,"€ 164,241.67",14781750.3
15775067,Fang,606,French,Male,47,3,"€ 137,720.56",12394850.4
15602851,Ozioma,629,France,Male,40,9,€ 106.67,9600.3
15802857,Robson,659,Spain,Female,33,8,"€ 1,539.21",138528.9
15701175,Bruno,493,French,Female,33,8,"€ 59,659.53",5369357.7
15783019,Price,794,FRA,Female,62,9,"€ 173,586.63",15622796.7
15728912,Swanson,554,France,Female,44,6,"€ 126,033.90",11343051
15585580,Chang,796,Germany,Female,52,9,"€ 62,808.93",5652803.7
15583480,Morgan,807,France,Female,36,4,"€ 147,007.33",13230659.7
15620341,Nwebube,500,Germany,Male,44,9,"€ 196,261.64",17663547.6
15613886,Trevisan,722,Spain,Male,43,1,"€ 44,560.17",4010415.3
15792916,Ositadimma,559,Spain,Female,40,7,"€ 18,917.95",1702615.5
15710408,Cunningham,584,Spain,Female,38,3,"€ 4,525.40",407286
15598695,Fields,834,Germany,Female,68,9,"€ 93,112.20",8380098
15649354,Johnston,754,Spain,Male,35,4,"€ 9,658.41",869256.9
15737556,Vasilyev,590,French,Male,43,7,"€ 182,627.25",16436452.5
15671610,Hooper,740,FRA,Male,36,7,"€ 13,177.40",1185966
15625092,Colombo,502,Germany,Female,57,3,"€ 43,568.31",3921147.9
15741032,Tsao,733,France,Male,48,5,"€ 117,830.57",10604751.3
15750014,Chikere,755,Germany,Female,37,0,"€ 117,396.25",10565662.5
15784761,Ballard,554,Spain,Female,46,7,"€ 96,929.24",8723631.6
15768359,Akhtar,534,France,Male,36,4,"€ 36,275.94",3264834.6
15805769,O'Loughlin,656,Spain,Male,33,4,"€ 116,706.00",10503540
15719508,Davis,575,Germany,Male,49,7,"€ 168,080.53",15127247.7
15609011,Barry,480,Spain,Male,47,8,"€ 25,887.89",2329910.1
15703106,K'ung,575,French,Male,40,5,"€ 122,488.59",11023973.1
15626795,Gorman,672,French,Female,40,3,"€ 113,171.61",10185444.9
15773731,John,758,Spain,Female,35,5,"€ 100,365.51",9032895.9
15756196,Tsou,682,FRA,Male,50,6,"€ 124,151.37",11173623.3
15687903,Okonkwo,501,France,Female,29,8,"€ 112,664.24",10139781.6
15777599,Esposito,746,Germany,Male,34,6,"€ 183,494.87",16514538.3
15754577,Boni,556,FRA,Female,51,8,"€ 198,810.65",17892958.5
15584113,Pratt,823,Germany,Female,53,4,"€ 131,259.60",11813364
15669589,Page,491,Germany,Female,68,1,"€ 116,471.14",10482402.6
15632793,Wilkinson,638,FRA,Female,29,9,"€ 15,336.40",1380276
15711130,Tseng,734,French,Male,45,2,"€ 99,593.28",8963395.2
15615254,Clark,555,French,Male,40,10,"€ 170,514.21",15346278.9
15720583,Finch,745,Germany,Female,44,0,"€ 34,265.08",3083857.2
15780432,Shen,728,FRA,Male,37,3,"€ 106,977.53",9627977.7
15673223,Hou,626,FRA,Male,44,10,"€ 164,287.86",14785907.4
15807989,Wall,681,Germany,Male,37,8,"€ 25,292.53",2276327.7
15761168,Manna,478,France,Female,38,4,"€ 51,820.87",4663878.3
15651272,Reyes,709,FRA,Male,38,5,"€ 81,452.29",7330706.1
15812832,Jideofor,562,Germany,Male,33,8,"€ 1,354.25",121882.5
15680517,Sal,769,Germany,Female,34,7,"€ 71,379.92",6424192.8
15750569,Iweobiegbunam,684,Germany,Female,46,3,"€ 154,137.33",13872359.7
15690743,Shao,536,France,Female,61,8,"€ 64,308.49",5787764.1
15627741,Heath,631,Germany,Female,29,2,"€ 31,613.35",2845201.5
15712121,Chidimma,657,Spain,Male,34,5,"€ 27,738.01",2496420.9
15805429,Murray,699,Germany,Male,59,3,"€ 163,570.25",14721322.5
15814923,Sullivan,606,Spain,Male,38,7,"€ 193,878.51",17449065.9
15589230,Wu,612,FRA,Female,63,2,"€ 147,545.65",13279108.5
15775490,Downie,660,FRA,Female,38,5,"€ 195,906.59",17631593.1
15749727,Chukwufumnanya,829,Spain,Male,50,7,"€ 178,458.86",16061297.4
15619238,Allan,567,Spain,Male,29,8,"€ 156,125.72",14051314.8
15593468,Findlay,850,FRA,Female,33,3,"€ 11,159.19",1004327.1
15718454,Ch'eng,712,Spain,Female,44,2,"€ 45,738.94",4116504.6
15789498,Miller,562,French,Male,30,3,"€ 140,650.19",12658517.1
15744691,Tsai,755,FRA,Female,29,3,"€ 4,733.94",426054.6
15708289,Graham,793,Spain,Male,25,3,"€ 10,579.72",952174.8
15790412,Norton,471,Spain,Male,26,8,"€ 179,655.87",16169028.3
15741416,Yegorov,707,FRA,Male,42,2,"€ 77,502.56",6975230.4
15598894,Holt,784,Spain,Male,38,10,"€ 145,759.93",13118393.7
15663294,Kao,703,French,Male,32,1,"€ 56,246.72",5062204.8
15572728,Ross,704,Spain,Male,36,8,"€ 151,335.24",13620171.6
15706729,Hsiao,662,French,Male,38,0,"€ 179,833.45",16185010.5
15674433,Allan,636,Germany,Female,28,2,"€ 191,627.85",17246506.5
15641170,Liang,640,Spain,Male,36,4,"€ 173,016.46",15571481.4
15806284,Briggs,739,Spain,Male,31,1,"€ 58,469.75",5262277.5
15690958,Cantrell,767,Germany,Male,23,2,"€ 28,038.28",2523445.2
15606386,Wang,753,Germany,Female,46,3,"€ 159,576.75",14361907.5
15682322,Aksenov,714,FRA,Male,37,9,"€ 151,280.96",13615286.4
15579915,Glennon,707,French,Male,29,4,"€ 139,953.94",12595854.6
15681928,Yancy,577,French,Female,35,4,"€ 105,407.79",9486701.1
15734005,Mazzi,633,France,Female,42,1,"€ 56,865.62",5117905.8
15650432,Liu,849,Germany,Male,41,10,"€ 198,072.16",17826494.4
15592578,Nucci,614,Spain,Female,41,7,"€ 137,791.18",12401206.2
15671243,Y?,558,France,Female,47,9,"€ 103,787.28",9340855.2
15775709,Nucci,832,French,Female,27,10,"€ 30,912.89",2782160.1
15702631,Tang,567,France,Female,26,2,"€ 78,651.55",7078639.5
15602282,Kao,587,Germany,Female,45,8,"€ 123,309.57",11097861.3
15717879,Chen,712,Spain,Female,79,5,"€ 174,118.93",15670703.7
15740878,Yao,655,Spain,Female,29,9,"€ 85,736.26",7716263.4
15794468,Tsou,641,FRA,Female,42,6,"€ 121,138.77",10902489.3
15773277,Barnes,676,France,Male,35,5,"€ 84,199.78",7577980.2
15572657,H?,472,French,Male,29,8,"€ 181,224.56",16310210.4
15800295,Cruz,644,Germany,Male,34,9,"€ 141,230.07",12710706.3
15672397,Smith,598,FRA,Male,38,0,"€ 158,111.71",14230053.9
15684921,Onuchukwu,792,Spain,Male,25,8,"€ 130,639.01",11757510.9
15720676,Bukowski,700,French,Female,37,7,"€ 17,040.82",1533673.8
15731829,Simmons,616,French,Male,34,10,"€ 25,662.27",2309604.3
15732672,Stewart,743,Spain,Male,35,6,"€ 193,360.69",17402462.1
15692406,Gow,427,French,Male,37,5,"€ 121,485.10",10933659
15764405,Williams,731,France,Male,29,10,"€ 162,452.65",14620738.5
15757537,Francis,610,France,Female,31,6,"€ 141,137.53",12702377.7
15793307,Calabresi,724,Spain,Female,41,4,"€ 185,541.20",16698708
15660679,Chimaobim,653,Spain,Female,38,9,"€ 118,383.18",10654486.2
15666856,Chikwendu,774,France,Male,49,1,"€ 8,214.41",739296.9
15687372,Padovesi,547,Germany,Male,49,8,"€ 46,521.45",4186930.5
15667289,Henderson,719,Spain,Male,50,2,"€ 10,772.13",969491.7
15624641,Kharlamova,740,Spain,Male,43,9,"€ 199,290.68",17936161.2
15734610,Onio,543,French,Male,42,4,"€ 85,983.54",7738518.6
15631882,Yeh,688,Germany,Male,45,9,"€ 129,870.93",11688383.7
15642709,Feng,474,France,Female,30,9,"€ 63,158.22",5684239.8
15811026,Norman,505,Germany,Male,43,5,"€ 171,070.52",15396346.8
15596303,White,688,FRA,Female,39,0,"€ 53,222.15",4789993.5
15787255,Manfrin,650,Germany,Female,55,2,"€ 179,834.45",16185100.5
15617166,Ritchie,610,FRA,Male,37,0,"€ 114,514.64",10306317.6
15742442,Udegbulam,705,Spain,Female,46,5,"€ 139,162.15",12524593.5
15758692,Kao,669,France,Female,29,7,"€ 50,249.16",4522424.4
15568238,Diaz,650,Spain,Male,20,8,"€ 113,469.65",10212268.5
15730353,Olisaemeka,550,Germany,Male,29,9,"€ 147,484.13",13273571.7
15731555,Ross-Watt,595,Germany,Female,45,9,"€ 191,448.96",17230406.4
15582404,Miller,572,Spain,Female,26,5,"€ 119,381.41",10744326.9
15721462,Shubin,622,Spain,Female,58,2,"€ 33,277.31",2994957.9
15632899,Nwankwo,662,Spain,Male,20,9,"€ 73,107.53",6579677.7
15808526,Cartwright,783,Germany,Female,58,3,"€ 96,590.39",8693135.1
15694349,Ngozichukwuka,714,Spain,Male,44,7,"€ 6,923.11",623079.9
15718465,Sadler,671,Germany,Male,51,3,"€ 176,403.33",15876299.7
15682995,Azuka,600,France,Female,32,1,"€ 64,349.60",5791464
15584776,Shen,847,Spain,Female,37,9,"€ 116,097.26",10448753.4
15777772,Whittaker,650,Spain,Male,55,9,"€ 29,861.13",2687501.7
15576156,Abazu,710,Spain,Female,28,6,"€ 48,426.98",4358428.2
15646756,Murphy,682,French,Female,33,8,"€ 32,770.56",2949350.4
15742886,Ford,642,French,Male,26,1,"€ 117,060.20",10535418
15586135,Gratwick,536,Spain,Female,28,4,"€ 136,197.65",12257788.5
15616152,Pai,754,France,Female,47,1,"€ 27,438.83",2469494.7
15721460,Lorenzo,678,France,Male,60,8,"€ 192,156.54",17294088.6
15727317,Brady,533,Germany,Female,49,1,"€ 69,409.37",6246843.3
15649536,Wong,741,Germany,Male,38,4,"€ 58,440.43",5259638.7
15754929,Douglas,757,France,Male,31,10,"€ 192,519.39",17326745.1
15572051,Kennedy,721,France,Male,40,3,"€ 144,874.67",13038720.3
15668142,Chang,700,France,Male,37,3,"€ 175,373.46",15783611.4
15701176,Brown,663,France,Male,26,5,€ 440.20,39618
15708422,Hsiung,677,Spain,Female,35,0,"€ 76,637.38",6897364.2
15655632,MacDonald,655,France,Male,27,2,"€ 49,480.66",4453259.4
15744606,Davidson,832,Spain,Male,29,8,"€ 10,417.87",937608.3
15612140,Milano,721,Spain,Female,46,7,"€ 67,976.57",6117891.3
15656086,Bovee,542,Spain,Male,54,8,"€ 140,929.98",12683698.2
15655298,Lewis,654,Spain,Female,54,5,"€ 47,139.06",4242515.4
15644796,Dyer,821,Spain,Female,38,8,"€ 126,241.40",11361726
15726250,Hsia,508,FRA,Female,38,3,"€ 22,614.19",2035277.1
15764432,Hicks,588,Germany,Female,42,2,"€ 48,498.19",4364837.1
15631721,Millar,691,Germany,Male,38,9,"€ 103,511.26",9316013.4
15707479,Fan,664,French,Male,40,7,"€ 122,073.48",10986613.2
15579826,Young,439,France,Female,66,9,"€ 65,535.56",5898200.4
15668104,Kerr,479,Spain,Male,37,6,"€ 160,060.90",14405481
15641604,Frolova,850,FRA,Female,55,10,"€ 155,879.57",14029161.3
15587240,Vasilyev,518,FRA,Male,40,4,"€ 194,416.58",17497492.2
15680767,Sabbatini,717,Germany,Female,64,10,"€ 21,630.21",1946718.9
15601594,Ifeanacho,698,France,Female,51,6,"€ 157,143.61",14142924.9
15589969,Capon,850,French,Male,34,6,"€ 52,796.31",4751667.9
15703728,Chieloka,700,Spain,Male,47,4,"€ 121,798.52",10961866.8
15617790,Hanson,626,France,Female,29,4,"€ 41,104.82",3699433.8
15662500,Ts'ao,774,Spain,Male,32,9,"€ 10,604.48",954403.2
15778526,Bradshaw,719,Spain,Female,48,5,"€ 78,563.66",7070729.4
15670584,Nkemakolam,646,Spain,Male,31,2,"€ 170,821.43",15373928.7
15748069,Clunie,485,France,Female,25,3,"€ 113,266.09",10193948.1
15680597,Cover,784,Germany,Male,38,1,"€ 171,768.76",15459188.4
15628992,Esposito,850,Germany,Male,32,2,"€ 54,416.18",4897456.2
15719624,Hodgson,669,French,Female,38,9,"€ 130,755.34",11767980.6
15812767,Harvey,731,Spain,Male,70,3,"€ 141,180.66",12706259.4
15689201,Dobie,721,FRA,Female,49,1,"€ 183,421.76",16507958.4
15614716,Okwudilichukwu,515,French,Female,37,0,"€ 132,770.11",11949309.9
15683618,Dyer,774,FRA,Female,35,3,"€ 24,400.37",2196033.3
15799631,Chase,585,Spain,Male,36,10,"€ 180,318.60",16228674
15692259,Baresi,695,France,Female,29,9,"€ 111,565.45",10040890.5
15590966,Lo,729,Germany,Female,42,4,"€ 2,002.50",180225
15656426,Tyler,713,French,Female,42,3,"€ 82,565.01",7430850.9
15675256,Ts'ui,555,Spain,Male,33,5,"€ 121,789.30",10961037
15751185,Aparicio,699,Spain,Female,50,0,"€ 193,785.87",17440728.3
15789582,Macleod,587,FRA,Male,55,9,"€ 64,593.07",5813376.3
15651103,Sal,762,Spain,Female,69,9,"€ 196,993.69",17729432.1
15672299,Yeh,510,French,Male,44,6,"€ 175,518.31",15796647.9
15772250,Udegbunam,842,Spain,Male,46,9,"€ 17,268.02",1554121.8
15763922,Alexandrov,608,FRA,Male,31,7,"€ 60,901.72",5481154.8
15633870,Ozioma,850,France,Female,36,10,"€ 100,750.03",9067502.7
15624323,Atkins,642,French,Male,36,4,"€ 195,224.91",17570241.9
15688612,Campos,850,French,Male,33,7,"€ 3,510.18",315916.2
15694644,Wood,455,Spain,Female,43,6,"€ 81,250.79",7312571.1
15587174,Kerr,726,FRA,Male,29,7,"€ 91,844.14",8265972.6
15579559,Chienezie,544,Spain,Male,30,8,"€ 80,676.83",7260914.7
15775430,Tsou,651,Germany,Male,31,7,"€ 129,912.74",11692146.6
15623695,McKinnon,814,France,Female,31,4,"€ 142,029.17",12782625.3
15760849,Nwachukwu,537,French,Male,39,2,"€ 137,651.60",12388644
15813095,Nwebube,553,French,Male,37,2,"€ 33,877.29",3048956.1
15705281,Burt,800,Spain,Male,38,9,"€ 78,744.39",7086995.1
15812594,Ross,791,France,Male,34,7,"€ 96,734.46",8706101.4
15626322,Lees,699,Spain,Female,29,9,"€ 164,756.81",14828112.9
15723105,Feetham,756,France,Female,28,6,"€ 164,394.65",14795518.5
15588449,Chuang,591,Spain,Female,27,5,"€ 162,501.83",14625164.7
15794849,Aitken,850,Germany,Male,22,7,"€ 10,541.38",948724.2
15620000,Chambers,760,Germany,Male,34,6,"€ 59,325.21",5339268.9
15799720,Coburn,569,Spain,Male,43,8,"€ 178,187.28",16036855.2
15711287,Ahmed,661,Spain,Female,35,5,"€ 142,626.49",12836384.1
15613102,Ogochukwu,670,France,Female,31,2,"€ 181,893.31",16370397.9
15621440,Soto,694,France,Male,38,1,"€ 156,858.20",14117238
15677146,Obiajulu,728,France,Female,28,4,"€ 33,074.51",2976705.9
15801169,Yegorova,764,Germany,Female,39,9,"€ 50,072.94",4506564.6
15722425,Lucchese,639,French,Male,32,9,"€ 111,340.36",10020632.4
15682421,Talbot,683,FRA,Female,30,2,"€ 100,496.84",9044715.6
15691910,Lu,663,Spain,Male,30,4,"€ 101,371.05",9123394.5
15721779,Arnold,826,Spain,Male,41,5,"€ 180,934.67",16284120.3
15579548,Nicholson,735,Spain,Male,36,5,"€ 105,152.17",9463695.3
15681075,Chukwualuka,682,FRA,Female,58,1,€ 706.50,63585
15607884,Wallace,663,FRA,Female,39,8,"€ 101,168.90",9105201
15767757,Pisano,562,Spain,Female,29,9,"€ 6,795.61",611604.9
15791550,Kelly,696,French,Male,27,4,"€ 196,111.35",17650021.5
15658589,Brady,850,Spain,Male,38,2,"€ 171,960.76",15476468.4
15670822,Palmer,719,France,Female,22,7,"€ 177,497.40",15974766
15629744,Tan,804,French,Female,71,8,"€ 147,995.96",13319636.4
15660768,L?,604,French,Male,40,1,"€ 36,209.10",3258819
15726310,Mordvinova,782,Spain,Female,27,3,"€ 143,614.01",12925260.9
15641298,Corones,512,Germany,Male,42,9,"€ 14,828.54",1334568.6
15625675,Clements,569,French,Male,36,1,"€ 154,775.70",13929813
15713354,Morrice,597,Germany,Female,22,6,"€ 70,529.00",6347610
15633866,Hsiung,753,Germany,Male,30,1,"€ 57,896.27",5210664.3
15704231,Barrett,430,French,Female,33,8,"€ 69,759.91",6278391.9
15735400,Kanayochukwu,756,France,Male,28,8,"€ 89,938.08",8094427.2
15632826,Tardent,493,France,Male,38,3,"€ 89,578.32",8062048.8
15751022,Bowhay,777,Germany,Female,37,10,"€ 73,464.88",6611839.2
15664737,Lei,779,Spain,Female,38,7,"€ 138,542.87",12468858.3
15681126,Baker,702,Spain,Female,38,2,"€ 161,888.63",14569976.7
15738954,Pisano,551,French,Male,35,7,"€ 86,937.20",7824348
15662263,Castillo,749,Germany,Male,22,4,"€ 42,241.54",3801738.6
15621611,Gibson,742,Germany,Male,55,5,"€ 121,207.66",10908689.4
15783752,Lindsay,752,Germany,Male,29,4,"€ 102,930.46",9263741.4
15709474,Macnamara,740,Germany,Female,57,3,"€ 65,121.63",5860946.7
15701280,Romano,576,France,Male,24,3,"€ 78,498.04",7064823.6
15671104,Aksakova,637,Spain,Male,43,3,"€ 104,769.96",9429296.4
15796434,Farnsworth,724,France,Male,28,5,"€ 96,498.14",8684832.6
15781505,Giordano,685,France,Male,20,4,"€ 38,691.34",3482220.6
15625819,Arnold,625,FRA,Female,38,7,"€ 164,804.02",14832361.8
15753174,Thompson,571,Germany,Male,37,9,"€ 104,152.65",9373738.5
15654067,Koch,584,Spain,Female,29,4,"€ 88,866.92",7998022.8
15724719,Jones,550,French,Female,22,7,"€ 129,890.94",11690184.6
15624695,Otitodilinna,662,Spain,Female,72,7,"€ 179,258.67",16133280.3
15718216,Fleetwood-Smith,803,Spain,Male,43,3,"€ 72,051.44",6484629.6
15586300,Chinonyelum,615,FRA,Male,66,7,"€ 74,580.80",6712272
15783349,Montague,481,Spain,Male,39,1,"€ 123,995.15",11159563.5
15725767,Milani,701,FRA,Male,23,3,"€ 38,960.59",3506453.1
15791925,Palermo,751,France,Male,29,10,"€ 94,951.27",8545614.3
15793585,Anderson,675,France,Male,35,8,"€ 56,642.97",5097867.3
15576641,Crawford,733,Germany,Male,40,5,"€ 50,783.10",4570479
15749519,Lin,822,France,Male,38,6,"€ 9,149.96",823496.4
15684960,Yewen,559,France,Female,46,5,"€ 21,006.10",1890549
15591286,Simmons,731,Germany,Female,49,4,"€ 33,759.41",3038346.9
15668323,Mbadiwe,678,France,Female,41,1,"€ 196,622.28",17696005.2
15608528,Munro,645,France,Female,68,9,"€ 176,353.87",15871848.3
15645184,Graham,701,France,Male,29,2,"€ 176,943.59",15924923.1
15702566,Lombardo,554,Spain,Male,26,8,"€ 177,966.24",16016961.6
15660840,Kalinin,723,FRA,Male,30,3,"€ 162,198.32",14597848.8
15750811,Woodward,766,Germany,Male,44,3,"€ 197,643.24",17787891.6
15733842,Pirozzi,597,France,Female,24,1,"€ 60,420.07",5437806.3
15581526,Iweobiegbulam,574,France,Male,41,1,"€ 70,550.00",6349500
15662751,Piazza,655,Germany,Female,40,0,"€ 198,798.44",17891859.6
15684319,Baranova,780,Germany,Female,37,10,"€ 126,310.39",11367935.1
15702190,Fan,672,Spain,Male,43,5,"€ 64,515.50",5806395
15588517,Sun,717,FRA,Male,38,7,"€ 158,580.05",14272204.5
15801863,Marino,521,FRA,Female,32,2,"€ 129,353.21",11641788.9
15584271,Donaldson,633,FRA,Male,59,5,"€ 137,273.97",12354657.3
15700366,Burton,669,France,Male,39,3,"€ 171,575.54",15441798.6
15804038,Quinn,740,France,Male,44,9,"€ 96,528.00",8687520
15720820,Sabbatini,462,Germany,Female,24,9,"€ 64,421.02",5797891.8
15743759,Brooks,619,France,Male,39,5,"€ 158,444.61",14260014.9
15749947,Black,665,French,Female,44,7,"€ 66,548.58",5989372.2
15670496,Schwartz,655,Spain,Female,27,9,"€ 108,008.05",9720724.5
15746664,Ts'ui,463,Spain,Male,20,8,"€ 128,268.39",11544155.1
15745533,Sargent,799,FRA,Female,63,1,"€ 37,464.00",3371760
15761497,Udinesi,713,Spain,Female,48,1,"€ 157,381.14",14164302.6
15628600,Lee,807,Germany,Female,31,1,"€ 194,257.11",17483139.9
15627002,Taylor,728,FRA,Male,38,1,"€ 139,059.05",12515314.5
15614635,Kepley,582,French,Male,52,2,"€ 40,893.61",3680424.9
15731281,Ozuluonye,704,Germany,Female,35,3,"€ 40,261.49",3623534.1
15814022,Lassetter,714,FRA,Female,26,9,"€ 46,203.31",4158297.9
15659194,Mishina,628,FRA,Male,30,8,"€ 13,126.90",1181421
15745030,Trevisano,809,Germany,Male,41,1,"€ 165,675.01",14910750.9
15691817,Iloerika,547,Spain,Female,44,5,"€ 5,459.07",491316.3
15707488,Tan,560,French,Female,27,5,"€ 131,919.48",11872753.2
15784700,Chikelu,811,FRA,Male,31,7,"€ 182,372.35",16413511.5
15710397,Lin,584,France,Male,26,4,"€ 147,600.54",13284048.6
15687648,Nicholson,691,France,Male,28,1,"€ 92,865.41",8357886.9
15732281,Ugoji,680,Germany,Male,34,6,"€ 67,142.97",6042867.3
15607230,Michel,588,Germany,Male,33,9,"€ 65,611.01",5904990.9
15567630,Bruce,721,Germany,Male,40,6,"€ 138,564.48",12470803.2
15587507,Feng,850,France,Male,47,6,"€ 187,391.02",16865191.8
15733904,McDonald,529,France,Male,32,9,"€ 33,656.35",3029071.5
15709511,Watt,622,FRA,Male,43,8,"€ 100,618.17",9055635.3
15579616,Goodwin,683,FRA,Female,42,8,"€ 198,134.90",17832141
15694852,Arcuri,575,French,Male,29,4,"€ 50,368.87",4533198.3
15589924,Rapuluolisa,577,Spain,Female,40,1,"€ 108,787.00",9790830
15799300,Kao,510,Germany,Male,31,0,"€ 33,099.41",2978946.9
15731330,Tsui,652,Spain,Female,40,7,"€ 124,550.88",11209579.2
15694129,Summers,569,Germany,Female,28,3,"€ 5,159.21",464328.9
15620372,Cross,687,Spain,Male,31,3,"€ 48,228.10",4340529
15744622,Osorio,822,French,Male,32,8,"€ 108,798.36",9791852.4
15799815,Bobrov,656,Germany,Female,23,4,"€ 21,085.12",1897660.8
15759250,Barnett,745,Germany,Male,51,3,"€ 28,922.25",2603002.5
15732643,Pike,386,Spain,Female,53,1,"€ 62,514.65",5626318.5
15690540,Gearheart,684,Spain,Female,41,1,"€ 177,506.66",15975599.4
15803078,Bruno,635,Spain,Female,38,1,"€ 90,605.05",8154454.5
15652180,Egobudike,582,France,Male,30,2,"€ 132,029.95",11882695.5
15741195,Okechukwu,613,Spain,Male,19,5,"€ 176,903.35",15921301.5
15743490,Zikoranachidimma,795,Germany,Female,56,9,"€ 29,239.29",2631536.1
15575510,Milanesi,659,FRA,Female,32,2,"€ 153,662.88",13829659.2
15732610,Ahern,745,France,Female,28,6,"€ 154,389.18",13895026.2
15602909,Dickson,604,Spain,Female,41,10,"€ 166,224.39",14960195.1
15734058,Anayochukwu,509,Germany,Male,32,9,"€ 21,646.20",1948158
15801788,McDonald,706,Germany,Female,29,6,"€ 171,037.63",15393386.7
15702462,Fiorentini,619,Spain,Female,44,6,"€ 112,649.22",10138429.8
15683416,Russo,572,Germany,Male,51,8,"€ 193,014.26",17371283.4
15794187,Young,695,FRA,Male,36,6,"€ 118,120.88",10630879.2
15792989,Bianchi,543,French,Female,71,1,"€ 25,650.04",2308503.6
15613734,Fallaci,640,FRA,Female,33,6,"€ 113,048.79",10174391.1
15606177,Crawford,672,France,Male,39,2,"€ 87,372.49",7863524.1
15636700,Marsh,701,France,Male,39,9,"€ 146,651.99",13198679.1
15645766,Kosisochukwu,634,Spain,Male,25,9,"€ 8,227.91",740511.9
15671345,Piccio,531,Spain,Female,42,6,"€ 57,034.35",5133091.5
15652469,Nevels,699,FRA,Male,27,1,"€ 93,003.21",8370288.9
15749638,Kaodilinakachukwu,605,France,Female,51,9,"€ 165,574.54",14901708.6
15728706,Amaechi,534,French,Female,49,7,"€ 13,566.48",1220983.2
15735439,P'an,449,Spain,Female,31,1,"€ 82,796.29",7451666.1
15778696,Ikemefuna,684,Spain,Female,36,5,"€ 119,830.08",10784707.2
15624744,Tai,622,Germany,Male,42,9,"€ 72,155.85",6494026.5
15584338,Winn,714,FRA,Female,40,0,"€ 62,762.12",5648590.8
15726178,Hardy,712,Spain,Female,48,8,"€ 183,235.33",16491179.7
15794939,Chiu,783,FRA,Female,72,5,"€ 105,206.48",9468583.2
15788068,Lopez,743,Germany,Male,45,10,"€ 22,512.44",2026119.6
15572956,Steen,683,France,Male,36,5,"€ 122,305.91",11007531.9
15780386,Ferri,654,Spain,Male,40,5,"€ 173,617.09",15625538.1
15791114,Yegorova,700,FRA,Male,37,1,"€ 160,670.37",14460333.3
15708046,Knowles,744,Spain,Male,31,0,"€ 158,958.90",14306301
15719779,May,645,Germany,Male,25,1,"€ 93,073.04",8376573.6
15591550,Bianchi,525,Spain,Male,36,3,"€ 67,238.01",6051420.9
15639368,Pipes,732,FRA,Male,25,0,"€ 172,576.56",15531890.4
15699830,Doherty,721,France,Female,40,7,"€ 122,580.48",11032243.2
15569264,Yobanna,622,French,Male,32,5,"€ 149,043.78",13413940.2
15595158,Hsu,654,Germany,Male,31,5,"€ 105,218.45",9469660.5
15599126,Russell,529,France,Female,43,0,"€ 78,463.99",7061759.1
15650575,Payne,720,Spain,Female,59,6,"€ 160,849.43",14476448.7
15641490,Windsor,850,Germany,Female,25,8,"€ 87,834.24",7905081.6
15680234,Bray,667,Germany,Male,27,2,"€ 166,317.71",14968593.9
15592230,Seleznyov,620,FRA,Male,41,3,"€ 137,309.06",12357815.4
15626212,Wark,616,French,Male,29,9,"€ 166,984.44",15028599.6
15700627,Y?,637,Germany,Female,46,2,"€ 166,996.46",15029681.4
15782641,Brown,710,Spain,Female,29,3,"€ 188,022.44",16922019.6
15784445,Huang,717,Spain,Male,33,1,"€ 194,467.23",17502050.7
15813681,Zito,786,Germany,Male,24,2,"€ 125,449.47",11290452.3
15596649,Bailey,651,France,Female,39,8,"€ 137,452.57",12370731.3
15700460,Allnutt,530,French,Female,55,4,"€ 123,475.88",11112829.2
15724076,Christie,815,Spain,Female,57,5,"€ 38,941.44",3504729.6
15784000,Pope,715,Germany,Female,34,9,"€ 177,852.57",16006731.3
15733966,Johnstone,496,Germany,Female,55,4,"€ 31,532.96",2837966.4
15612667,Bird,680,Spain,Male,42,0,"€ 136,377.21",12273948.9
15654025,Jones,646,FRA,Female,51,4,"€ 130,541.10",11748699
15589431,Pedder,807,Germany,Male,47,1,"€ 65,636.92",5907322.8
15578238,Calabrese,727,France,Male,47,7,"€ 193,305.35",17397481.5
15566269,Chialuka,787,France,Male,25,5,"€ 47,307.90",4257711
15639217,McKenzie,806,French,Male,34,6,"€ 100,809.99",9072899.1
15688644,Holloway,603,France,Male,31,1,"€ 109,145.20",9823068
15662426,Tang,649,Spain,Male,32,1,"€ 91,167.19",8205047.1
15720511,Byrne,547,Germany,Male,41,3,"€ 175,295.89",15776630.1
15567246,Selwyn,684,Germany,Male,32,3,"€ 127,433.47",11469012.3
15647965,Genovese,477,FRA,Female,57,9,"€ 71,167.17",6405045.3
15679048,Koger,558,Germany,Male,41,2,"€ 111,184.67",10006620.3
15675749,Baranov,695,French,Female,23,1,"€ 141,756.32",12758068.8
15782181,Greco,592,Spain,Male,35,6,"€ 72,678.75",6541087.5
15795738,Owens,789,FRA,Male,31,4,"€ 172,832.90",15554961
15773751,Y?,597,French,Female,29,1,"€ 158,086.33",14227769.7
15655436,Kendall,839,Germany,Male,47,2,"€ 168,184.62",15136615.8
15691396,Ko,405,Germany,Male,31,5,"€ 72,950.14",6565512.6
15796958,Tang,658,France,Male,39,7,"€ 48,378.40",4354056
15801832,Lombardo,684,Germany,Male,42,1,"€ 23,135.65",2082208.5
15661349,Perkins,633,FRA,Male,35,10,"€ 65,675.47",5910792.3
15719265,Feng,589,France,Male,46,9,"€ 170,676.67",15360900.3
15779985,Lo,750,Germany,Female,37,1,"€ 27,366.77",2463009.3
15663410,Piccio,771,Spain,Male,51,5,"€ 152,479.64",13723167.6
15704144,Mazzanti,812,Germany,Male,33,2,"€ 105,383.49",9484514.1
15774104,Chukwualuka,539,Spain,Male,39,2,"€ 48,189.94",4337094.6
15812230,Elliot,670,Germany,Female,42,5,"€ 100,324.01",9029160.9
15742848,Gratton,673,FRA,Male,41,5,"€ 65,657.29",5909156.1
15745326,Carandini,538,France,Female,62,3,"€ 17,682.02",1591381.8
15674541,Robinson,575,Spain,Male,52,8,"€ 111,342.66",10020839.4
15728564,Lo,682,France,Male,41,6,"€ 134,158.09",12074228.1
15580701,Ma,712,FRA,Male,33,3,"€ 79,176.09",7125848.1
15688973,Vinogradova,598,Spain,Female,39,5,"€ 83,103.46",7479311.4
15709412,H?,776,Spain,Male,30,6,"€ 63,908.86",5751797.4
15607753,Alexandrova,606,Spain,Female,23,10,"€ 90,896.04",8180643.6
15705352,Yang,686,Spain,Male,38,7,"€ 76,076.20",6846858
15602500,Maslova,850,Spain,Male,38,1,"€ 103,902.11",9351189.9
15672437,Buccho,642,France,Male,72,1,"€ 142,223.94",12800154.6
15720968,Young,606,Germany,Male,27,2,"€ 147,533.09",13277978.1
15730796,Barker,627,French,Female,21,7,"€ 169,156.64",15224097.6
15768219,Sung,850,Spain,Male,36,0,"€ 141,242.57",12711831.3
15663883,Hansen,850,Germany,Male,32,9,"€ 149,458.73",13451285.7
15589296,Brown,724,France,Female,40,6,"€ 86,950.72",7825564.8
15586425,Lo Duca,579,France,Male,28,4,"€ 176,925.69",15923312.1
15679813,Ellis,727,Spain,Male,28,1,"€ 40,357.39",3632165.1
15681410,Korff,813,Germany,Female,36,6,"€ 26,687.22",2401849.8
15668283,Gardiner,642,FRA,Male,48,9,"€ 78,702.98",7083268.2
15624072,Kiernan,669,Spain,Male,22,10,"€ 176,163.74",15854736.6
15669664,Thompson,574,Germany,Male,54,1,"€ 4,896.11",440649.9
15682728,Mathews,774,French,Female,32,4,"€ 114,899.13",10340921.7
15573851,Macrossan,735,France,Female,38,1,"€ 92,220.12",8299810.8
15733661,Illingworth,639,Spain,Female,27,8,"€ 6,251.30",562617
15710012,Bowen,738,Spain,Male,44,2,"€ 43,018.82",3871693.8
15763327,Craig,835,French,Male,32,8,"€ 27,548.06",2479325.4
15668853,Menhennitt,637,Spain,Female,44,0,"€ 120,454.20",10840878
15639303,Moore,589,Germany,Male,48,5,"€ 133,961.19",12056507.1
15691011,Shoebridge,591,FRA,Male,42,9,"€ 131,753.97",11857857.3
15638513,Palermo,723,FRA,Female,40,7,"€ 38,019.74",3421776.6
15648933,Reilly,831,Germany,Male,44,3,"€ 28,144.07",2532966.3
15628904,Bowen,733,Spain,Male,35,8,"€ 45,959.86",4136387.4
15644788,Fyodorov,731,French,Female,30,5,"€ 189,528.72",17057584.8
15598161,Clements,654,France,Male,47,10,"€ 170,481.98",15343378.2
15745624,McKenzie,828,France,Male,37,4,"€ 94,845.45",8536090.5
15733169,Craig,590,Spain,Male,22,7,"€ 161,253.08",14512777.2
15801417,Iloerika,657,FRA,Male,37,4,"€ 115,260.72",10373464.8
15592707,Dolgorukova,531,Germany,Female,64,2,"€ 60,721.40",5464926
15593954,Eva,516,France,Female,47,6,"€ 121,365.45",10922890.5
15714431,Yeh,561,FRA,Male,37,1,"€ 101,693.73",9152435.7
15638257,P'an,682,Spain,Female,54,0,"€ 54,132.93",4871963.7
15690939,Howe,575,Spain,Male,28,7,"€ 10,666.05",959944.5
15723613,Jenkins,623,France,Female,28,4,"€ 41,227.67",3710490.3
15813640,Shih,642,France,Female,40,7,"€ 10,712.82",964153.8
15707322,Nnamdi,779,France,Female,48,2,"€ 98,912.69",8902142.1
15588918,Mitchell,671,France,Female,42,6,"€ 197,202.48",17748223.2
15600357,Findlay,495,French,Female,40,1,"€ 150,720.39",13564835.1
15747014,Pisani,850,FRA,Female,28,1,"€ 74,780.13",6730211.7
15809830,Belisario,630,France,Male,50,8,"€ 79,377.45",7143970.5
15662245,Pomeroy,588,French,Male,32,1,"€ 8,763.87",788748.3
15651075,Ibrahimova,562,Germany,Male,35,3,"€ 177,112.70",15940143
15594456,K?,740,Spain,Female,56,4,"€ 85,016.64",7651497.6
15583462,Graham,695,France,Male,28,5,"€ 88,689.40",7982046
15757661,Trevisano,589,French,Female,39,7,"€ 95,985.64",8638707.6
15729117,Trevisano,607,FRA,Female,31,1,"€ 166,792.71",15011343.9
15749671,K?,794,France,Male,35,6,"€ 68,730.91",6185781.9
15566253,Manning,580,Germany,Male,44,9,"€ 146,891.07",13220196.3
15595153,Tucker,644,Germany,Female,44,8,"€ 148,727.42",13385467.8
15698572,Schaffer,636,Spain,Female,36,1,"€ 43,134.58",3882112.2
15674149,Esomchi,599,Germany,Male,36,3,"€ 40,318.33",3628649.7
15623082,Ch'ang,507,French,Female,35,2,"€ 97,633.93",8787053.7
15797905,Walker,682,France,Female,48,7,"€ 65,069.03",5856212.7
15746028,Chu,714,French,Female,24,7,"€ 166,335.00",14970150
15582951,Crawford,696,French,Female,25,8,"€ 121,904.44",10971399.6
15616471,Milne,599,Spain,Male,51,0,"€ 175,235.99",15771239.1
15641575,Anenechukwu,577,FRA,Male,37,2,"€ 56,185.05",5056654.5
15638803,Donaldson,733,Spain,Female,32,5,"€ 131,625.14",11846262.6
15808283,Kelly,647,FRA,Female,33,4,"€ 152,323.04",13709073.6
15811200,Ts'ao,831,French,Female,34,2,"€ 165,840.94",14925684.6
15733476,Gonzalez,543,Germany,Male,30,6,"€ 176,692.65",15902338.5
15633274,Tai,679,FRA,Male,34,7,"€ 121,904.14",10971372.6
15582168,Muravyova,713,Germany,Female,61,4,"€ 123,663.63",11129726.7
15807269,Milanesi,690,Germany,Male,43,2,"€ 119,644.59",10768013.1
15602979,Lin,751,French,Male,29,1,"€ 66,825.33",6014279.7
15660417,Lambert,613,Germany,Female,43,10,"€ 94,875.03",8538752.7
15590199,Temple,701,Spain,Male,28,1,"€ 76,304.73",6867425.7
15641794,Ridley,698,FRA,Male,33,5,"€ 39,755.00",3577950
15779174,Young,451,FRA,Female,36,2,"€ 180,142.42",16212817.8
15785547,Slye,665,FRA,Male,28,8,"€ 83,238.40",7491456
15795124,Pan,726,Germany,Male,50,9,"€ 5,078.90",457101
15718912,Hsueh,608,Germany,Female,44,5,"€ 132,424.69",11918222.1
15592028,Roberts,549,French,Female,46,7,"€ 109,057.56",9815180.4
15580227,Moss,803,FRA,Male,33,6,"€ 115,676.61",10410894.9
15657830,Andrews,663,FRA,Male,43,4,"€ 149,401.33",13446119.7
15798256,Takasuka,558,FRA,Female,45,1,"€ 89,891.40",8090226
15643819,Dawson,714,FRA,Female,25,4,"€ 82,500.84",7425075.6
15754301,Bruche,704,French,Male,39,5,"€ 6,416.92",577522.8
15726855,Oliver,805,Germany,Female,45,9,"€ 189,428.75",17048587.5
15755225,Ryan,659,Germany,Male,34,9,"€ 178,833.34",16095000.6
15725221,Sabbatini,738,Germany,Male,62,10,"€ 42,766.03",3848942.7
15789055,Watt,635,Spain,Male,35,2,"€ 90,883.12",8179480.8
15617507,Wilson,530,Spain,Female,36,7,"€ 80,619.09",7255718.1
15668894,Abramova,661,Germany,Male,41,5,"€ 120,646.40",10858176
15589563,Purdy,531,Spain,Male,31,2,"€ 41,409.36",3726842.4
15693162,Higgins,694,France,Female,29,5,"€ 112,317.89",10108610.1
15750099,Marshall,731,FRA,Female,36,6,"€ 152,128.36",13691552.4
15795540,Reye,556,French,Female,36,2,"€ 177,670.57",15990351.3
15794941,Chibueze,647,Germany,Female,41,1,"€ 189,159.97",17024397.3
15611848,Kwemtochukwu,850,Germany,Male,32,3,"€ 159,403.68",14346331.2
15581237,Biryukova,573,Spain,Male,33,1,"€ 149,536.15",13458253.5
15738150,Chidozie,591,France,Male,45,5,"€ 155,492.87",13994358.3
15678571,Barber,723,French,Male,21,4,"€ 24,847.02",2236231.8
15736124,Thompson,617,France,Male,25,1,"€ 115,387.40",10384866
15623202,Maslov,704,Germany,Female,39,10,"€ 171,971.25",15477412.5
15804201,Jones,457,Germany,Male,42,4,"€ 126,106.40",11349576
15596863,Chidumaga,787,Germany,Female,38,3,"€ 28,228.35",2540551.5
15696277,Hs?,651,French,Female,34,9,"€ 138,113.71",12430233.9
15748608,Trentini,612,Germany,Male,42,5,"€ 43,018.98",3871708.2
15723864,Lucas,828,Spain,Male,47,1,"€ 83,611.45",7525030.5
15802390,Willoughby,724,FRA,Female,34,2,"€ 118,863.38",10697704.2
15774336,Jamieson,648,Germany,Male,44,9,"€ 91,947.74",8275296.6
15648766,Robertson,569,Spain,Male,35,3,"€ 94,488.82",8503993.8
15659094,Ojiofor,765,Germany,Female,34,8,"€ 47,058.21",4235238.9
15606397,Cameron,577,Germany,Female,44,1,"€ 44,719.50",4024755
15642619,Mayne,603,Spain,Male,46,2,"€ 174,478.54",15703068.6
15666032,Mancini,568,Spain,Male,28,1,"€ 45,611.51",4105035.9
15595842,Paramor,748,Germany,Male,45,2,"€ 73,853.94",6646854.6
15753837,Young,573,Spain,Male,38,4,"€ 196,517.43",17686568.7
15783882,Daly,771,Spain,Female,41,5,"€ 92,914.67",8362320.3
15799790,Carter,763,France,Male,35,9,"€ 31,372.91",2823561.9
15628155,Dike,410,France,Female,35,7,"€ 109,733.73",9876035.7
15703778,Hughes,728,France,Male,33,8,"€ 36,083.96",3247556.4
15722322,Green,655,Spain,Female,78,2,"€ 188,435.38",16959184.2
15639278,Chinomso,580,Germany,Female,36,6,"€ 169,963.20",15296688
15568487,Gorshkov,712,France,Male,35,7,"€ 69,320.97",6238887.3
15682084,Chinomso,680,France,Male,31,9,"€ 36,145.53",3253097.7
15642821,Ijendu,383,Spain,Female,48,8,"€ 137,702.01",12393180.9
15601387,Yen,721,France,Male,35,10,"€ 71,594.26",6443483.4
15642515,Arcuri,620,France,Female,42,1,"€ 65,565.92",5900932.8
15710421,Baresi,774,Spain,Female,36,8,"€ 101,828.39",9164555.1
15726774,Field,563,French,Male,35,3,"€ 39,546.32",3559168.8
15649078,Christian,850,Germany,Female,27,8,"€ 110,805.79",9972521.1
15641877,Ross,681,French,Male,47,9,"€ 2,168.13",195131.7
15796496,Trevisani,631,French,Female,31,8,"€ 190,067.12",17106040.8
15815690,Akabueze,614,Spain,Female,40,3,"€ 77,789.01",7001010.9
15631739,Dunn,704,Spain,Male,24,10,"€ 127,654.37",11488893.3
15625584,Martin,786,French,Male,32,2,"€ 79,602.86",7164257.4
15802466,Donaldson,534,French,Female,53,7,"€ 80,619.17",7255725.3
15697028,McClinton,590,Spain,Male,34,0,"€ 160,346.30",14431167
15575759,Bentley,583,Spain,Female,40,3,"€ 109,638.78",9867490.2
15567442,Ibezimako,656,France,Female,75,3,"€ 1,276.87",114918.3
15746805,Thomson,597,French,Male,33,9,"€ 49,374.82",4443733.8
15636330,Ch'in,588,Germany,Female,48,1,"€ 31,580.80",2842272
15714970,Holbrook,667,Germany,Male,32,0,"€ 20,560.69",1850462.1
15653784,Solomina,627,French,Male,37,2,"€ 84,584.69",7612622.1
15693543,McDonald,708,French,Female,33,8,"€ 15,246.83",1372214.7
15773283,Dennis,641,FRA,Male,65,6,"€ 32,607.77",2934699.3
15742534,Faulk,527,Germany,Female,28,2,"€ 155,846.69",14026202.1
15569878,Dale,592,FRA,Male,37,3,"€ 3,232.82",290953.8
15729454,Gorbunov,465,French,Male,33,8,"€ 177,668.55",15990169.5
15578375,Farrell,628,French,Male,39,6,"€ 134,441.60",12099744
15785559,De Luca,678,France,Male,43,1,"€ 111,032.79",9992951.1
15649414,Walker,570,France,Female,61,6,"€ 45,214.04",4069263.6
15701605,Forster,815,FRA,Male,37,1,"€ 67,208.30",6048747
15686696,Brown,817,France,Female,37,6,"€ 80,985.88",7288729.2
15625586,Monaldo,717,French,Male,35,4,"€ 167,573.06",15081575.4
15654975,Wu,641,French,Female,53,0,"€ 160,110.65",14409958.5
15782993,Pan,624,France,Male,51,10,"€ 127,825.25",11504272.5
15774382,Longo,579,Germany,Male,49,4,"€ 123,535.05",11118154.5
15689602,Findlay,698,France,Male,38,2,"€ 41,595.30",3743577
15756155,Fu,645,French,Male,32,4,"€ 97,628.08",8786527.2
15812647,Yin,691,FRA,Male,34,8,"€ 91,359.79",8222381.1
15736043,Hamilton,638,French,Male,34,6,"€ 97,755.29",8797976.1
15696744,Miller,705,French,Female,31,3,"€ 182,528.44",16427559.6
15602572,Hsing,720,FRA,Male,33,9,"€ 142,956.48",12866083.2
15674765,Mitchell,553,Spain,Male,44,4,"€ 10,789.30",971037
15678725,Chamberlin,658,French,Female,29,8,"€ 130,461.09",11741498.1
15694444,Buttenshaw,648,Germany,Female,32,8,"€ 190,994.48",17189503.2
15795878,Anayochukwu,636,Spain,Male,45,3,"€ 159,463.80",14351742
15735346,Wallace,527,Germany,Female,41,10,"€ 57,589.29",5183036.1
15687094,Calabresi,717,Germany,Female,28,9,"€ 40,437.67",3639390.3
15790067,Sun,614,Spain,Male,39,3,"€ 56,459.45",5081350.5
15605742,Tuan,737,FRA,Male,43,0,"€ 39,920.00",3592800
15566740,Nazarova,587,Spain,Male,51,3,"€ 148,798.45",13391860.5
15664897,Bryant,682,FRA,Female,35,2,"€ 63,737.19",5736347.1
15585777,Pai,710,FRA,Male,38,3,"€ 154,997.64",13949787.6
15650864,Power,507,France,Male,42,6,"€ 34,777.23",3129950.7
15806709,Hao,609,Germany,Male,33,6,"€ 93,718.16",8434634.4
15633818,McMillan,786,France,Male,32,9,"€ 133,112.41",11980116.9
15713845,Merrett,688,French,Male,38,7,"€ 175,479.92",15793192.8
15639662,Phillips,710,French,Male,38,2,€ 96.27,8664.3
15567013,De Luca,779,Spain,Male,33,3,"€ 30,804.68",2772421.2
15777784,Tu,733,French,Female,44,6,"€ 197,193.49",17747414.1
15800251,Elder,583,Germany,Female,26,10,"€ 96,792.15",8711293.5
15651315,Dilke,627,French,Male,41,3,"€ 132,719.80",11944782
15651450,Panicucci,666,Germany,Male,31,3,"€ 112,157.31",10094157.9
15784218,Mason,620,Spain,Male,38,0,"€ 38,015.34",3421380.6
15572398,Townsend,614,Spain,Female,39,6,"€ 164,018.98",14761708.2
15707962,Gunson,606,FRA,Male,40,6,"€ 46,774.94",4209744.6
15705663,Milano,700,Germany,Female,39,5,"€ 189,664.43",17069798.7
15645355,Macleod,677,Germany,Male,34,3,"€ 26,106.39",2349575.1
15729557,Olisaemeka,850,Germany,Male,36,5,"€ 191,535.11",17238159.9
15631436,Gleeson,564,France,Male,35,4,"€ 158,937.55",14304379.5
15583073,Martin,771,Spain,Female,56,2,"€ 25,222.60",2270034
15614361,Liao,620,Spain,Male,42,9,"€ 29,296.74",2636706.6
15724684,Sung,610,Spain,Male,46,5,"€ 54,394.28",4895485.2
15700083,Lai,609,Spain,Male,39,2,"€ 9,234.06",831065.4
15636541,Cartwright,683,Germany,Male,35,5,"€ 26,796.73",2411705.7
15796015,Wu,633,Germany,Male,42,3,"€ 11,796.89",1061720.1
15787222,Ch'in,676,Germany,Male,28,1,"€ 128,461.29",11561516.1
15594270,Biryukov,693,French,Male,38,7,"€ 14,278.18",1285036.2
15701524,Ting,709,France,Male,36,0,"€ 46,811.77",4213059.3
15645847,P'eng,569,Germany,Male,35,2,"€ 109,393.19",9845387.1
15708867,Niu,684,Spain,Female,38,3,"€ 3,966.50",356985
15613140,Mellor,565,French,Male,34,6,"€ 63,173.64",5685627.6
15628893,Power,681,FRA,Male,29,8,"€ 66,367.33",5973059.7
15764073,Arcuri,503,Spain,Female,36,9,"€ 16,274.67",1464720.3
15782879,Lang,656,FRA,Male,40,2,"€ 180,553.48",16249813.2
15635964,Eve,566,Germany,Male,65,4,"€ 107,563.16",9680684.4
15726087,Ch'in,592,France,Female,62,5,"€ 100,941.57",9084741.3
15726313,Napolitani,687,Spain,Female,50,5,"€ 110,230.40",9920736
15578073,Barker,686,Spain,Male,22,8,"€ 142,331.85",12809866.5
15786249,Whitfield,616,Spain,Male,30,2,"€ 199,099.51",17918955.9
15812850,Stradford,494,Spain,Male,67,5,"€ 85,890.16",7730114.4
15596972,Brownlow,534,French,Male,38,3,"€ 143,938.27",12954444.3
15620579,Dunn,695,Spain,Female,31,8,"€ 131,644.41",11847996.9
15768270,DeRose,579,Spain,Female,31,9,"€ 112,395.98",10115638.2
15656597,Wang,432,Germany,Male,38,2,"€ 71,856.30",6467067
15699446,Hobbs,816,Germany,Female,25,2,"€ 35,770.84",3219375.6
15615004,Anderson,730,French,Female,37,1,"€ 124,364.63",11192816.7
15704771,Ugochukwu,593,France,Female,35,6,"€ 78,101.29",7029116.1
15588372,Kirsova,715,Germany,Female,37,9,"€ 143,096.49",12878684.1
15681439,Tsou,775,Germany,Male,25,10,"€ 14,073.11",1266579.9
15607509,Ozerova,539,France,Male,38,5,"€ 47,388.41",4264956.9
15670343,Li,576,Spain,Male,19,6,"€ 72,306.07",6507546.3
15597968,Fyans,617,Spain,Male,50,7,"€ 184,839.70",16635573
15658432,Freeman,688,French,Male,40,6,"€ 47,886.44",4309779.6
15616431,Chiu,608,FRA,Male,33,4,"€ 130,474.03",11742662.7
15796957,Iadanza,597,Spain,Male,35,9,"€ 73,181.39",6586325.1
15815552,Ferguson,670,France,Female,42,6,"€ 65,706.86",5913617.4
15631871,Kelly,616,Germany,Female,57,7,"€ 104,379.36",9394142.4
15635870,She,579,Germany,Female,50,5,"€ 192,146.63",17293196.7
15596713,Christie,786,French,Male,37,7,"€ 66,977.68",6027991.2
15684211,Creel,704,Spain,Female,44,9,"€ 158,742.81",14286852.9
15760521,Thompson,796,French,Female,50,1,"€ 189,414.74",17047326.6
15608408,Lazareva,598,Spain,Male,39,1,"€ 159,130.32",14321728.8
15804721,Boni,602,FRA,Male,49,0,"€ 97,640.20",8787618
15730272,Evseev,619,France,Male,58,5,"€ 86,022.09",7741988.1
15741988,Marino,492,Germany,Female,52,8,"€ 10,014.72",901324.8
15771728,Mackenzie,641,Germany,Male,41,7,"€ 17,384.21",1564578.9
15605113,Sutherland,518,France,Female,27,1,"€ 143,315.57",12898401.3
15661945,Nicolay,623,Spain,Female,40,4,"€ 31,669.18",2850226.2
15783816,Lori,733,FRA,Female,28,5,"€ 12,761.16",1148504.4
15721207,Piazza,625,Germany,Male,42,6,"€ 93,429.95",8408695.5
15764072,Somerville,759,French,Female,31,1,"€ 42,012.55",3781129.5
15689412,Christie,604,France,Female,32,7,"€ 15,798.70",1421883
15798385,Grave,512,Spain,Female,46,3,"€ 56,408.14",5076732.6
15775339,Lori,520,French,Female,29,8,"€ 4,696.44",422679.6
15585256,Iloerika,805,Spain,Male,26,2,"€ 25,042.10",2253789
15797329,Muir,626,French,Male,43,4,"€ 130,442.08",11739787.2
15780220,Pauley,656,France,Male,38,10,"€ 136,521.82",12286963.8
15648951,Kao,785,Spain,Male,41,7,"€ 199,108.88",17919799.2
15752409,Grant,553,France,Male,31,6,"€ 124,596.63",11213696.7
15807524,Chukwuma,569,FRA,Female,44,4,"€ 134,394.78",12095530.2
15766649,Vincent,670,FRA,Male,38,10,"€ 144,275.39",12984785.1
15696812,Lazareva,586,Spain,Male,42,6,"€ 123,410.23",11106920.7
15581295,Ch'ien,617,Spain,Female,45,1,"€ 143,298.06",12896825.4
15663234,Bishop,508,French,Female,60,7,"€ 129,562.74",11660646.6
15741417,Chibuzo,624,Spain,Female,35,7,"€ 4,595.05",413554.5
15695174,Chang,654,French,Male,29,4,"€ 146,715.07",13204356.3
15665168,Calabrese,681,Germany,Female,44,3,"€ 163,558.36",14720252.4
15601503,Tokaryev,578,Spain,Male,28,4,"€ 6,947.09",625238.1
15706131,Logan,621,Spain,Female,37,9,"€ 9,170.54",825348.6
15782758,Ozerova,632,France,Male,40,5,"€ 199,674.83",17970734.7
15591091,Goering,644,FRA,Male,44,5,"€ 157,166.79",14145011.1
15715877,Lo,821,FRA,Male,28,2,"€ 46,072.52",4146526.8
15756918,Simmons,754,FRA,Female,38,2,"€ 3,524.69",317222.1
15746662,Maduabuchim,568,Spain,Female,27,1,"€ 45,563.94",4100754.6
15626679,Linger,584,France,Male,33,3,"€ 59,103.13",5319281.7
15793343,Yeh,549,FRA,Female,29,8,"€ 189,558.44",17060259.6
15576774,Stevenson,729,FRA,Female,38,7,"€ 45,779.90",4120191
15801316,Ifeatu,523,France,Male,61,8,"€ 21,859.06",1967315.4
15800514,Kenechukwu,477,Germany,Female,24,2,"€ 162,699.70",14642973
15662232,Learmonth,675,Germany,Male,42,2,"€ 8,567.18",771046.2
15737778,Dickson,782,Spain,Female,41,4,"€ 132,943.88",11964949.2
15782096,Volkova,616,Spain,Female,36,6,"€ 12,916.32",1162468.8
15783522,Mitchell,738,Spain,Female,37,8,"€ 128,799.86",11591987.4
15785373,Wong,717,Spain,Female,42,5,"€ 99,347.80",8941302
15756272,James,526,Germany,Female,35,9,"€ 40,980.87",3688278.3
15615245,Shao,660,French,Male,19,5,"€ 40,368.65",3633178.5
15600174,Walton,525,France,Male,35,7,"€ 94,738.54",8526468.6
15752956,Stanley,629,Spain,Male,29,6,"€ 88,842.80",7995852
15644882,Watson,616,Germany,Female,36,10,"€ 136,934.91",12324141.9
15766272,Folliero,521,Germany,Female,61,0,"€ 109,356.53",9842087.7
15800620,Fitzgerald,691,France,Female,29,9,"€ 199,635.93",17967233.7
15569764,Garner,687,Germany,Female,41,2,"€ 158,408.23",14256740.7
15747458,Folliero,677,Spain,Female,43,3,"€ 95,936.84",8634315.6
15573171,Liao,695,Spain,Male,63,1,"€ 126,688.83",11401994.7
15736769,Lucchesi,663,FRA,Female,27,9,"€ 150,850.29",13576526.1
15763381,Chan,496,FRA,Male,30,0,"€ 27,802.00",2502180
15814430,Ma,747,Spain,Male,41,9,"€ 32,430.94",2918784.6
15638607,Nwabugwu,546,French,Female,52,2,"€ 137,332.37",12359913.3
15737133,P'eng,706,Spain,Male,68,4,"€ 28,601.68",2574151.2
15613945,Andrews,472,France,Female,26,5,"€ 108,411.66",9757049.4
15659937,Otutodilinna,703,French,Female,40,7,"€ 122,518.50",11026665
15765287,Grant,850,FRA,Female,38,2,"€ 9,015.07",811356.3
15661723,Abramovich,667,Spain,Male,71,4,"€ 94,433.08",8498977.2
15766064,Komarova,559,FRA,Male,33,9,"€ 110,371.84",9933465.6
15649616,Otutodilichukwu,636,Spain,Male,60,7,"€ 141,364.62",12722815.8
15719017,Donaldson,672,French,Female,34,8,"€ 16,245.25",1462072.5
15720919,Duggan,667,French,Male,42,7,"€ 108,348.94",9751404.6
15706706,Chinwendu,648,Germany,Male,33,7,"€ 171,668.20",15450138
15709653,Hamilton,497,French,Male,32,8,"€ 67,364.42",6062797.8
15805104,Smith,743,France,Female,73,6,"€ 107,867.38",9708064.2
15622442,Mazzi,619,French,Male,29,5,"€ 194,310.10",17487909
15572801,Krischock,639,Spain,Male,34,5,"€ 33,950.08",3055507.2
15767598,Kent,540,Spain,Male,28,8,"€ 197,588.32",17782948.8
15757897,Binder,766,French,Female,26,3,€ 428.23,38540.7
15568104,Zubarev,749,FRA,Female,26,6,"€ 34,948.77",3145389.3
15763414,Degtyarev,655,Germany,Male,32,9,"€ 82,084.30",7387587
15732265,Obialo,630,France,Male,33,9,"€ 64,804.59",5832413.1
15621974,Davydova,778,Germany,Female,33,4,"€ 83,556.65",7520098.5
15803947,Teng,757,Germany,Female,30,6,"€ 71,926.28",6473365.2
15720706,Hsing,529,Spain,Female,39,2,"€ 122,925.44",11063289.6
15759290,Coleman,620,Spain,Male,29,9,"€ 13,133.88",1182049.2
15651664,Wilder,615,FRA,Female,61,1,"€ 62,845.64",5656107.6
15795132,Molineux,735,FRA,Female,25,3,"€ 28,411.23",2557010.7
15811565,Cocci,705,Spain,Female,47,3,"€ 28,640.92",2577682.8
15713774,Chikwendu,644,Spain,Female,46,6,"€ 156,787.34",14110860.6
15691840,Fraser,505,Germany,Female,37,6,"€ 125,307.87",11277708.3
15682021,Lai,471,Germany,Male,23,6,"€ 131,736.23",11856260.7
15612931,Korovin,722,Spain,Female,50,4,"€ 128,262.14",11543592.6
15676707,Sidorov,577,Spain,Female,39,4,"€ 91,366.42",8222977.8
15601383,Ibrahimova,744,Spain,Male,44,5,"€ 82,290.81",7406172.9
15662662,Duigan,573,France,Female,30,6,"€ 66,190.21",5957118.9
15752694,Taylor,653,French,Female,32,4,"€ 23,920.65",2152858.5
15590683,Donaldson,660,France,Female,31,6,"€ 45,438.38",4089454.2
15773591,Jobson,787,French,Male,46,7,"€ 93,360.35",8402431.5
15723620,Lu,617,FRA,Male,41,7,"€ 14,496.67",1304700.3
15671779,Nebechi,567,France,Male,39,5,"€ 168,521.72",15166954.8
15672966,Cross,682,Spain,Female,64,9,"€ 103,318.44",9298659.6
15624667,Wallace,684,FRA,Male,35,6,"€ 87,219.41",7849746.9
15812888,Perreault,447,France,Male,41,3,"€ 197,490.39",17774135.1
15724154,Manna,625,Germany,Female,49,4,"€ 126,812.63",11413136.7
15749540,Hsiung,585,French,Male,36,7,"€ 94,283.09",8485478.1
15621063,Gibbons,516,France,Female,42,8,"€ 46,857.52",4217176.8
15661626,Algeranoff,732,Germany,Female,45,6,"€ 81,491.70",7334253
15698703,Doherty,628,Germany,Male,40,5,"€ 129,107.97",11619717.3
15801431,Rowe,682,Spain,Female,48,9,"€ 49,732.90",4475961
15649451,Yates,746,France,Male,25,9,"€ 88,728.47",7985562.3
15626156,Galloway,655,France,Female,60,3,"€ 86,981.45",7828330.5
15606158,Genovese,644,French,Female,39,9,"€ 3,740.93",336683.7
15589496,Arrington,778,French,Male,34,5,"€ 67,949.32",6115438.8
15730345,Miah,617,French,Female,35,2,"€ 147,636.46",13287281.4
15572038,Chijindum,660,Germany,Male,35,9,"€ 188,891.96",17000276.4
15643439,Ferguson,537,FRA,Male,47,10,"€ 25,482.62",2293435.8
15604158,Smith,554,FRA,Female,39,10,"€ 18,391.93",1655273.7
15657396,Marshall,806,France,Male,31,9,"€ 140,168.36",12615152.4
15709478,P'an,611,Germany,Male,37,1,"€ 161,064.29",14495786.1
15628824,Burton,665,FRA,Female,37,5,"€ 183,542.08",16518787.2
15814519,Kamdibe,648,France,Female,37,7,"€ 194,238.92",17481502.8
15636520,Milani,692,FRA,Male,27,1,"€ 7,900.46",711041.4
15794414,Forbes,507,Spain,Male,46,6,"€ 51,424.29",4628186.1
15643671,Chiekwugo,696,Germany,Male,49,5,"€ 152,450.84",13720575.6
15700650,Cousens,681,French,Male,34,3,"€ 55,816.20",5023458
15680224,Ross,687,France,Female,26,6,"€ 32,909.13",2961821.7
15784286,Wood,641,Spain,Male,40,5,"€ 100,637.07",9057336.3
15693996,Hawks,507,French,Female,33,1,"€ 142,911.99",12862079.1
15764343,T'ien,688,Spain,Female,46,8,"€ 26,287.21",2365848.9
15704168,Ting,535,Germany,Male,38,8,"€ 60,775.76",5469818.4
15680197,Thynne,701,France,Male,41,10,"€ 146,257.77",13163199.3
15633729,Wang,488,FRA,Male,43,10,"€ 28,332.00",2549880
15577683,Maclean,539,France,Female,29,4,"€ 100,919.19",9082727.1
15800746,Watson,674,FRA,Male,45,7,"€ 102,591.90",9233271
15788686,Gibson,538,Spain,Male,40,8,"€ 25,554.40",2299896
15742798,French,829,France,Female,22,7,"€ 152,107.93",13689713.7
15596647,Henderson,768,French,Male,54,8,"€ 69,381.05",6244294.5
15756070,Greenwood,585,Spain,Female,44,4,"€ 101,728.46",9155561.4
15775116,Anderson,581,FRA,Male,31,3,"€ 89,040.61",8013654.9
15575428,Mistry,682,Germany,Female,35,2,"€ 16,910.98",1521988.2
15654074,Tuan,653,French,Male,38,8,"€ 150,468.35",13542151.5
15695872,Fiorentini,712,FRA,Female,30,1,"€ 177,613.19",15985187.1
15568885,Scott,620,Germany,Female,34,8,"€ 120,672.09",10860488.1
15725036,Jideofor,709,FRA,Male,42,9,"€ 77,142.85",6942856.5
15632665,Yevseyev,832,French,Male,61,2,"€ 127,804.66",11502419.4
15571476,Kelly,635,Spain,Male,38,0,"€ 158,344.63",14251016.7
15776850,Smith,749,Spain,Female,43,1,"€ 167,179.48",15046153.2
15623649,Ogle,629,Spain,Male,32,3,"€ 15,404.64",1386417.6
15751131,Moss,836,Spain,Female,41,7,"€ 156,036.19",14043257.1
15688128,Loggia,542,Spain,Male,34,8,"€ 144,725.14",13025262.6
15678412,Nwankwo,645,France,Female,45,8,"€ 22,558.74",2030286.6
15770291,Allan,844,FRA,Female,29,8,"€ 147,342.03",13260782.7
15583392,Woronoff,747,Germany,Male,37,9,"€ 85,470.45",7692340.5
15690731,Wolfe,645,France,Male,40,6,"€ 194,656.11",17519049.9
15697948,Henderson,752,Spain,Female,36,3,"€ 48,505.10",4365459
15608328,Sutherland,760,Spain,Female,41,6,"€ 101,491.23",9134210.7
15766378,Marsden,714,Germany,Female,45,9,"€ 164,117.69",14770592.1
15600813,Hyde,717,France,Male,50,9,"€ 124,626.57",11216391.3
15706217,Kao,645,Germany,Male,28,7,"€ 34,490.06",3104105.4
15601417,T'ang,681,French,Male,32,3,"€ 90,967.37",8187063.3
15610972,Crawford,681,Germany,Female,44,4,"€ 24,208.84",2178795.6
15674620,Dilibe,679,Germany,Female,37,8,"€ 174,873.09",15738578.1
15785350,Austin,528,Spain,Male,23,7,"€ 170,262.97",15323667.3
15749119,Santiago,710,FRA,Female,31,3,"€ 112,289.06",10106015.4
15756535,Chibugo,733,Germany,Male,39,5,"€ 93,783.00",8440470
15700965,Toscano,724,FRA,Female,32,6,"€ 150,026.79",13502411.1
15791851,Afanasyeva,726,French,Female,34,0,"€ 102,036.82",9183313.8
15717156,Sokolov,520,France,Male,30,3,€ 898.51,80865.9
15740846,Wei,556,French,Male,40,5,"€ 95,124.40",8561196
15573284,Olisanugo,579,French,Female,45,2,"€ 11,514.39",1036295.1
15729083,Gorman,674,France,Male,36,2,"€ 27,468.72",2472184.8
15611612,Priestley,570,France,Female,29,0,"€ 37,092.43",3338318.7
15694381,Lloyd,631,France,Male,51,8,"€ 171,587.90",15442911
15651737,Salmond,623,Spain,Male,44,1,"€ 80,828.78",7274590.2
15663168,MacDonald,665,FRA,Male,35,8,"€ 169,287.99",15235919.1
15643426,Robertson,523,Spain,Female,36,8,"€ 13,197.44",1187769.6
15618245,Chukwumaobim,706,Germany,Male,31,1,"€ 54,439.53",4899557.7
15717527,Ifeanacho,619,FRA,Female,49,9,"€ 38,186.85",3436816.5
15793478,Li Fonti,593,Germany,Female,39,8,"€ 27,274.60",2454714
15642248,Ko,608,Spain,Male,66,8,"€ 65,758.19",5918237.1
15640377,Goloubev,526,French,Female,36,0,"€ 97,767.63",8799086.7
15723950,Kruglov,684,Spain,Male,40,2,"€ 115,468.84",10392195.6
15590327,Liao,604,Germany,Female,42,10,"€ 98,293.14",8846382.6
15706199,White,636,Germany,Male,36,6,"€ 182,059.28",16385335.2
15671514,Sinclair,669,Spain,Female,33,8,"€ 128,538.05",11568424.5
15727041,Fiorentini,624,French,Male,71,7,"€ 108,841.83",9795764.7
15738063,Shen,631,FRA,Male,29,2,"€ 18,581.84",1672365.6
15711733,Rapuokwu,753,France,Male,48,4,"€ 146,821.42",13213927.8
15652320,Woronoff,588,FRA,Male,40,5,"€ 100,727.68",9065491.2
15634180,Holden,729,Germany,Male,26,4,"€ 39,356.38",3542074.2
15694566,Roberts,602,FRA,Female,42,10,"€ 169,921.11",15292899.9
15726103,Tsou,689,Germany,Female,55,1,"€ 42,364.75",3812827.5
15646351,Somerville,486,Spain,Male,27,7,"€ 28,823.04",2594073.6
15730044,Greco,809,Germany,Female,42,6,"€ 182,436.81",16419312.9
15795186,Leonard,562,French,Male,38,5,"€ 115,700.20",10413018
15784890,McKenzie,763,Spain,Female,32,8,"€ 16,725.53",1505297.7
15694125,McElhone,669,FRA,Male,57,5,"€ 56,875.76",5118818.4
15565891,Dipietro,709,French,Male,39,8,"€ 56,214.09",5059268.1
15674254,Kerr,554,Spain,Female,45,4,"€ 193,412.05",17407084.5
15775206,Hunter,699,FRA,Male,37,10,"€ 83,263.04",7493673.6
15797627,Niehaus,732,Spain,Male,54,0,"€ 13,404.40",1206396
15649853,Craig,625,France,Female,45,3,"€ 184,474.15",16602673.5
15610379,Barclay-Harvey,599,FRA,Male,30,9,"€ 121,124.53",10901207.7
15659800,Teng,584,Spain,Female,50,1,"€ 152,567.75",13731097.5
15716236,Milani,499,French,Male,35,10,"€ 10,722.54",965028.6
15672053,Mistry,526,Spain,Male,38,2,"€ 58,010.98",5220988.2
15663933,Jamieson,625,Germany,Female,35,5,"€ 163,440.80",14709672
15814236,Kay,537,Spain,Female,38,1,"€ 102,606.92",9234622.8
15583597,Ikedinachukwu,696,Spain,Male,47,1,"€ 80,591.18",7253206.2
15607395,Holt,679,France,Female,33,9,"€ 177,362.45",15962620.5
15694556,Nkemakolam,684,French,Male,60,2,"€ 120,257.70",10823193
15744109,Hartung,850,French,Male,32,4,"€ 180,622.02",16255981.8
15800688,Ch'en,495,Spain,Female,42,7,"€ 130,404.53",11736407.7
15810878,Baker,537,Spain,Female,38,6,"€ 147,797.54",13301778.6
15587835,Osinachi,850,France,Male,41,3,"€ 57,844.26",5205983.4
15763515,Shih,513,French,Male,30,5,"€ 162,523.66",14627129.4
15725882,Feng,618,Germany,Female,40,1,"€ 54,495.82",4904623.8
15788022,Sternberg,802,Germany,Female,41,4,"€ 169,183.66",15226529.4
15663917,Adams,547,France,Male,43,1,"€ 80,262.91",7223661.9
15656865,Gray,613,Germany,Male,69,9,"€ 8,751.59",787643.1
15667971,Shepherd,592,Germany,Female,34,6,"€ 102,628.98",9236608.2
15800366,Walton,546,French,Male,29,5,"€ 94,823.95",8534155.5
15717231,Yang,721,Germany,Male,37,4,"€ 90,821.66",8173949.4
15643188,Barnett,671,Germany,Female,47,7,"€ 153,194.32",13787488.8
15671351,Romani,624,Spain,Male,35,2,"€ 87,310.59",7857953.1
15573628,Greene,751,Germany,Female,51,7,"€ 146,411.41",13177026.9
15698953,Hart,636,Spain,Male,36,1,"€ 74,048.10",6664329
15753888,Johnston,607,Spain,Female,62,8,"€ 23,386.77",2104809.3
15737961,Miller,509,Germany,Female,29,0,"€ 92,898.17",8360835.3
15801701,Robson,653,Spain,Male,35,9,"€ 45,956.05",4136044.5
15684419,Wallace,709,Spain,Female,37,8,"€ 71,738.56",6456470.4
15794266,Cross,559,France,Male,32,9,"€ 103,560.98",9320488.2
15810711,Marcum,684,Germany,Male,37,4,"€ 52,367.29",4713056.1
15771270,North,635,French,Female,27,8,"€ 152,916.05",13762444.5
15607786,Mao,709,France,Male,26,6,"€ 4,410.77",396969.3
15624519,Calabrese,656,Germany,Female,49,9,"€ 74,771.22",6729409.8
15799910,Martin,793,French,Male,32,2,"€ 193,817.63",17443586.7
15602479,Fleming,609,Spain,Male,37,5,"€ 26,793.82",2411443.8
15617419,Roberts,618,Germany,Female,29,10,"€ 32,526.64",2927397.6
15657603,Finch,850,French,Female,35,6,€ 824.00,74160
15570379,Whitelegge,669,Spain,Male,51,3,"€ 85,250.77",7672569.3
15772996,Rooke,594,Germany,Male,40,0,"€ 83,508.93",7515803.7
15729574,Lu,616,Spain,Male,71,4,"€ 173,599.38",15623944.2
15737267,Marcelo,676,French,Female,49,1,"€ 79,342.31",7140807.9
15799128,Matthews,608,Spain,Female,38,9,"€ 57,600.66",5184059.4
15813327,Romani,710,FRA,Male,21,4,"€ 56,191.99",5057279.1
15711921,Scott,695,FRA,Male,29,5,"€ 6,770.44",609339.6
15654300,Mao,530,Germany,Male,33,9,"€ 101,694.67",9152520.3
15569945,Horsley,509,Spain,Male,29,1,"€ 69,113.14",6220182.6
15569666,Goddard,517,France,Female,45,4,"€ 172,674.36",15540692.4
15681887,Eskridge,758,Germany,Male,33,0,"€ 26,606.28",2394565.2
15608873,Smith,665,FRA,Male,51,2,"€ 53,353.36",4801802.4
15762091,Simpson,631,Germany,Female,22,6,"€ 63,747.51",5737275.9
15722053,Oguejiofor,576,Spain,Male,33,3,"€ 190,112.05",17110084.5
15782100,Holloway,544,Spain,Male,22,3,"€ 110,317.39",9928565.1
15765300,L?,596,Germany,Male,40,5,"€ 148,623.43",13376108.7
15743570,Feng,481,French,Female,34,5,"€ 125,253.46",11272811.4
15608541,Claiborne,498,FRA,Male,46,1,"€ 101,954.78",9175930.2
15750671,Egobudike,512,Spain,Male,31,6,"€ 168,462.26",15161603.4
15813659,Folliero,594,France,Female,56,7,"€ 26,215.85",2359426.5
15757867,Bray,570,FRA,Female,30,10,"€ 97,045.32",8734078.8
15652914,Ibrahimov,721,Spain,Male,38,7,"€ 53,534.80",4818132
15723818,Carpenter,453,French,Female,37,4,"€ 8,949.20",805428
15713819,Walsh,562,FRA,Male,48,3,"€ 163,116.75",14680507.5
15656484,Woods,682,French,Male,40,4,"€ 140,745.91",12667131.9
15778515,Wu,748,FRA,Male,40,3,"€ 171,515.84",15436425.6
15803840,Forbes,729,French,Female,32,9,"€ 150,803.44",13572309.6
15735339,Lynch,663,French,Male,39,4,"€ 76,884.05",6919564.5
15600392,Amaechi,735,French,Female,53,8,"€ 170,454.93",15340943.7
15625740,Enriquez,627,Germany,Male,62,3,"€ 143,104.30",12879387
15663817,Y?an,713,French,Male,46,5,"€ 55,701.62",5013145.8
15734461,Brooks,562,Germany,Male,31,2,"€ 186,370.30",16773327
15780142,Wang,632,France,Male,43,2,"€ 24,275.32",2184778.8
15709920,Burke,479,FRA,Female,33,2,"€ 50,774.81",4569732.9
15684248,Meng,658,Spain,Male,21,7,"€ 154,279.87",13885188.3
15643158,Chiganu,598,FRA,Female,40,9,"€ 68,462.59",6161633.1
15693902,Hunt,597,France,Male,19,2,"€ 91,036.74",8193306.6
15578307,Lucchese,512,France,Female,33,6,"€ 83,681.97",7531377.3
15585379,Humphries,704,France,Male,39,2,"€ 199,484.96",17953646.4
15758510,Frolova,474,FRA,Male,26,6,"€ 152,491.22",13724209.8
15692918,Hsing,604,Germany,Male,36,10,"€ 134,875.37",12138783.3
15705301,Parkes,683,FRA,Male,41,6,"€ 184,366.14",16592952.6
15718231,Gregory,537,France,Male,28,0,"€ 189,839.93",17085593.7
15567991,Obiuto,794,Spain,Male,31,0,"€ 175,643.44",15807909.6
15772650,Longo,732,France,Male,55,9,"€ 3,268.17",294135.3
15574795,Lombardo,495,France,Female,38,2,"€ 47,089.72",4238074.8
15706036,Lombardo,552,Germany,Male,38,10,"€ 46,562.02",4190581.8
15723856,Gonzalez,602,French,Female,29,3,"€ 62,487.97",5623917.3
15812920,Nwabugwu,607,Germany,Male,40,5,"€ 181,598.25",16343842.5
15691287,Ford,675,Germany,Female,33,0,"€ 64,815.05",5833354.5
15804797,Gilleland,443,France,Female,54,3,"€ 70,196.23",6317660.7
15708650,Fullwood,727,France,Female,31,2,"€ 160,383.47",14434512.3
15712777,Kao,482,FRA,Male,38,4,"€ 35,848.12",3226330.8
15786469,Montalvo,686,French,Female,34,1,"€ 87,278.48",7855063.2
15669219,Wilson,588,Germany,Male,35,3,"€ 94,498.82",8504893.8
15641004,Doyne,605,Spain,Female,48,10,"€ 133,486.36",12013772.4
15648067,Onwuamaeze,583,France,Male,39,1,"€ 73,107.60",6579684
15704014,K'ung,738,Germany,Male,37,7,"€ 195,333.98",17580058.2
15645136,O'Donnell,744,Spain,Male,30,1,"€ 121,525.48",10937293.2
15709604,McMillan,781,France,Male,23,2,"€ 173,843.21",15645888.9
15713637,Chinedum,699,France,Male,34,2,"€ 185,227.42",16670467.8
15793901,Capon,639,French,Female,27,2,"€ 125,244.18",11271976.2
15569759,Rawling,583,FRA,Female,27,4,"€ 163,113.41",14680206.9
15712930,Duncan,587,France,Male,42,1,"€ 123,006.91",11070621.9
15586504,Trevisani,694,French,Male,40,9,"€ 40,463.03",3641672.7
15677317,Ankudinova,570,France,Female,29,4,"€ 131,363.57",11822721.3
15664270,Balsillie,692,Germany,Male,45,6,"€ 188,305.85",16947526.5
15731519,Kerr,511,France,Female,30,5,"€ 143,994.86",12959537.4
15745623,Worsnop,788,FRA,Male,32,4,"€ 89,368.59",8043173.1
15813862,Yevseyev,526,Spain,Male,66,7,"€ 158,365.89",14252930.1
15641934,Manna,749,Spain,Female,46,9,"€ 78,753.12",7087780.8
15713043,Siciliani,691,FRA,Female,33,6,"€ 100,408.31",9036747.9
15700749,Powell,481,FRA,Female,39,6,"€ 24,677.54",2220978.6
15697567,Bazarova,752,French,Male,33,4,"€ 39,570.78",3561370.2
15715414,White,658,FRA,Female,38,6,"€ 155,665.76",14009918.4
15639530,Buda,679,Spain,Male,42,2,"€ 168,294.27",15146484.3
15726058,Cattaneo,754,Germany,Male,27,7,"€ 87,908.01",7911720.9
15725665,Lo,679,FRA,Male,47,10,"€ 191,198.92",17207902.8
15698872,Brown,633,Spain,Female,39,2,"€ 191,207.03",17208632.7
15812184,Rose,674,FRA,Female,31,1,"€ 128,954.05",11605864.5
15742609,Lombardo,600,Germany,Male,28,2,"€ 59,905.29",5391476.1
15815043,McMillan,645,Spain,Male,49,8,"€ 162,012.60",14581134
15640648,Howe,698,France,Male,36,6,"€ 19,231.98",1730878.2
15627203,Hsu,508,Spain,Male,54,10,"€ 175,749.36",15817442.4
15786196,Han,555,France,Female,44,3,"€ 60,533.96",5448056.4
15612095,Calabrese,751,France,Female,48,9,"€ 137,508.42",12375757.8
15674368,Riley,738,France,Female,39,1,"€ 189,430.86",17048777.4
15783477,Biryukov,706,Germany,Female,39,8,"€ 6,723.66",605129.4
15757559,Broadhurst,595,FRA,Female,53,7,"€ 41,371.68",3723451.2
15591036,Genovesi,577,Germany,Female,43,3,"€ 125,140.72",11262664.8
15761241,Hsieh,578,Germany,Female,36,8,"€ 143,683.75",12931537.5
15695078,Kemp,699,France,Male,32,3,"€ 170,770.44",15369339.6
15645744,Chukwudi,826,FRA,Female,30,5,"€ 157,397.57",14165781.3
15566988,Iqbal,656,Germany,Female,46,7,"€ 50,595.15",4553563.5
15749300,Teng,556,French,Female,47,2,"€ 50,390.98",4535188.2
15594340,Tao,569,France,Male,41,4,"€ 163,150.03",14683502.7
15607065,Chinedum,765,FRA,Male,34,9,"€ 138,280.17",12445215.3
15778089,Stevenson,544,Spain,Male,37,2,"€ 135,067.02",12156031.8
15773723,Duncan,588,Spain,Female,22,9,"€ 163,534.75",14718127.5
15697035,Garrett,740,Spain,Female,31,8,"€ 86,657.48",7799173.2
15679668,Yao,850,Spain,Male,38,7,"€ 162,087.82",14587903.8
15709861,He,766,Germany,Male,30,4,"€ 28,879.30",2599137
15791958,Mazzi,849,French,Female,41,6,"€ 169,203.51",15228315.9
15791030,Edwards,612,FRA,Female,33,0,"€ 102,426.12",9218350.8
15695339,Lucchesi,517,Germany,Male,53,0,"€ 54,676.10",4920849
15658813,Siciliani,645,French,Female,55,7,"€ 18,369.33",1653239.7
15715709,Shih,696,Germany,Male,43,4,"€ 159,888.10",14389929
15722533,Logue,716,French,Female,40,3,"€ 167,636.15",15087253.5
15683118,Rechner,590,French,Male,32,9,"€ 138,889.15",12500023.5
15672798,O'Brien,656,FRA,Female,45,7,"€ 199,392.14",17945292.6
15680112,Stewart,473,Germany,Female,35,7,"€ 189,560.43",17060438.7
15714575,Batt,742,Germany,Female,44,8,"€ 17,375.27",1563774.3
15806808,Hope,834,Germany,Female,57,8,"€ 140,225.14",12620262.6
15590637,Ahmed,721,French,Male,41,7,"€ 61,018.85",5491696.5
15657535,Pearson,590,Spain,Male,29,10,"€ 51,907.72",4671694.8
15696141,Kruglov,516,Spain,Female,31,7,"€ 47,018.75",4231687.5
15811947,Gordon,850,FRA,Male,33,0,"€ 33,700.52",3033046.8
15649024,Trujillo,748,FRA,Female,39,9,"€ 59,636.43",5367278.7
15594928,Pagnotto,798,Germany,Female,38,4,"€ 157,147.59",14143283.1
15765532,Horton,612,Germany,Male,76,6,"€ 191,393.26",17225393.4
15741719,DeRose,540,FRA,Female,40,3,"€ 199,862.75",17987647.5
15665629,Chiang,719,Spain,Female,33,7,"€ 20,016.59",1801493.1
15728917,Gill,598,FRA,Male,48,6,"€ 30,635.52",2757196.8
15762993,Trevisano,796,Spain,Male,32,5,"€ 117,832.88",10604959.2
15571193,Morrison,579,Germany,Male,42,0,"€ 22,497.10",2024739
15653521,Onuora,850,Germany,Female,40,7,€ 747.88,67309.2
15802220,Ikenna,599,Spain,Male,35,6,"€ 76,870.81",6918372.9
15644132,Mancini,724,France,Female,30,9,"€ 107,848.24",9706341.6
15600832,Moss,508,France,Female,43,9,"€ 103,726.71",9335403.9
15797919,Ting,773,Spain,Male,37,2,"€ 178,268.36",16044152.4
15603743,Tai,526,France,Male,28,1,"€ 126,281.83",11365364.7
15579714,Pan,542,French,Female,29,7,"€ 196,651.72",17698654.8
15634295,Wilson,470,France,Male,35,1,"€ 5,962.30",536607
15786680,Bianchi,805,Spain,Male,37,5,"€ 21,928.81",1973592.9
15623499,Holman,548,Germany,Male,49,9,"€ 127,022.87",11432058.3
15691823,Obidimkpa,672,French,Male,37,5,"€ 162,763.01",14648670.9
15809279,Wallace,773,FRA,Male,45,8,"€ 113,950.51",10255545.9
15758039,Ash,614,France,Male,44,6,"€ 104,930.46",9443741.4
15807163,Ku,537,FRA,Female,38,10,"€ 52,337.97",4710417.3
15631639,Uspensky,704,French,Female,40,6,"€ 179,964.55",16196809.5
15713770,Shih,586,Spain,Male,41,3,"€ 83,753.64",7537827.6
15698167,Kumm,677,France,Female,24,0,"€ 182,913.95",16462255.5
15781710,Carey,558,Spain,Female,31,7,"€ 166,720.28",15004825.2
15801296,Farber,634,Germany,Female,37,7,"€ 192,721.98",17344978.2
15704378,Calabrese,655,Germany,Male,37,9,"€ 180,241.44",16221729.6
15767891,Findlay,619,Germany,Female,28,6,"€ 48,475.12",4362760.8
15640667,Yu,662,French,Female,41,4,"€ 126,551.48",11389633.2
15702145,Edments,705,Spain,Male,33,7,"€ 64,872.55",5838529.5
15679738,Brown,527,Spain,Female,35,8,"€ 98,031.53",8822837.7
15636634,Lindon,630,Germany,Female,25,7,"€ 93,524.22",8417179.8
15809227,Chukwudi,850,French,Male,35,2,"€ 56,991.66",5129249.4
15601811,Caldwell,668,FRA,Female,53,10,"€ 183,980.56",16558250.4
15625494,Li Fonti,573,France,Female,32,9,"€ 130,234.63",11721116.7
15723737,Pitcher,680,FRA,Male,27,3,"€ 32,454.26",2920883.4
15682955,Capon,758,FRA,Female,32,2,"€ 75,396.43",6785678.7
15758856,Kable,597,FRA,Male,45,7,"€ 167,756.45",15098080.5
15746065,Lo Duca,580,Germany,Male,35,10,"€ 24,799.47",2231952.3
15783865,Kulikova,622,FRA,Male,59,5,"€ 60,429.43",5438648.7
15745455,Navarrete,638,Germany,Male,62,4,"€ 74,241.09",6681698.1
15583033,Huguley,640,French,Female,20,4,"€ 78,310.82",7047973.8
15644212,Han,644,Spain,Male,28,0,"€ 119,419.37",10747743.3
15735688,Horsley,753,French,Female,31,6,"€ 91,305.77",8217519.3
15658577,Massie,629,France,Female,37,10,"€ 25,136.95",2262325.5
15606887,Singh,775,FRA,Female,30,5,"€ 193,880.60",17449254
15783026,H?,701,FRA,Female,41,2,"€ 47,856.78",4307110.2
15579892,Doyle,708,Spain,Male,19,7,"€ 4,491.77",404259.3
15802088,Grant,521,Spain,Female,22,10,"€ 101,311.95",9118075.5
15589323,Law,636,France,Female,24,9,"€ 38,830.72",3494764.8
15636395,King,529,FRA,Female,31,5,"€ 26,817.23",2413550.7
15712772,Onwubiko,757,FRA,Male,28,3,"€ 199,727.72",17975494.8
15700937,Romano,767,Spain,Female,24,5,"€ 67,445.85",6070126.5
15766659,Okwudilichukwu,525,Spain,Male,33,5,"€ 161,002.29",14490206.1
15814033,Milano,759,Spain,Male,38,1,"€ 20,778.39",1870055.1
15783007,Parker,520,Germany,Female,45,1,"€ 41,042.40",3693816
15654183,Aitken,738,French,Female,26,3,"€ 67,484.16",6073574.4
15609899,Obiora,548,Spain,Male,37,4,"€ 121,763.68",10958731.2
15747323,Vasilyeva,535,Spain,Male,48,9,"€ 157,358.43",14162258.7
15582591,Chiabuotu,615,Spain,Male,59,4,"€ 110,275.17",9924765.3
15738835,Slater,850,Germany,Male,38,7,"€ 43,801.27",3942114.3
15782404,Hughes,487,French,Female,34,2,"€ 9,085.00",817650
15697480,Menkens,731,French,Male,30,7,"€ 143,086.09",12877748.1
15697045,Pisani,726,Spain,Female,35,9,"€ 100,556.98",9050128.2
15781234,Y?an,609,FRA,Female,35,2,"€ 140,000.29",12600026.1
15579891,Milani,714,FRA,Male,52,4,"€ 186,775.25",16809772.5
15805690,Chin,694,Spain,Female,35,7,"€ 133,570.43",12021338.7
15612139,Fu,786,France,Female,33,0,"€ 154,990.58",13949152.2
15568834,Howells,698,Spain,Male,27,6,"€ 27,654.44",2488899.6
15709917,Ni,601,France,Female,46,3,"€ 137,763.93",12398753.7
15718843,Maslova,769,Spain,Male,41,1,"€ 25,723.73",2315135.7
15799494,Forster,850,Germany,Male,44,3,"€ 186,285.52",16765696.8
15673439,Sun,646,Spain,Female,50,5,"€ 142,208.50",12798765
15669011,Bocharova,659,France,Female,44,9,"€ 169,862.01",15287580.9
15581388,Y?an,487,Spain,Male,33,8,"€ 41,365.85",3722926.5
15743153,Singh,740,Germany,Female,40,2,"€ 30,812.84",2773155.6
15579787,Nkemakonam,686,France,Male,39,4,"€ 155,023.93",13952153.7
15759966,Chiemenam,612,Spain,Female,36,5,"€ 159,416.58",14347492.2
15601045,Angelo,655,Spain,Male,37,8,"€ 76,259.23",6863330.7
15764021,Frolov,617,FRA,Male,34,1,"€ 105,965.25",9536872.5
15687218,West,674,France,Female,27,4,"€ 50,743.83",4566944.7
15626452,Beatham,711,Spain,Male,32,5,"€ 147,720.27",13294824.3
15700964,Pollard,624,Germany,Female,27,7,"€ 167,387.36",15064862.4
15768887,Hsing,597,Spain,Male,26,5,"€ 95,159.13",8564321.7
15735358,Dowse,682,Spain,Male,46,4,"€ 4,654.28",418885.2
15749472,Lucciano,775,French,Male,45,8,"€ 130,376.68",11733901.2
15685872,Godfrey,727,FRA,Female,29,1,"€ 173,486.39",15613775.1
15760851,Gratton,629,France,Male,31,6,"€ 93,881.75",8449357.5
15734588,Manning,684,FRA,Male,46,0,"€ 36,376.97",3273927.3
15784594,Mazzi,549,Germany,Female,37,1,"€ 128,499.94",11564994.6
15606435,Wall,593,Germany,Male,69,2,"€ 105,898.69",9530882.1
15790247,Sims,536,Spain,Male,40,9,"€ 11,959.03",1076312.7
15676433,Allan,707,France,Female,36,6,"€ 98,810.78",8892970.2
15625905,Griffen,592,Spain,Male,41,0,"€ 65,906.07",5931546.3
15626414,Russell,703,France,Male,44,6,"€ 151,516.70",13636503
15623220,Brown,723,Spain,Female,45,4,"€ 37,214.39",3349295.1
15752857,Palerma,452,Germany,Male,52,1,"€ 92,033.98",8283058.2
15677908,Gilbert,552,Spain,Male,42,4,"€ 195,692.30",17612307
15773013,Uvarov,633,French,Female,47,0,"€ 6,342.84",570855.6
15623972,Wisdom,479,Germany,Female,23,9,"€ 95,148.28",8563345.2
15738627,Hussain,768,French,Male,25,6,"€ 21,215.67",1909410.3
15643392,Woods,742,FRA,Male,31,4,"€ 19,700.24",1773021.6
15684868,Cameron,668,Germany,Male,56,9,"€ 134,396.64",12095697.6
15627854,Mai,707,Spain,Male,44,3,"€ 135,077.01",12156930.9
15669253,Gibson,754,Spain,Male,39,7,"€ 133,600.89",12024080.1
15758023,Grigoryeva,544,Germany,Male,47,5,"€ 99,922.08",8992987.2
15574558,Gunter,718,Spain,Male,32,8,"€ 41,399.33",3725939.7
15635256,Arcuri,762,France,Male,31,7,"€ 159,344.43",14340998.7
15680399,Tung,772,French,Male,23,2,"€ 18,364.19",1652777.1
15674720,Smith,691,Germany,Female,37,7,"€ 98,162.44",8834619.6
15580249,Lori,502,FRA,Male,45,0,"€ 84,663.21",7619688.9
15675431,Chidimma,563,FRA,Female,34,6,"€ 36,536.93",3288323.7
15698285,Ting,676,FRA,Female,41,4,"€ 79,101.67",7119150.3
15810775,Tsao,576,Spain,Male,52,2,"€ 16,644.16",1497974.4
15678173,Collee,629,Spain,Male,35,4,"€ 158,420.14",14257812.6
15665222,Lettiere,625,Spain,Male,52,8,"€ 48,988.28",4408945.2
15803908,Fu,628,FRA,Male,45,9,"€ 96,862.56",8717630.4
15586039,Bergamaschi,471,Germany,Female,36,5,"€ 96,366.70",8673003
15802570,Dyer,811,France,Female,45,5,"€ 146,123.19",13151087.1
15781451,Buccho,504,French,Male,42,3,"€ 135,178.91",12166101.9
15721019,Jones,687,FRA,Female,24,3,"€ 158,615.41",14275386.9
15738588,Nebechi,660,Germany,Female,37,2,"€ 71,433.88",6429049.2
15730657,Ibekwe,548,French,Female,41,4,"€ 55,672.09",5010488.1
15739292,Gorshkov,609,Germany,Male,31,9,"€ 150,218.11",13519629.9
15725945,Nweke,659,Spain,Female,42,2,"€ 162,734.31",14646087.9
15813159,Hairston,526,France,Male,52,8,"€ 21,228.71",1910583.9
15636820,Loggia,725,Germany,Male,40,8,"€ 62,027.90",5582511
15603880,Morgan,519,Germany,Male,38,1,"€ 60,988.21",5488938.9
15619494,Abdulov,562,Germany,Female,31,9,"€ 108,675.01",9780750.9
15596992,Norris,482,Germany,Male,45,7,"€ 72,643.95",6537955.5
15735025,Clark,535,Spain,Male,37,3,"€ 9,241.52",831736.8
15730759,Chukwudi,561,French,Female,27,9,"€ 153,080.40",13777236
15752912,Perkin,661,French,Female,30,7,"€ 72,196.57",6497691.3
15711316,Ch'ang,771,FRA,Male,27,2,"€ 199,527.34",17957460.6
15738785,Kang,545,FRA,Male,26,7,"€ 156,598.23",14093840.7
15777896,Chukwudi,850,Germany,Female,33,2,"€ 74,917.64",6742587.6
15628963,Frolova,601,Germany,Male,43,3,"€ 111,249.62",10012465.8
15742126,Chiu,712,Germany,Male,38,7,"€ 59,115.77",5320419.3
15575623,Simpson,589,French,Female,31,10,"€ 148,218.86",13339697.4
15741652,McLean,600,Spain,Male,37,8,"€ 77,142.32",6942808.8
15738884,Hu,642,Germany,Male,41,4,"€ 67,484.60",6073614
15615050,Savage,575,Germany,Male,47,9,"€ 63,452.18",5710696.2
15803005,Wallace,570,Germany,Female,57,5,"€ 103,660.31",9329427.9
15743498,Winter,532,Germany,Male,52,9,"€ 163,191.99",14687279.1
15720463,Ho,796,French,Male,30,2,"€ 62,905.29",5661476.1
15588695,Su,833,Spain,Male,32,6,"€ 44,323.22",3989089.8
15665802,Li Fonti,642,Spain,Female,36,6,"€ 97,938.59",8814473.1
15571144,Ives,655,French,Male,28,10,"€ 126,565.21",11390868.9
15750731,Trevisani,736,Germany,Male,50,9,"€ 185,360.40",16682436
15605134,Bond,617,France,Female,34,0,"€ 183,229.02",16490611.8
15626044,Lettiere,762,Germany,Male,28,3,"€ 106,024.02",9542161.8
15737910,Houghton,703,Germany,Male,35,5,"€ 167,810.26",15102923.4
15761076,Lei,507,FRA,Male,41,3,"€ 138,536.09",12468248.1
15710105,Stirling,581,Germany,Female,26,3,"€ 184,520.00",16606800
15577402,Grant,593,FRA,Male,31,9,"€ 20,492.16",1844294.4
15803337,Baresi,648,France,Male,23,9,"€ 134,676.72",12120904.8
15654372,Pearce,462,Germany,Male,34,1,"€ 138,478.20",12463038
15585867,Rutledge,596,Spain,Male,36,2,"€ 125,557.95",11300215.5
15662488,Udegbunam,627,France,Female,44,5,"€ 82,969.61",7467264.9
15604813,Zaytseva,494,France,Male,40,7,"€ 158,071.69",14226452.1
15611644,Onyemauchechukwu,627,FRA,Male,73,0,"€ 43,615.67",3925410.3
15674928,Mullah,850,Spain,Male,37,2,"€ 119,969.99",10797299.1
15656100,Candler,632,French,Female,49,5,"€ 140,201.21",12618108.9
15764293,Konovalova,490,France,Male,33,1,"€ 80,792.83",7271354.7
15636423,Lei,715,FRA,Male,40,7,"€ 141,359.11",12722319.9
15607629,Hollis,679,France,Male,48,8,"€ 23,344.94",2101044.6
15577313,Lionel,619,French,Male,44,3,"€ 5,075.17",456765.3
15714493,Francis,465,Spain,Female,33,6,"€ 95,500.98",8595088.2
15643359,Carter,736,Spain,Male,32,7,"€ 79,082.62",7117435.8
15687913,Mai,501,Germany,Female,34,7,"€ 199,805.63",17982506.7
15790935,Johnson,535,French,Female,29,5,"€ 52,709.55",4743859.5
15708693,Sherman,759,FRA,Female,33,2,"€ 56,583.88",5092549.2
15672016,Sabbatini,819,French,Male,35,1,"€ 3,385.04",304653.6
15727605,Shih,533,Germany,Male,43,4,"€ 12,537.42",1128367.8
15651144,Yao,632,Germany,Female,35,2,"€ 64,722.61",5825034.9
15749401,Ko,686,France,Male,60,9,"€ 75,246.21",6772158.9
15691874,Kazakova,687,FRA,Female,34,9,"€ 198,929.84",17903685.6
15620735,Chiganu,667,Germany,Female,33,4,"€ 69,011.66",6211049.4
15769781,Nucci,699,Spain,Female,25,8,"€ 52,404.47",4716402.3
15624611,Marsden,497,Spain,Male,37,8,"€ 163,641.53",14727737.7
15773071,Serena,780,Spain,Female,33,6,"€ 154,598.56",13913870.4
15720371,McLean,652,French,Female,51,3,"€ 173,989.47",15659052.3
15717984,Longo,477,France,Male,47,9,"€ 61,315.37",5518383.3
15806407,Wilson,652,French,Female,37,4,"€ 143,393.24",12905391.6
15785042,Hsiung,488,France,Female,31,8,"€ 124,210.53",11178947.7
15809302,Wright,572,French,Male,24,1,"€ 151,460.84",13631475.6
15677550,Folliero,755,French,Female,38,1,"€ 20,734.81",1866132.9
15654096,Johnston,779,Germany,Female,24,10,"€ 43,705.56",3933500.4
15617320,Palermo,693,Spain,Female,46,3,"€ 180,736.24",16266261.6
15653065,Nwabugwu,530,Spain,Female,22,7,"€ 104,170.48",9375343.2
15649112,Endrizzi,738,Spain,Female,33,3,"€ 27,867.59",2508083.1
15690526,Tuan,690,Germany,Male,31,2,"€ 55,387.28",4984855.2
15806945,Udobata,611,France,Female,30,9,"€ 196,332.45",17669920.5
15670066,Ibezimako,643,Spain,Male,34,6,"€ 116,046.22",10444159.8
15625761,Maclean,632,Germany,Male,41,8,"€ 93,874.87",8448738.3
15761525,Shaw,727,Spain,Female,31,10,"€ 76,614.04",6895263.6
15735080,Cummins,508,French,Female,64,2,"€ 6,076.62",546895.8
15619537,Lavrentiev,550,FRA,Male,31,5,"€ 122,221.71",10999953.9
15598162,Saunders,754,Germany,Female,39,3,"€ 24,156.03",2174042.7
15694300,Fiorentino,759,France,Male,26,4,"€ 135,394.62",12185515.8
15637235,Knight,794,Spain,Male,33,8,"€ 91,340.02",8220601.8
15612444,Manfrin,549,France,Male,29,3,"€ 146,090.38",13148134.2
15626457,Zetticci,671,FRA,Male,31,0,"€ 172,096.08",15488647.2
15627995,Angelo,756,Germany,Female,26,5,"€ 135,034.57",12153111.3
15706128,Zhdanov,632,FRA,Female,21,1,"€ 84,008.66",7560779.4
15666430,Peck,579,French,Male,38,8,"€ 91,763.67",8258730.3
15627385,Uwaezuoke,748,France,Male,34,5,"€ 137,001.10",12330099
15581323,White,488,Germany,Female,28,7,"€ 106,799.49",9611954.1
15608109,Greco,710,Germany,Male,58,7,"€ 10,494.64",944517.6
15801942,Chu,619,Spain,Female,41,8,"€ 79,866.73",7188005.7
15567431,Kodilinyechukwu,773,France,Male,64,2,"€ 186,172.85",16755556.5
15810167,Scott,657,Spain,Male,75,7,"€ 91,673.60",8250624
15644501,Enyinnaya,579,France,Female,26,10,"€ 18,458.20",1661238
15785290,Hao,542,FRA,Male,29,9,"€ 8,342.35",750811.5
15611157,McElhone,709,French,Female,32,2,"€ 138,578.37",12472053.3
15673837,Ko,617,Spain,Male,61,3,"€ 38,129.22",3431629.8
15656822,Day,568,Germany,Male,43,5,"€ 107,155.40",9643986
15580560,Harris,769,France,Female,73,1,"€ 29,792.11",2681289.9
15760641,Gerald,608,Germany,Male,26,1,"€ 7,063.60",635724
15587584,Nebeuwa,503,Spain,Male,31,4,"€ 21,645.06",1948055.4
15604146,Kaodilinakachukwu,608,Germany,Female,38,8,"€ 137,079.86",12337187.4
15813974,Maruff,731,Germany,Male,37,3,"€ 172,718.35",15544651.5
15746986,Howe,850,Germany,Female,40,4,"€ 106,691.02",9602191.8
15759741,Knepper,591,Germany,Female,34,4,"€ 72,274.84",6504735.6
15734892,Fennell,579,Spain,Male,37,4,"€ 32,246.63",2902196.7
15797194,T'ao,570,French,Male,39,10,"€ 80,552.36",7249712.4
15723786,Morris,709,French,Female,37,9,"€ 16,733.59",1506023.1
15642726,Holmes,611,French,Male,53,3,"€ 1,235.49",111194.1
15664339,Yu,775,Spain,Male,48,4,"€ 50,168.41",4515156.9
15754526,Walker,699,Germany,Male,36,6,"€ 33,687.90",3031911
15703037,Edwards,618,French,Male,37,5,"€ 178,705.45",16083490.5
15751412,Harvey,704,France,Male,36,3,"€ 66,810.48",6012943.2
15609558,McDonald,835,Germany,Female,47,5,"€ 45,859.55",4127359.5
15572408,Chambers,714,Germany,Male,39,3,"€ 63,846.36",5746172.4
15613923,Reed,581,Spain,Female,43,4,"€ 100,236.02",9021241.8
15747000,Shih,592,FRA,Male,27,3,"€ 19,645.65",1768108.5
15731781,Onyemachukwu,551,France,Male,43,7,"€ 178,393.68",16055431.2
15727198,Teng,689,Germany,Female,28,2,"€ 78,591.15",7073203.5
15794273,Hand,604,FRA,Female,56,0,"€ 124,954.56",11245910.4
15804950,Onyemauchechukwu,514,France,Female,41,7,"€ 3,756.65",338098.5
15576304,Bailey,698,France,Male,29,5,"€ 152,723.23",13745090.7
15645200,Chiang,581,Germany,Female,54,2,"€ 187,597.98",16883818.2
15779627,Maclean,573,Germany,Male,31,0,"€ 70,381.49",6334334.1
15750755,Yobachi,449,Spain,Female,33,8,"€ 156,792.89",14111360.1
15569654,Munro,850,Germany,Female,31,3,"€ 35,534.68",3198121.2
15753079,Chidi,612,France,Male,41,5,"€ 151,256.22",13613059.8
15684995,Chamberlain,690,Spain,Male,49,8,"€ 51,011.29",4591016.1
15790763,Trujillo,599,Spain,Female,49,2,"€ 111,190.53",10007147.7
15766458,Tang,498,France,Male,33,1,"€ 69,664.35",6269791.5
15616221,Wilson,497,FRA,Female,29,4,"€ 63,233.02",5690971.8
15776124,Mann,802,Spain,Male,51,7,"€ 40,855.79",3677021.1
15665811,Parry,644,FRA,Male,33,9,"€ 95,673.05",8610574.5
15729804,Manfrin,714,France,Male,34,10,"€ 80,234.14",7221072.6
15714062,Millar,690,French,Female,40,9,"€ 189,051.59",17014643.1
15592197,Simmons,522,Spain,Male,30,3,"€ 145,490.85",13094176.5
15793116,Beneventi,502,Germany,Female,40,7,"€ 196,278.32",17665048.8
15638231,Chung,730,Spain,Female,62,2,"€ 162,889.10",14660019
15697678,Maxwell,590,Germany,Male,36,6,"€ 174,667.58",15720082.2
15800412,Dale,458,Germany,Male,35,9,"€ 3,476.38",312874.2
15597610,Stevens,553,Spain,Male,41,6,"€ 19,344.92",1741042.8
15726634,Wei,479,French,Male,47,1,"€ 95,270.83",8574374.7
15670866,Chiu,693,France,Male,31,2,"€ 107,759.31",9698337.9
15667462,Duncan,707,Spain,Male,43,10,"€ 118,368.20",10653138
15662574,Brady,636,Spain,Male,37,1,"€ 52,484.01",4723560.9
15716926,Macleod,807,FRA,Male,33,10,"€ 178,153.65",16033828.5
15603554,Berkeley,513,FRA,Female,45,0,"€ 49,915.52",4492396.8
15716800,Kaur,582,French,Male,31,2,"€ 33,747.03",3037232.7
15679429,Bell,694,France,Male,32,0,"€ 59,961.81",5396562.9
15616122,Nwokike,777,France,Male,39,8,"€ 18,613.52",1675216.8
15742172,Williamson,598,Germany,Male,32,9,"€ 198,894.42",17900497.8
15792305,Mountgarrett,762,Germany,Male,46,6,"€ 57,014.17",5131275.3
15636016,Wreford,588,France,Female,34,3,"€ 131,729.52",11855656.8
15733138,Paterson,663,Germany,Male,42,5,"€ 79,169.73",7125275.7
15669741,Hou,777,France,Male,36,7,"€ 106,472.34",9582510.6
15616954,Smith,592,FRA,Male,71,4,"€ 17,013.54",1531218.6
15729238,Peng,631,Germany,Male,48,1,"€ 150,661.42",13559527.8
15718242,Wollstonecraft,725,Germany,Female,47,1,"€ 86,622.56",7796030.4
15682914,Bolton,850,French,Male,34,2,"€ 115,767.93",10419113.7
15654274,Corrie,540,FRA,Male,37,6,"€ 141,998.89",12779900.1
15691457,Boyle,674,Spain,Male,36,2,"€ 182,787.17",16450845.3
15719649,Lambie,553,France,Male,38,3,"€ 187,915.70",16912413
15778897,Cartwright,630,FRA,Female,28,1,"€ 133,267.78",11994100.2
15589437,Lu,466,French,Male,26,3,"€ 137,476.09",12372848.1
15682369,Pisano,613,French,Male,47,6,"€ 77,146.14",6943152.6
15626507,Chukwubuikem,558,French,Male,27,1,"€ 183,271.15",16494403.5
15571995,Harper,775,Germany,Female,33,1,"€ 26,362.40",2372616
15673333,Wilson,698,Germany,Male,52,8,"€ 153,373.71",13803633.9
15748752,Ch'in,608,Germany,Male,33,1,"€ 70,705.58",6363502.2
15725302,Streeton,670,Spain,Female,20,4,"€ 119,759.24",10778331.6
15722083,Ch'ang,591,Spain,Male,39,8,"€ 42,392.24",3815301.6
15771442,Pennington,633,France,Male,40,4,"€ 34,670.62",3120355.8
15803633,T'ien,678,FRA,Female,46,1,"€ 82,106.19",7389557.1
15672185,Liu,590,French,Male,47,3,"€ 171,774.50",15459705
15806486,Cunningham,705,France,Female,48,0,"€ 149,772.61",13479534.9
15570895,Ch'in,608,France,Male,42,10,"€ 38,866.85",3498016.5
15614520,Smith,682,FRA,Female,37,8,"€ 35,179.18",3166126.2
15687492,Anderson,596,Germany,Male,32,3,"€ 41,788.37",3760953.3
15675337,Forbes,395,Germany,Female,34,5,"€ 17,376.57",1563891.3
15721047,Ansell,578,Germany,Male,37,1,"€ 199,428.19",17948537.1
15589017,Chiu,547,Germany,Male,55,4,"€ 16,922.28",1523005.2
15611186,Yevdokimova,609,French,Male,37,1,"€ 178,291.89",16046270.1
15617301,Chamberlin,774,Germany,Male,36,9,"€ 152,290.28",13706125.2
15726046,Johnston,712,FRA,Female,27,2,"€ 126,809.15",11412823.5
15585748,McDonald,585,Germany,Female,28,9,"€ 40,385.61",3634704.9
15672826,Chen,666,France,Female,32,10,"€ 34,350.54",3091548.6
15595162,Cattaneo,708,Spain,Female,35,8,"€ 199,005.88",17910529.2
15650026,Barclay-Harvey,513,France,Male,44,1,"€ 52,629.73",4736675.7
15745826,Dawson,445,France,Male,37,3,"€ 180,012.39",16201115.1
15708610,Costa,690,Germany,Male,44,9,"€ 35,342.33",3180809.7
15624471,Chikwado,850,France,Male,37,6,"€ 109,291.22",9836209.8
15590097,Ch'eng,537,Spain,Female,33,7,"€ 62,746.54",5647188.6
15689328,Harrison,705,Germany,Male,48,9,"€ 173,273.20",15594588
15582154,Crawford,670,FRA,Female,45,5,"€ 54,340.24",4890621.6
15734626,Gibson,652,Spain,Female,36,1,"€ 19,302.78",1737250.2
15702806,Martin,696,Spain,Male,24,9,"€ 10,883.52",979516.8
15620756,Stokes,747,FRA,Male,49,6,"€ 17,298.72",1556884.8
15611331,Niu,511,France,Female,46,1,"€ 115,779.48",10420153.2
15576935,Ampt,743,Spain,Male,43,2,"€ 93,228.86",8390597.4
15661275,Wynn,532,Germany,Male,52,3,"€ 148,704.77",13383429.3
15814940,Lawrence,642,Spain,Female,33,9,"€ 150,475.14",13542762.6
15768471,Wagner,554,Germany,Female,54,6,"€ 40,914.32",3682288.8
15697391,Argyle,604,Spain,Female,34,3,"€ 38,587.70",3472893
15793346,Ofodile,602,France,Female,72,3,"€ 171,260.66",15413459.4
15608338,Chiemenam,757,Spain,Female,55,9,"€ 94,187.47",8476872.3
15578546,Akobundu,491,Germany,Male,26,4,"€ 145,900.89",13131080.1
15656921,Locke,850,French,Male,31,4,"€ 152,298.28",13706845.2
15761340,Bullen,521,France,Male,22,5,"€ 99,828.45",8984560.5
15591135,Forster,726,French,Male,37,2,"€ 34,743.98",3126958.2
15623219,Smith,596,French,Male,33,8,"€ 121,189.30",10907037
15655229,Craig,850,Germany,Female,35,7,"€ 129,660.59",11669453.1
15805884,Archer,637,FRA,Female,41,9,"€ 145,477.36",13092962.4
15668289,McWilliams,690,Spain,Male,32,2,"€ 151,822.66",13664039.4
15568562,Moss,689,FRA,Male,40,8,"€ 49,656.24",4469061.6
15773276,Townsend,633,Spain,Male,63,4,"€ 73,856.28",6647065.2
15622801,Brown,555,France,Female,27,8,"€ 116,757.00",10508130
15779886,Munson,563,Spain,Male,24,7,"€ 16,319.56",1468760.4
15713673,T'ien,494,French,Female,33,1,"€ 90,273.85",8124646.5
15783083,Shubin,534,FRA,Male,27,9,"€ 161,344.13",14520971.7
15742824,Isayeva,696,Germany,Male,42,7,"€ 121,061.89",10895570.1
15621550,Hung,535,Spain,Female,50,1,"€ 69,531.22",6257809.8
15799480,Webb,600,France,Male,34,0,"€ 3,756.23",338060.7
15625247,Scott,807,France,Female,34,1,"€ 114,448.13",10300331.7
15755241,Rahman,714,FRA,Female,52,2,"€ 144,045.08",12964057.2
15575679,Lori,590,France,Male,24,7,"€ 58,781.11",5290299.9
15668235,Cooke,614,FRA,Female,41,3,"€ 179,227.52",16130476.8
15683183,Volkova,766,Germany,Female,45,6,"€ 127,332.33",11459909.7
15684592,Lamb,557,Spain,Male,42,4,"€ 86,642.38",7797814.2
15591169,Hawes,788,Germany,Female,49,4,"€ 184,178.29",16576046.1
15653455,Smith,648,FRA,Female,38,2,"€ 9,551.49",859634.1
15732563,Swanton,726,Germany,Female,33,7,"€ 56,053.06",5044775.4
15656471,Mitchell,773,France,Male,33,9,"€ 1,118.31",100647.9
15598510,Colombo,583,Germany,Male,27,4,"€ 195,732.04",17615883.6
15766427,Shaw,565,Germany,Male,52,5,"€ 175,070.94",15756384.6
15785342,Shipp,705,FRA,Male,25,9,"€ 112,331.19",10109807.1
15641595,Jonathan,685,Spain,Male,43,4,"€ 43,956.83",3956114.7
15798429,Hernandez,741,French,Male,29,8,"€ 115,994.52",10439506.8
15648136,Green,658,Germany,Female,28,9,"€ 166,682.57",15001431.3
15812482,Young,575,France,Male,27,3,"€ 99,843.98",8985958.2
15790810,Han,844,French,Female,41,10,"€ 141,175.18",12705766.2
15687421,Highland,559,Spain,Male,67,9,"€ 175,910.95",15831985.5
15765643,Hamilton,725,FRA,Male,37,6,"€ 176,984.34",15928590.6
15654878,Yobanna,450,FRA,Male,29,7,"€ 43,480.63",3913256.7
15686835,Crawford,738,Germany,Female,57,9,"€ 155,047.11",13954239.9
15768340,Beavers,642,Germany,Female,19,3,"€ 176,137.20",15852348
15673599,Williamson,618,Spain,Male,32,5,"€ 154,843.40",13935906
15689096,Beneventi,590,FRA,Male,47,0,"€ 8,214.46",739301.4
15684294,Chidumaga,735,French,Male,50,2,"€ 147,075.69",13236812.1
15615828,Mitchell,550,FRA,Male,34,8,"€ 116,495.55",10484599.5
15746012,Chibugo,729,Spain,Female,28,0,"€ 31,165.06",2804855.4
15615797,Hyde,743,Germany,Male,59,5,"€ 192,127.22",17291449.8
15788494,Alekseeva,555,French,Male,31,8,"€ 137,491.23",12374210.7
15793856,Abdulov,667,Spain,Female,36,3,"€ 186,841.71",16815753.9
15629545,Buckley,790,Spain,Female,41,7,"€ 86,776.38",7809874.2
15661198,Howard,727,Germany,Male,34,2,"€ 72,073.72",6486634.8
15715117,Peel,744,France,Female,39,6,"€ 10,662.58",959632.2
15701074,Herz,629,Germany,Male,35,8,"€ 91,001.02",8190091.8
15793046,Holden,619,French,Female,35,4,"€ 20,555.21",1849968.9
15623744,McLean,634,France,Male,34,8,"€ 123,164.97",11084847.3
15611329,Findlay,608,Spain,Female,35,6,"€ 143,463.28",12911695.2
15740428,Wyatt,507,French,Female,35,1,"€ 92,131.54",8291838.6
15781534,Rapuluolisa,536,Germany,Female,35,4,"€ 77,178.42",6946057.8
15618243,Buckland,730,Spain,Female,43,1,"€ 193,650.16",17428514.4
15784161,Hargreaves,583,Germany,Male,39,8,"€ 52,861.89",4757570.1
15700325,Onyeoruru,644,FRA,Female,24,8,"€ 35,896.75",3230707.5
15659064,Salas,790,Spain,Male,37,8,"€ 149,418.41",13447656.9
15658364,Laney,807,Germany,Female,40,1,"€ 46,253.65",4162828.5
15704340,Fu,581,French,Female,37,10,"€ 86,609.37",7794843.3
15793455,Tien,627,Spain,Female,55,6,"€ 91,943.94",8274954.6
15579777,Sazonova,850,France,Male,41,3,"€ 128,892.36",11600312.4
15632345,Tuan,754,France,Female,35,4,"€ 44,830.71",4034763.9
15814468,Wei,551,Germany,Male,50,1,"€ 84,508.44",7605759.6
15754820,Bergamaschi,637,Germany,Male,35,8,"€ 84,760.70",7628463
15707505,Taylor,699,Spain,Male,31,8,"€ 147,661.47",13289532.3
15699507,Messersmith,542,French,Female,25,7,"€ 82,393.08",7415377.2
15799600,Coles,640,Germany,Male,48,1,"€ 135,995.58",12239602.2
15794472,Brookes,553,France,Female,27,3,"€ 159,800.16",14382014.4
15646632,Reid,741,French,Male,38,9,"€ 14,379.01",1294110.9
15676353,Etheridge,598,France,Male,35,8,"€ 74,322.85",6689056.5
15566312,Jolly,660,Spain,Female,42,5,"€ 189,016.24",17011461.6
15570414,Chizoba,618,Spain,Male,41,4,"€ 136,435.75",12279217.5
15776743,Eberegbulam,647,French,Male,43,9,"€ 78,488.39",7063955.1
15674637,Pagnotto,491,FRA,Female,68,3,"€ 113,695.99",10232639.1
15730418,Lucchesi,652,FRA,Female,32,2,"€ 54,628.11",4916529.9
15739972,Hughes,650,Germany,Female,45,9,"€ 150,835.21",13575168.9
15661591,Panicucci,413,Germany,Male,39,1,"€ 158,891.79",14300261.1
15675585,Burns,416,Germany,Female,25,0,"€ 160,523.33",14447099.7
15814750,Ricci,629,Spain,Male,34,8,"€ 180,595.02",16253551.8
15593454,Lambert,678,Spain,Female,40,4,"€ 16,618.76",1495688.4
15663421,Esposito,527,Spain,Male,28,6,"€ 79,919.97",7192797.3
15576196,Benson,743,Spain,Female,48,5,"€ 186,489.14",16784022.6
15677324,Botts,683,Germany,Male,73,9,"€ 51,999.50",4679955
15568742,Parkes,536,FRA,Female,41,9,"€ 121,299.14",10916922.6
15693764,Mai,663,Spain,Male,52,0,"€ 144,593.30",13013397
15714260,Castiglione,646,FRA,Female,38,2,"€ 178,752.73",16087745.7
15798200,Manna,707,French,Male,35,2,"€ 94,148.30",8473347
15656627,Lin,602,France,Male,34,5,"€ 77,414.45",6967300.5
15791111,Fink,635,France,Female,47,2,"€ 63,236.97",5691327.3
15638269,Baresi,597,French,Male,67,2,"€ 108,645.85",9778126.5
15807473,Morehead,503,France,Male,38,1,"€ 95,153.24",8563791.6
15708534,Afamefuna,524,Spain,Female,64,5,"€ 136,079.64",12247167.6
15640686,Greco,700,French,Male,46,5,"€ 98,273.01",8844570.9
15588904,Balashova,692,French,Male,33,9,"€ 113,505.93",10215533.7
15768763,Bogdanov,562,French,Male,37,2,"€ 52,525.15",4727263.5
15770543,Lowe,679,FRA,Male,37,7,"€ 194,617.98",17515618.2
15642162,Ponce,603,Germany,Male,35,1,"€ 152,541.89",13728770.1
15714046,Trevisano,720,Spain,Male,33,3,"€ 142,903.44",12861309.6
15575060,Gardner,797,FRA,Male,24,5,"€ 182,257.61",16403184.9
15812040,Lorenzo,594,French,Male,36,6,"€ 135,431.72",12188854.8
15812073,Palmer,529,France,Female,31,7,"€ 175,697.87",15812808.3
15706810,Zuyeva,606,Germany,Female,32,1,"€ 59,061.25",5315512.5
15584090,Jen,621,Spain,Female,40,7,"€ 131,283.60",11815524
15810807,Alekseeva,513,France,Female,43,9,"€ 152,499.80",13724982
15582033,Manfrin,753,Germany,Male,44,3,"€ 15,523.09",1397078.1
15687607,Chiemenam,605,French,Female,30,9,"€ 186,418.85",16777696.5
15588406,Chiemenam,574,Spain,Female,37,7,"€ 32,262.28",2903605.2
15784099,Clark,726,FRA,Female,38,5,"€ 128,052.29",11524706.1
15701352,Fanucci,611,Spain,Female,28,3,"€ 181,419.29",16327736.1
15789371,Cattaneo,593,Germany,Female,41,4,"€ 109,783.29",9880496.1
15602845,Udinesi,466,Germany,Male,41,2,"€ 181,879.56",16369160.4
15707918,Bentley,741,Germany,Female,36,0,"€ 74,260.16",6683414.4
15602812,Holmes,684,Germany,Female,44,2,"€ 49,865.04",4487853.6
15675888,Austin,550,Spain,Female,33,9,"€ 103,608.06",9324725.4
15591822,Mackenzie,593,Spain,Male,26,9,"€ 167,564.82",15080833.8
15738501,Booth,601,Germany,Male,48,9,"€ 41,816.49",3763484.1
15585907,Collier,676,Spain,Female,30,5,"€ 179,066.58",16115992.2
15579040,Hs?,556,France,Female,46,10,"€ 109,184.24",9826581.6
15804211,Oluchukwu,719,France,Male,36,3,"€ 199,841.32",17985718.8
15736126,Sung,850,Germany,Male,55,0,"€ 83,617.17",7525545.3
15745399,Marino,649,Spain,Female,49,2,"€ 84,863.85",7637746.5
15760749,Vinogradov,509,Spain,Male,41,7,"€ 114,775.53",10329797.7
15637118,Burns,684,FRA,Male,33,4,"€ 103,557.93",9320213.7
15657829,Fanucci,806,Germany,Male,30,8,"€ 85,028.36",7652552.4
15738497,Chukwujamuike,729,Spain,Male,44,4,"€ 153,064.87",13775838.3
15690695,Flynn,683,France,Female,33,9,"€ 38,784.42",3490597.8
15762351,Chao,689,Spain,Female,63,1,"€ 186,526.12",16787350.8
15791172,Yeh,672,Germany,Female,21,1,"€ 28,789.94",2591094.6
15598982,Klein,602,Germany,Female,53,5,"€ 45,038.29",4053446.1
15734765,Mahmood,739,FRA,Female,20,4,"€ 150,245.81",13522122.9
15642912,Tu,618,France,Female,21,2,"€ 57,762.00",5198580
15769516,Shcherbakov,674,FRA,Female,42,9,"€ 4,292.72",386344.8
15789379,Zetticci,762,France,Male,26,6,"€ 173,365.89",15602930.1
15695103,Carr,790,Spain,Male,37,6,"€ 119,484.01",10753560.9
15801924,Browne,754,Spain,Female,27,8,"€ 121,821.16",10963904.4
15767804,Feng,729,FRA,Male,44,6,"€ 151,733.43",13656008.7
15718039,Ferguson,606,Germany,Female,47,0,"€ 53,784.22",4840579.8
15579994,Shaw,616,French,Male,23,8,"€ 62,733.05",5645974.5
15595037,Palermo,772,FRA,Male,47,9,"€ 17,671.78",1590460.2
15600720,Moore,652,Spain,Male,41,8,"€ 188,905.43",17001488.7
15782608,Huang,743,French,Male,43,5,"€ 113,079.19",10177127.1
15566894,Gray,793,France,Male,39,3,"€ 83,997.79",7559801.1
15749123,Sokolova,743,Spain,Male,45,7,"€ 125,424.42",11288197.8
15668943,Henderson,746,France,Male,37,2,"€ 143,194.05",12887464.5
15577423,Mosley,627,Germany,Female,39,5,"€ 93,132.61",8381934.9
15623102,Nnaemeka,713,Spain,Male,38,6,"€ 76,038.38",6843454.2
15728012,Everett,678,Spain,Female,40,3,"€ 168,658.30",15179247
15683363,Goddard,540,Spain,Male,39,1,"€ 108,419.41",9757746.9
15699335,Kuo,615,Germany,Female,33,3,"€ 171,657.57",15449181.3
15574369,Bianchi,415,Spain,Male,53,5,"€ 22,357.25",2012152.5
15703167,Rouse,628,FRA,Female,45,8,"€ 193,903.06",17451275.4
15754874,Nwoye,700,France,Male,26,4,"€ 141,926.43",12773378.7
15723216,Greco,623,Germany,Male,33,2,"€ 104,079.62",9367165.8
15725094,Fang,623,FRA,Female,37,4,"€ 93,832.33",8444909.7
15647974,Chiemenam,679,French,Female,44,3,"€ 1,568.91",141201.9
15583371,Artemiev,632,Spain,Male,37,1,"€ 60,778.11",5470029.9
15772559,Burrows,790,French,Female,47,10,"€ 16,119.96",1450796.4
15711251,Chizuoke,514,France,Male,45,1,"€ 60,375.18",5433766.2
15719212,T'ien,491,French,Male,33,5,"€ 187,946.55",16915189.5
15764927,Rogova,753,France,Male,92,3,"€ 195,563.99",17600759.1
15731412,Trevisano,693,Germany,Female,37,6,"€ 38,196.24",3437661.6
15719170,Sagese,679,France,Female,30,1,"€ 179,435.21",16149168.9
15596011,Artyomova,529,Spain,Male,34,9,"€ 93,208.22",8388739.8
15614834,Long,619,Spain,Female,31,3,"€ 61,531.86",5537867.4
15600510,Hsueh,680,Spain,Female,37,6,"€ 92,826.35",8354371.5
15625706,White,693,Germany,Male,45,2,"€ 23,140.28",2082625.2
15781409,Lazarev,834,French,Female,28,6,"€ 74,287.53",6685877.7
15722583,Benjamin,636,Spain,Female,29,6,"€ 101,102.39",9099215.1
15677243,Wan,538,Spain,Male,43,5,"€ 126,933.73",11424035.7
15815070,Romano,566,Germany,Female,44,5,"€ 68,408.74",6156786.6
15705899,Craig,597,Spain,Male,35,0,"€ 155,356.34",13982070.6
15701522,Yermolayeva,711,France,Female,29,9,"€ 3,234.80",291132
15755978,Tseng,606,France,Male,31,10,"€ 195,209.40",17568846
15722090,Tseng,615,Spain,Male,51,6,"€ 169,149.38",15223444.2
15783526,Le Hunte,589,FRA,Male,36,1,"€ 68,075.14",6126762.6
15632125,Blake,606,Germany,Male,45,5,"€ 93,707.80",8433702
15688395,Lane,582,French,Male,29,4,"€ 156,153.27",14053794.3
15666975,Sparks,710,French,Female,36,4,"€ 58,601.61",5274144.9
15682211,Tu,467,FRA,Male,57,1,"€ 114,448.77",10300389.3
15637411,Tochukwu,749,French,Male,30,1,"€ 126,551.65",11389648.5
15591512,Whittaker,564,Germany,Female,33,2,"€ 112,350.21",10111518.9
15606855,Wang,730,Spain,Male,26,6,"€ 185,808.70",16722783
15763683,Northern,678,Germany,Male,32,4,"€ 118,235.52",10641196.8
15641782,Humphries,540,France,Female,31,7,"€ 183,051.60",16474644
15677184,Cremonesi,767,French,Female,35,6,"€ 27,922.45",2513020.5
15775042,Ku,615,France,Female,23,4,"€ 196,476.19",17682857.1
15616630,Tobenna,583,Germany,Female,41,5,"€ 190,429.52",17138656.8
15800233,Okwuadigbo,850,French,Female,40,5,"€ 35,034.15",3153073.5
15588419,Johnston,651,Germany,Female,34,10,"€ 66,389.43",5975048.7
15595557,Li,798,French,Male,22,8,"€ 107,615.43",9685388.7
15626143,Talbot,695,France,Male,37,2,"€ 99,692.65",8972338.5
15566030,Tu,497,Germany,Male,41,5,"€ 88,729.22",7985629.8
15701412,T'ien,739,French,Male,40,4,"€ 173,321.65",15598948.5
15702464,Ross,549,France,Female,34,4,"€ 139,463.57",12551721.3
15573348,Maclean,850,French,Male,35,9,"€ 3,769.71",339273.9
15704160,Wan,648,Spain,Male,49,5,"€ 149,946.43",13495178.7
15693704,Tsou,679,FRA,Female,24,6,"€ 135,768.25",12219142.5
15664752,Jack,606,Germany,Male,39,8,"€ 31,708.53",2853767.7
15628292,Lucchesi,850,French,Male,32,4,"€ 151,677.31",13650957.9
15621195,Ch'eng,619,Germany,Male,41,3,"€ 170,518.83",15346694.7
15668629,Saunders,719,Spain,Male,44,2,"€ 196,582.19",17692397.1
15635197,Glover,640,Germany,Male,26,5,"€ 3,298.65",296878.5
15592761,Tung,710,FRA,Male,40,5,"€ 162,878.96",14659106.4
15574283,Padovano,580,France,Male,31,2,"€ 64,014.24",5761281.6
15598097,Johnstone,550,FRA,Male,44,9,"€ 26,257.01",2363130.9
15711352,Endrizzi,841,FRA,Female,31,3,"€ 126,794.56",11411510.4
15620751,Secombe,760,France,Male,34,2,"€ 164,162.44",14774619.6
15656717,Elewechi,687,France,Female,30,6,"€ 179,206.92",16128622.8
15643121,Chu,753,Germany,Female,35,5,"€ 18,254.75",1642927.5
15723671,Lucciano,661,France,Male,35,9,"€ 83,949.68",7555471.2
15752846,Pinto,699,France,Male,28,7,"€ 22,684.78",2041630.2
15640852,McGregor,617,Germany,Female,39,5,"€ 7,953.62",715825.8
15789313,Ugorji,595,Germany,Female,44,4,"€ 143,952.24",12955701.6
15793688,Bancks,669,French,Male,50,9,"€ 158,032.50",14222925
15770405,Warlow-Davies,613,French,Female,27,5,"€ 199,104.52",17919406.8
15702561,Dale,782,FRA,Male,32,9,"€ 87,566.97",7881027.3
15625964,Buckley,582,France,Female,43,5,"€ 170,563.73",15350735.7
15761364,Nkemjika,679,French,Male,30,9,"€ 157,871.55",14208439.5
15590286,Fairley,611,French,Female,40,2,"€ 93,203.43",8388308.7
15587978,Boothby,455,Germany,Female,37,6,"€ 54,398.56",4895870.4
15773242,Chukwuhaenye,621,France,Male,32,1,"€ 168,779.47",15190152.3
15761053,Lock,596,Germany,Male,48,2,"€ 1,140.02",102601.8
15702095,Clarke,585,Spain,Female,56,1,"€ 186,476.91",16782921.9
15764253,Ramsey,742,France,Male,32,6,"€ 29,023.03",2612072.7
15700801,Eipper,850,Germany,Male,42,6,"€ 60,021.34",5401920.6
15730590,Ko,738,Germany,Female,40,1,"€ 180,456.80",16241112
15643916,Munro,619,Spain,Male,46,8,"€ 132,498.39",11924855.1
15720636,McGregor,628,FRA,Female,50,4,"€ 109,608.81",9864792.9
15795429,Henderson,487,French,Male,24,7,"€ 98,570.01",8871300.9
15609254,Fernandez,513,Spain,Female,41,9,"€ 160,546.58",14449192.2
15625141,Porter,563,Spain,Male,26,7,"€ 6,139.74",552576.6
15810898,Pan,803,France,Female,65,2,"€ 6,930.17",623715.3
15775797,Esposito,607,Spain,Female,32,7,"€ 10,674.62",960715.8
15795246,Kaeppel,628,Germany,Female,51,9,"€ 71,159.84",6404385.6
15795275,Lamb,521,Spain,Female,49,4,"€ 62,413.01",5617170.9
15571869,Lei,669,Germany,Female,50,4,"€ 166,386.22",14974759.8
15694143,Conti,686,FRA,Female,41,10,"€ 133,086.45",11977780.5
15748231,Hargreaves,700,Germany,Male,35,4,"€ 192,933.37",17364003.3
15632185,Yermolayev,663,FRA,Female,42,1,"€ 71,359.78",6422380.2
15806249,Kerr,671,Spain,Female,31,4,"€ 79,270.02",7134301.8
15743293,Waters,651,Germany,Female,35,1,"€ 29,583.48",2662513.2
15598157,Onyeorulu,728,FRA,Male,34,4,"€ 88,680.65",7981258.5
15700946,Kolesnikova,574,FRA,Female,34,7,"€ 134,691.20",12122208
15722692,Kazakova,464,FRA,Male,38,3,"€ 75,574.48",6801703.2
15696506,MacDonald,604,Spain,Male,27,9,"€ 30,252.30",2722707
15728823,Sharwood,836,Spain,Female,37,10,"€ 111,324.41",10019196.9
15808851,Bufkin,511,Germany,Female,75,9,"€ 105,425.18",9488266.2
15675231,Nwankwo,518,France,Female,45,8,"€ 36,193.07",3257376.3
15732299,Boniwell,756,France,Male,67,4,"€ 93,081.87",8377368.3
15706269,Willis,489,FRA,Female,47,8,"€ 107,625.46",9686291.4
15590078,Burns,622,Spain,Male,27,9,"€ 152,733.89",13746050.1
15776985,Kung,652,French,Female,36,6,"€ 110,421.31",9937917.9
15756743,Howells,625,French,Female,37,7,"€ 48,486.25",4363762.5
15782364,Bevan,521,Spain,Female,39,3,"€ 72,993.67",6569430.3
15604093,Neitenstein,546,France,Male,34,4,"€ 25,744.13",2316971.7
15749328,Johnson,697,France,Female,45,1,"€ 46,807.62",4212685.8
15656322,Sandover,571,Germany,Male,33,3,"€ 26,772.04",2409483.6
15685564,Nnamutaezinwa,748,Spain,Male,35,5,"€ 150,057.20",13505148
15785831,Sinclair,591,French,Male,35,7,"€ 56,028.79",5042591.1
15796218,Wei,814,Germany,Male,29,1,"€ 147,693.92",13292452.8
15716218,Higgins,709,France,Female,45,3,"€ 174,032.00",15662880
15572735,Chang,433,Spain,Male,27,2,"€ 153,698.65",13832878.5
15633840,Henderson,781,FRA,Male,20,0,"€ 108,301.45",9747130.5
15608760,Cox,656,France,Female,30,4,"€ 22,929.08",2063617.2
15627848,Tsui,683,FRA,Male,38,7,"€ 102,665.92",9239932.8
15792029,Lee,620,French,Male,32,6,"€ 56,139.09",5052518.1
15617331,Sergeyeva,637,Germany,Female,39,3,"€ 88,391.29",7955216.1
15651740,Napolitani,525,Spain,Female,30,5,"€ 149,195.44",13427589.6
15636407,Beatham,793,Germany,Female,34,5,"€ 143,357.03",12902132.7
15607526,Lu,638,Germany,Male,50,1,"€ 168,359.98",15152398.2
15632576,Yashina,520,France,Male,31,4,"€ 77,335.75",6960217.5
15581505,Bales,641,FRA,Male,35,5,"€ 93,148.93",8383403.7
15612207,Hill,840,Germany,Female,51,1,"€ 36,687.11",3301839.9
15707242,Ibeamaka,504,Spain,Male,40,5,"€ 146,703.36",13203302.4
15721937,Romilly,686,France,Male,38,0,"€ 115,927.85",10433506.5
15773852,Hayes,533,Germany,Male,38,4,"€ 104,189.46",9377051.4
15719778,Chiu,577,FRA,Female,32,1,"€ 9,902.39",891215.1
15650538,Sun,445,Germany,Female,48,7,"€ 16,645.77",1498119.3
15797475,Brennan,720,France,Male,44,3,"€ 180,134.88",16212139.2
15780359,Storey,643,Germany,Male,25,4,"€ 148,098.95",13328905.5
15737104,Lawson,652,Germany,Female,47,0,"€ 38,798.79",3491891.1
15789936,T'ao,663,French,Female,33,2,"€ 153,295.00",13796550
15709523,Yao,525,Germany,Female,30,0,"€ 100,687.67",9061890.3
15593425,Bracewell,662,Spain,Female,54,1,"€ 111,442.71",10029843.9
15776725,Kerr,724,Germany,Male,54,8,"€ 136,902.01",12321180.9
15604706,Blake,581,Germany,Male,38,1,"€ 105,732.90",9515961
15790958,Sanders,685,Spain,Male,38,4,"€ 35,884.91",3229641.9
15747534,Torkelson,595,French,Male,46,10,"€ 73,489.15",6614023.5
15574237,Hsueh,588,France,Female,21,8,"€ 110,114.19",9910277.1
15690332,Wang,647,Germany,Male,35,3,"€ 40,145.28",3613075.2
15661290,Hightower,785,Germany,Female,38,9,"€ 146,398.51",13175865.9
15651883,Genovesi,794,Germany,Female,55,6,"€ 160,526.36",14447372.4
15808905,Levan,823,France,Male,37,5,"€ 173,516.71",15616503.9
15715532,Lai,687,Germany,Male,38,4,"€ 88,396.60",7955694
15786078,Loginov,850,FRA,Female,28,9,"€ 185,821.41",16723926.9
15652401,Lafleur,496,FRA,Female,36,7,"€ 108,098.28",9728845.2
15673074,Obidimkpa,527,Germany,Female,30,6,"€ 162,267.91",14604111.9
15598744,Ch'ang,576,Germany,Female,71,6,"€ 193,135.25",17382172.5
15785975,Mason,525,Spain,Female,60,7,"€ 168,034.90",15123141
15613180,Miranda,727,Germany,Male,21,8,"€ 163,295.87",14696628.3
15584229,Simon,671,Germany,Female,23,9,"€ 159,553.27",14359794.3
15773804,Golubeva,625,France,Male,39,5,"€ 99,800.87",8982078.3
15699515,Manfrin,643,Germany,Male,33,7,"€ 40,250.82",3622573.8
15705313,Stange,707,France,Female,33,2,"€ 83,335.78",7500220.2
15693817,Ferrari,539,Spain,Male,28,5,"€ 48,382.40",4354416
15673790,Taylor,498,Germany,Male,45,7,"€ 165,990.44",14939139.6
15674868,Wei,696,Spain,Female,30,0,"€ 9,002.80",810252
15692110,Ch'eng,758,French,Female,33,7,"€ 188,156.34",16934070.6
15645904,Parsons,685,French,Female,33,6,"€ 186,785.01",16810650.9
15581332,Pan,655,Germany,Female,30,1,"€ 184,259.60",16583364
15808544,Cameron,747,FRA,Female,40,3,"€ 57,817.84",5203605.6
15734948,Igwebuike,601,Spain,Male,24,7,"€ 144,660.42",13019437.8
15654531,Tuan,477,France,Male,22,5,"€ 163,112.90",14680161
15637774,Fraser,558,FRA,Male,32,5,"€ 136,301.10",12267099
15677141,Turnbull,586,Spain,Male,29,2,"€ 36,176.63",3255896.7
15739578,Chiazagomekpere,850,French,Male,49,6,"€ 65,769.30",5919237
15697360,Yudina,505,FRA,Female,36,2,"€ 174,123.16",15671084.4
15655213,Udinese,591,Germany,Female,51,8,"€ 161,304.68",14517421.2
15580872,Chinweike,761,Germany,Female,38,1,"€ 109,394.62",9845515.8
15683213,Bergamaschi,554,France,Female,35,10,"€ 190,155.13",17113961.7
15801188,Milliner,774,French,Female,47,6,"€ 61,450.96",5530586.4
15645029,Knowles,771,Spain,Female,33,5,"€ 8,673.43",780608.7
15633181,Swinton,792,French,Male,31,6,"€ 125,912.77",11332149.3
15598259,Gregory,673,Germany,Female,41,9,"€ 151,349.35",13621441.5
15576000,Chibueze,765,French,Male,40,6,"€ 67,972.45",6117520.5
15766047,Sukhorukova,748,FRA,Female,41,2,"€ 71,139.31",6402537.9
15596339,French,422,FRA,Male,54,3,"€ 86,350.97",7771587.3
15715199,Estrada,568,Spain,Male,27,5,"€ 118,648.12",10678330.8
15615938,Fleming,502,FRA,Female,64,3,"€ 100,995.11",9089559.9
15679991,Kennedy,524,French,Female,28,7,"€ 147,100.72",13239064.8
15626135,Combes,689,FRA,Male,34,1,"€ 155,495.63",13994606.7
15792934,Carruthers,661,France,Male,26,8,"€ 196,875.87",17718828.3
15744046,Andrejew,606,Spain,Male,33,8,"€ 63,176.77",5685909.3
15700826,Ko,678,Germany,Female,54,1,"€ 105,221.76",9469958.4
15756301,Daniels,636,Germany,Female,29,3,"€ 131,924.38",11873194.2
15586517,Toscano,647,French,Male,32,5,"€ 23,132.73",2081945.7
15751297,Wilson,732,FRA,Male,36,5,"€ 161,428.25",14528542.5
15710365,Thomson,646,FRA,Male,50,0,"€ 181,794.86",16361537.4
15679307,Kazantseva,559,FRA,Female,43,1,"€ 86,634.30",7797087
15610753,Cremonesi,581,FRA,Male,28,3,"€ 29,937.75",2694397.5
15811036,Ferri,565,France,Male,46,7,"€ 140,130.22",12611719.8
15610912,Ferri,657,Spain,Female,41,6,"€ 17,536.82",1578313.8
15619932,Lombardi,847,France,Male,66,7,"€ 53,157.16",4784144.4
15746199,Eluemuno,558,France,Female,41,6,"€ 143,585.29",12922676.1
15584967,Chiganu,596,Spain,Male,57,6,"€ 72,402.00",6516180
15734365,Hsueh,579,France,Male,39,5,"€ 39,891.84",3590265.6
15726960,O'Brien,741,France,Female,36,3,"€ 89,804.83",8082434.7
15665177,Booth,613,French,Male,44,3,"€ 136,491.72",12284254.8
15779915,O'Loghlin,694,Spain,Male,31,5,"€ 35,593.18",3203386.2
15729110,Lavrov,729,Spain,Female,42,7,"€ 58,268.20",5244138
15575399,Somadina,480,French,Female,42,1,"€ 101,778.90",9160101
15678374,Colombo,666,FRA,Female,59,5,"€ 185,123.09",16661078.1
15792679,Troupe,575,France,Male,24,2,"€ 119,927.81",10793502.9
15668767,Kenenna,850,FRA,Male,36,3,"€ 195,033.07",17552976.3
15761886,Franklin,740,FRA,Male,36,4,"€ 86,480.29",7783226.1
15583076,Deleon,588,Germany,Male,41,6,"€ 198,766.61",17888994.9
15815615,Kung,681,France,Male,36,5,"€ 185,144.08",16662967.2
15591942,Zito,611,Spain,Female,33,7,"€ 3,729.89",335690.1
15724924,Giordano,589,French,Female,37,6,"€ 18,988.58",1708972.2
15762123,Davide,717,Spain,Female,34,1,"€ 119,313.74",10738236.6
15567893,Lei,556,Germany,Male,33,3,"€ 62,627.55",5636479.5
15648989,Moss,850,France,Male,37,4,"€ 197,266.58",17753992.2
15662021,Lucciano,685,Spain,Female,42,2,"€ 199,992.48",17999323.2
15691627,Tai,713,French,Female,37,8,"€ 16,403.41",1476306.9
15731751,Osinachi,437,French,Female,26,1,"€ 78,854.57",7096911.3
15635277,Coates,605,Spain,Male,47,7,"€ 189,310.27",17037924.3
15655252,Larionova,758,Germany,Male,41,10,"€ 78,088.17",7027935.3
15803941,Seleznev,600,French,Male,46,10,"€ 19,842.18",1785796.2
15714380,Butcher,827,FRA,Male,38,5,"€ 103,305.01",9297450.9
15666559,Gould,608,Germany,Male,23,8,"€ 116,124.28",10451185.2
15799998,Cunningham,608,France,Female,30,8,"€ 142,730.27",12845724.3
15703763,Sanderson,554,FRA,Male,44,7,"€ 58,076.52",5226886.8
15795640,Mai,683,Germany,Female,35,1,"€ 186,123.57",16751121.3
15780056,Reid,660,Spain,Male,33,4,"€ 29,664.45",2669800.5
15777873,Downer,628,France,Female,31,5,"€ 147,963.07",13316676.3
15584749,Humphries,668,Germany,Male,39,4,"€ 38,466.39",3461975.1
15765258,Bochsa,776,FRA,Female,29,5,"€ 143,301.49",12897134.1
15623346,Czajkowski,820,FRA,Male,36,4,"€ 31,422.69",2828042.1
15614054,Pankhurst,665,French,Male,36,1,"€ 121,505.61",10935504.9
15766185,She,850,Germany,Male,31,4,"€ 89,874.82",8088733.8
15667632,Birdseye,703,France,Female,42,7,"€ 72,500.68",6525061.2
15599024,Hope,506,Spain,Male,32,8,"€ 182,692.80",16442352
15798709,Gill,588,Spain,Male,32,3,"€ 4,993.94",449454.6
15741921,Moon,622,Spain,Female,26,8,"€ 124,964.82",11246833.8
15793671,Watt,606,France,Male,34,5,"€ 161,971.42",14577427.8
15797900,Chinomso,517,France,Male,56,9,"€ 39,488.04",3553923.6
15667932,Bellucci,758,Spain,Female,43,10,"€ 55,313.44",4978209.6
15795933,Barese,677,FRA,Female,49,3,"€ 187,811.71",16903053.9
15660403,Fleming,827,Spain,Female,35,0,"€ 184,514.01",16606260.9
15736299,Bell,729,French,Female,36,8,"€ 121,311.12",10918000.8
15759034,Li Fonti,654,French,Male,36,2,"€ 12,873.39",1158605.1
15724663,Christmas,654,Spain,Female,36,5,"€ 157,238.05",14151424.5
15594556,Chuter,619,Spain,Male,52,8,"€ 123,242.11",11091789.9
15737169,Johnson,642,Spain,Male,26,8,"€ 184,399.76",16595978.4
15632472,Scott,472,Spain,Female,32,1,"€ 57,323.18",5159086.2
15722813,Byrne,470,Spain,Male,30,4,"€ 68,293.93",6146453.7
15588450,Chukwudi,633,French,Female,60,8,"€ 10,288.24",925941.6
15736717,Ma,602,France,Male,31,7,"€ 179,446.31",16150167.9
15680683,Simmons,640,Spain,Male,29,5,"€ 141,453.62",12730825.8
15710316,Fang,454,Spain,Female,48,5,"€ 93,151.77",8383659.3
15746333,Blake,562,French,Female,57,3,"€ 6,554.97",589947.3
15606861,Tien,636,FRA,Male,34,8,"€ 38,570.13",3471311.7
15641285,Yusupova,621,Spain,Male,50,3,"€ 131,048.36",11794352.4
15662908,Davidson,795,Germany,Male,38,7,"€ 127,068.92",11436202.8
15814267,Zhdanova,550,FRA,Male,22,6,"€ 51,721.52",4654936.8
15614923,Nielson,630,Spain,Male,41,7,"€ 46,156.87",4154118.3
15579223,Niu,573,Germany,Male,30,8,"€ 192,950.60",17365554
15651389,Kay,561,Spain,Male,24,8,"€ 180,932.46",16283921.4
15677087,Green,662,France,Female,39,5,"€ 19,596.73",1763705.7
15665784,She,637,French,Male,27,9,"€ 46,786.92",4210822.8
15576706,Ajuluchukwu,651,Germany,Male,37,9,"€ 175,820.91",15823881.9
15615473,Sabbatini,646,French,Female,33,2,"€ 198,208.00",17838720
15587299,Board,567,FRA,Female,48,3,"€ 55,362.45",4982620.5
15655389,Leckie,638,FRA,Male,41,1,"€ 47,675.29",4290776.1
15784491,Ho,725,French,Female,31,6,"€ 61,326.43",5519378.7
15809999,Gordon,709,France,Female,41,3,"€ 71,672.86",6450557.4
15681115,Iroawuchi,787,Spain,Male,39,10,"€ 101,168.30",9105147
15629390,Liao,653,FRA,Male,37,7,"€ 144,880.81",13039272.9
15792668,Hamilton,661,Germany,Male,37,7,"€ 115,037.67",10353390.3
15583863,Chimaobim,681,Germany,Male,49,8,"€ 187,280.51",16855245.9
15681878,Fan,436,Germany,Male,45,3,"€ 183,540.22",16518619.8
15782875,Cayley,663,FRA,Male,33,5,"€ 28,531.81",2567862.9
15732235,Kuykendall,662,French,Male,64,0,"€ 42,730.12",3845710.8
15735909,McDonald,607,Germany,Female,39,8,"€ 104,721.50",9424935
15653448,Duncan,754,France,Male,34,7,"€ 65,219.85",5869786.5
15587647,Browne,850,Germany,Female,66,0,"€ 118,929.64",10703667.6
15701037,Barton,578,FRA,Male,39,2,"€ 70,563.90",6350751
15727499,Boyle,666,Germany,Female,36,3,"€ 139,435.12",12549160.8
15724838,Moretti,599,FRA,Female,43,4,"€ 170,347.10",15331239
15666711,Ukaegbulam,586,France,Female,46,0,"€ 131,553.82",11839843.8
15588933,Nwankwo,825,France,Female,36,3,"€ 138,344.70",12451023
15763111,Niu,808,Spain,Female,67,10,"€ 169,894.40",15290496
15805676,Hsu,515,Spain,Male,29,4,"€ 9,770.97",879387.3
15586674,Shaw,663,Spain,Female,58,5,"€ 74,176.71",6675903.9
15744553,Ho,444,French,Male,34,2,"€ 112,668.06",10140125.4
15776629,Christie,650,France,Female,39,4,"€ 186,275.70",16764813
15647207,Onwuemelie,609,FRA,Male,26,7,"€ 98,463.99",8861759.1
15715638,Ch'ang,824,Germany,Male,77,3,"€ 2,746.41",247176.9
15750602,Clendinnen,662,France,Male,29,5,"€ 10,928.30",983547
15766810,Onyemauchechi,699,Germany,Female,51,2,"€ 91,346.03",8221142.7
15756625,Crawford,752,France,Female,41,8,"€ 139,844.04",12585963.6
15639552,Mellor,603,Germany,Female,40,8,"€ 105,052.90",9454761
15633213,Rizzo,628,Spain,Male,50,8,"€ 144,366.83",12993014.7
15610416,Christie,745,France,Female,36,9,"€ 19,605.18",1764466.2
15715208,Watkins,804,Germany,Female,33,10,"€ 80,483.76",7243538.4
15619608,Ojiofor,454,Germany,Female,50,10,"€ 154,344.00",13890960
15628697,Tung,631,Spain,Male,46,9,"€ 93,503.02",8415271.8
15643826,McKay,503,French,Male,32,4,"€ 153,036.97",13773327.3
15718588,Meng,548,France,Female,37,9,"€ 98,029.58",8822662.2
15709741,Hussain,668,France,Male,28,4,"€ 193,018.71",17371683.9
15723318,Mactier,619,French,Female,55,0,"€ 60,810.64",5472957.6
15717328,Hsueh,842,French,Female,37,4,"€ 87,071.18",7836406.2
15771299,Nnachetam,707,French,Female,57,1,"€ 164,064.44",14765799.6
15706223,Barnes,715,Spain,Male,38,2,"€ 4,554.67",409920.3
15612358,Christie,573,Germany,Male,35,9,"€ 119,924.80",10793232
15769191,Lipton,509,FRA,Male,55,8,"€ 170,360.11",15332409.9
15618816,Yu,670,Germany,Female,40,2,"€ 69,850.04",6286503.6
15730810,Storey,613,Spain,Male,44,9,"€ 47,298.95",4256905.5
15783463,Read,678,French,Female,26,1,"€ 45,443.68",4089931.2
15616213,Levy,555,Germany,Female,51,9,"€ 198,715.27",17884374.3
15611287,Chiu,777,FRA,Female,30,4,"€ 115,611.97",10405077.3
15786454,Moore,552,Spain,Male,55,3,"€ 40,333.94",3630054.6
15768682,Amies,640,Spain,Male,39,3,"€ 105,997.25",9539752.5
15766172,Tsao,541,French,Male,34,3,"€ 134,851.12",12136600.8
15637646,Rowley,756,FRA,Male,31,10,"€ 61,666.87",5550018.3
15653404,Aliyev,684,Spain,Female,24,9,"€ 196,574.48",17691703.2
15690546,Riley,618,France,Female,42,2,"€ 111,097.39",9998765.1
15735636,Toscano,604,France,Female,53,2,"€ 48,201.64",4338147.6
15605424,Oluchukwu,624,Spain,Male,38,7,"€ 135,096.78",12158710.2
15568449,Fu,661,Spain,Male,38,7,"€ 15,650.89",1408580.1
15688085,Warner,627,Spain,Female,28,3,"€ 34,097.22",3068749.8
15683483,Fleming,812,Spain,Male,38,3,"€ 174,822.74",15734046.6
15659567,Ch'iu,473,French,Female,39,9,"€ 85,937.52",7734376.8
15766667,Langler,717,Spain,Male,36,2,"€ 49,185.57",4426701.3
15624975,Angelo,693,Spain,Male,28,1,"€ 77,742.38",6996814.2
15660878,T'ien,705,France,Male,92,1,"€ 34,436.83",3099314.7
15586557,Milani,661,French,Male,41,5,"€ 88,279.60",7945164
15746183,Pye,573,French,Female,27,4,"€ 157,549.60",14179464
15631457,Asher,639,French,Male,37,5,"€ 173,386.95",15604825.5
15754053,Chung,718,France,Female,67,7,"€ 82,782.08",7450387.2
15645839,Yudin,570,France,Male,37,6,"€ 187,758.50",16898265
15689955,Arcuri,461,FRA,Female,40,7,"€ 176,547.80",15889302
15593510,Capon,638,Germany,Female,33,5,"€ 56,585.20",5092668
15654964,Piccio,608,Spain,Male,48,7,"€ 125,762.95",11318665.5
15594039,Lung,599,Spain,Male,42,6,"€ 113,868.40",10248156
15625929,Trevisan,762,FRA,Female,44,7,"€ 24,780.13",2230211.7
15815295,John,662,FRA,Female,38,2,"€ 120,259.41",10823346.9
15621818,Anayolisa,747,Germany,Male,29,7,"€ 175,398.34",15785850.6
15652700,Ritchie,539,France,Male,39,6,"€ 86,767.48",7809073.2
15636860,Ch'eng,625,French,Male,43,4,"€ 71,216.60",6409494
15569432,Macleod,656,France,Female,48,9,"€ 85,240.61",7671654.9
15751455,Boyle,469,FRA,Female,48,5,"€ 160,529.71",14447673.9
15800583,Chukwuemeka,621,Spain,Female,43,8,"€ 102,806.60",9252594
15770214,Bryant,754,France,Female,27,7,"€ 144,134.64",12972117.6
15613463,Hackett,679,Germany,Female,50,6,"€ 184,017.98",16561618.2
15587066,Kovaleva,535,FRA,Male,38,2,"€ 195,896.59",17630693.1
15693752,Reed,487,France,Male,37,2,"€ 126,722.57",11405031.3
15714874,Major,850,France,Female,42,3,"€ 176,883.42",15919507.8
15657809,Lo,585,France,Male,55,10,"€ 122,960.98",11066488.2
15651955,Hanson,603,French,Male,31,4,"€ 9,607.10",864639
15570912,Ogbonnaya,728,Germany,Female,32,9,"€ 152,643.48",13737913.2
15640266,Windsor,621,Spain,Male,41,5,"€ 95,551.22",8599609.8
15652069,Calabrese,833,FRA,Male,30,1,"€ 141,860.62",12767455.8
15596074,Keating,502,French,Male,37,10,"€ 76,642.68",6897841.2
15800268,Costa,825,Germany,Male,37,6,"€ 52,301.15",4707103.5
15809847,Tan,668,FRA,Male,46,0,"€ 29,388.02",2644921.8
15599074,Ma,487,Spain,Female,40,6,"€ 193,408.43",17406758.7
15599591,Martin,600,Germany,Female,39,7,"€ 58,632.37",5276913.3
15776096,Halpern,606,Spain,Male,34,3,"€ 191,076.22",17196859.8
15611669,Nyhan,623,Germany,Male,50,7,€ 645.61,58104.9
15694098,Jackson,575,FRA,Female,54,9,"€ 144,390.75",12995167.5
15713347,Reynolds,577,Spain,Male,48,6,"€ 193,580.32",17422228.8
15713094,Tai,651,French,Female,25,8,"€ 126,761.20",11408508
15811978,Trevisani,693,Germany,Male,46,2,"€ 62,368.33",5613149.7
15799925,Uwakwe,800,France,Male,60,6,"€ 131,718.12",11854630.8
15692575,Kerr,760,French,Male,38,6,"€ 91,098.76",8198888.4
15743149,Findlay,711,French,Female,35,8,"€ 67,508.01",6075720.9
15776947,Ugorji,637,Spain,Male,43,8,"€ 12,156.93",1094123.7
15700656,Balashova,662,France,Male,32,9,"€ 65,089.38",5858044.2
15594515,Cheng,568,French,Female,44,7,"€ 62,370.67",5613360.3
15787884,Martin,692,France,Female,30,7,"€ 18,826.34",1694370.6
15577988,Skinner,614,France,Female,35,1,"€ 3,342.62",300835.8
15795586,McDonald,478,France,Male,35,1,"€ 178,626.07",16076346.3
15677739,Dellucci,562,France,Male,36,6,"€ 32,845.32",2956078.8
15720134,Reynolds,709,Germany,Male,30,9,"€ 134,732.99",12125969.1
15688868,Birdsall,684,French,Female,26,5,"€ 106,095.82",9548623.8
15642996,Tsai,546,Germany,Female,42,9,"€ 57,380.13",5164211.7
15771222,Oguejiofor,779,FRA,Female,42,5,"€ 25,951.91",2335671.9
15605059,Mackie,576,Germany,Male,63,3,"€ 69,414.13",6247271.7
15568088,Jamieson,481,Germany,Male,44,3,"€ 96,123.72",8651134.8
15665943,Mai,445,France,Male,25,6,"€ 119,425.94",10748334.6
15795571,Patterson,606,Spain,Male,36,0,"€ 120,138.27",10812444.3
15662243,Taylor,559,French,Male,50,5,"€ 150,548.50",13549365
15593128,Vinogradoff,608,France,Female,56,10,"€ 142,492.04",12824283.6
15589739,North,698,France,Male,41,3,"€ 14,357.00",1292130
15787602,Carter,568,Spain,Male,39,5,"€ 129,569.92",11661292.8
15685019,Graham,528,France,Male,29,3,"€ 55,972.56",5037530.4
15704209,Noble,802,French,Female,39,7,"€ 59,497.01",5354730.9
15605264,Walker,669,Germany,Male,47,0,"€ 181,928.25",16373542.5
15708265,Chibugo,581,Spain,Female,24,10,"€ 102,517.83",9226604.7
15740264,Yobachi,640,French,Male,38,9,"€ 88,827.67",7994490.3
15615477,Ignatyeva,529,Spain,Female,44,1,"€ 14,161.30",1274517
15727361,Chiemela,547,French,Female,51,1,"€ 56,908.41",5121756.9
15760216,Pokrovskaya,718,France,Female,49,10,"€ 184,474.72",16602724.8
15806134,Storey,707,Germany,Male,34,9,"€ 94,912.78",8542150.2
15601351,Moroney,735,France,Male,43,9,"€ 73,069.59",6576263.1
15669262,Maslov,765,France,Male,43,9,"€ 136,602.80",12294252
15696989,Chukwueloka,469,Germany,Female,52,8,"€ 150,093.32",13508398.8
15688498,Chu,594,Germany,Female,21,2,"€ 168,186.11",15136749.9
15686964,Spence,675,France,Female,34,10,"€ 146,230.63",13160756.7
15625035,Mills,703,French,Male,50,8,"€ 79,314.10",7138269
15618391,Doyle,810,FRA,Male,33,6,"€ 77,965.67",7016910.3
15591344,Donnelly,715,Spain,Male,42,6,"€ 128,745.69",11587112.1
15605455,Tai,664,France,Male,40,9,"€ 194,767.30",17529057
15680804,Abbott,850,FRA,Male,29,6,"€ 10,672.54",960528.6
15768282,Perez,724,Germany,Male,36,6,"€ 10,627.21",956448.9
15685826,Hsiung,563,France,Male,30,7,"€ 122,268.75",11004187.5
15793491,Cherkasova,714,Germany,Male,26,3,"€ 65,482.94",5893464.6
15797787,Denisov,614,France,Male,36,1,"€ 146,134.68",13152121.2
15611171,Fowler,740,French,Male,33,1,"€ 123,300.38",11097034.2
15601627,Siciliano,587,FRA,Male,33,8,"€ 122,925.40",11063286
15734085,Crocker,465,Germany,Male,24,5,"€ 127,744.02",11496961.8
15809309,Longo,689,Spain,Female,40,5,"€ 118,319.50",10648755
15809462,Polyakova,656,France,Male,30,3,"€ 17,104.00",1539360
15634628,Brown,579,French,Female,33,1,"€ 164,608.98",14814808.2
15775678,Uspensky,716,France,Female,44,1,"€ 152,108.47",13689762.3
15579526,O'Meara,551,France,Male,42,1,"€ 23,399.58",2105962.2
15779103,Cantamessa,527,Germany,Female,39,9,"€ 94,711.43",8524028.7
15738715,Alexander,600,FRA,Female,37,4,"€ 7,312.25",658102.5
15593943,Chinagorom,685,FRA,Female,43,1,"€ 41,876.98",3768928.2
15754574,Tomlinson,738,Spain,Male,36,5,"€ 96,881.32",8719318.8
15737814,Lo,622,France,Male,41,2,"€ 102,402.91",9216261.9
15670889,Nwachukwu,528,FRA,Male,34,1,"€ 176,763.27",15908694.3
15629299,Yang,546,Germany,Female,52,1,"€ 23,548.45",2119360.5
15771569,Bage,576,Germany,Male,46,4,"€ 33,450.11",3010509.9
15811927,Marcelo,733,France,Female,38,3,"€ 19,658.43",1769258.7
15785654,Ofodile,727,Germany,Male,45,6,"€ 104,678.78",9421090.2
15665524,Savage,605,Spain,Male,41,5,"€ 143,203.78",12888340.2
15736287,Piccio,586,France,Male,33,9,"€ 6,975.02",627751.8
15765732,Simmons,564,Spain,Female,24,6,"€ 153,771.80",13839462
15797381,DeRose,593,Germany,Female,48,3,"€ 85,902.39",7731215.1
15598536,Onuchukwu,736,Germany,Female,26,0,"€ 188,037.76",16923398.4
15664506,Goodwin,675,Spain,Male,32,8,"€ 52,710.70",4743963
15575619,Teakle,656,Spain,Female,32,1,"€ 17,034.37",1533093.3
15587394,Thomson,462,FRA,Male,39,4,"€ 131,304.45",11817400.5
15654457,Cross,685,Spain,Female,30,2,"€ 172,576.43",15531878.7
15762793,Jones,850,Germany,Female,36,0,"€ 99,019.65",8911768.5
15658067,Walker,636,Germany,Female,48,3,"€ 190,160.04",17114403.6
15642816,De Salis,850,FRA,Female,27,7,"€ 3,025.49",272294.1
15693088,Oliver,628,FRA,Female,37,9,"€ 34,689.77",3122079.3
15793883,Lo Duca,798,FRA,Male,28,3,"€ 2,305.27",207474.3
15665283,Brookes,610,French,Female,57,7,"€ 113,228.82",10190593.8
15680421,Challis,591,France,Female,42,10,"€ 171,099.22",15398929.8
15695148,Ibeabuchi,614,Spain,Female,37,9,"€ 62,023.10",5582079
15636592,Iroawuchi,651,FRA,Male,35,0,"€ 36,923.67",3323130.3
15772618,Tyler,665,FRA,Male,25,7,"€ 112,256.57",10103091.3
15724453,Fan,570,FRA,Male,23,2,"€ 198,830.98",17894788.2
15565878,Bates,631,Spain,Male,29,3,"€ 197,963.46",17816711.4
15609160,Marsden,586,French,Male,32,1,"€ 31,635.99",2847239.1
15678460,Dodgshun,691,FRA,Male,30,9,"€ 49,594.02",4463461.8
15662571,Maclean,639,FRA,Male,35,8,"€ 170,483.90",15343551
15606849,Blackall,698,France,Female,27,1,"€ 40,339.90",3630591
15670738,Mazzanti,733,Germany,Male,45,2,"€ 3,218.71",289683.9
15662641,Amadi,850,France,Male,19,8,"€ 68,569.89",6171290.1
15727539,Schoenheimer,618,French,Female,31,4,"€ 29,176.04",2625843.6
15651020,Fiorentino,473,FRA,Female,25,6,"€ 46,758.42",4208257.8
15673877,Murray,490,French,Male,39,1,"€ 171,060.01",15395400.9
15760865,Fan,754,Germany,Female,48,7,"€ 93,550.53",8419547.7
15705009,Cartwright,649,FRA,Female,56,8,"€ 89,405.26",8046473.4
15657540,Cremonesi,578,FRA,Male,50,5,"€ 169,804.40",15282396
15707441,White,690,Spain,Male,26,8,"€ 83,253.05",7492774.5
15694765,Sabbatini,610,Germany,Male,49,6,"€ 195,813.81",17623242.9
15649086,Patterson,596,France,Male,42,7,"€ 121,568.37",10941153.3
15650488,Bromley,492,French,Female,48,6,"€ 92,144.09",8292968.1
15760924,Doherty,575,Spain,Male,41,2,"€ 126,307.25",11367652.5
15700263,Ifeatu,569,French,Male,66,2,"€ 130,784.20",11770578
15806922,Bergamaschi,674,Spain,Female,41,4,"€ 166,694.93",15002543.7
15637522,Shubina,507,France,Female,31,0,"€ 44,001.11",3960099.9
15636548,Lung,457,Spain,Male,44,7,"€ 185,992.36",16739312.4
15566891,Kinder,584,Germany,Female,41,3,"€ 178,997.89",16109810.1
15627185,Terry,744,Germany,Male,29,6,"€ 141,558.04",12740223.6
15754012,Shepherdson,687,France,Female,35,1,"€ 47,921.22",4312909.8
15627514,Short,688,Spain,Female,46,3,"€ 104,902.68",9441241.2
15661433,Zetticci,519,French,Male,34,5,"€ 68,479.60",6163164
15610653,Belov,733,Spain,Female,38,5,"€ 1,271.51",114435.9
15667002,Knight,666,Spain,Male,43,5,"€ 29,346.10",2641149
15709199,Burson,511,Spain,Female,40,1,"€ 184,118.73",16570685.7
15710087,Nicholls,705,Germany,Female,54,3,"€ 96,013.50",8641215
15679884,Hs?eh,544,France,Male,48,10,"€ 103,713.93",9334253.7
15784180,Ku,564,French,Female,36,7,"€ 46,632.87",4196958.3
15808849,T'ien,702,France,Male,40,7,"€ 135,334.24",12180081.6
15751549,H?,658,Germany,Male,31,2,"€ 13,482.28",1213405.2
15588235,Vasilieva,654,France,Female,24,8,"€ 130,075.07",11706756.3
15640418,Omeokachie,649,Germany,Female,41,4,"€ 143,544.48",12919003.2
15721116,Napolitano,597,Spain,Male,24,0,"€ 187,826.11",16904349.9
15599084,Hopwood,782,FRA,Male,33,7,"€ 167,058.75",15035287.5
15773394,Bergamaschi,644,FRA,Male,38,3,"€ 79,928.41",7193556.9
15625713,Lindeman,679,Spain,Female,39,7,"€ 6,075.36",546782.4
15766417,McKinley,678,FRA,Female,60,2,"€ 43,821.56",3943940.4
15622578,Sergeyev,806,France,Male,34,5,"€ 32,125.98",2891338.2
15799924,Sanchez,668,Spain,Male,43,1,"€ 141,679.73",12751175.7
15618363,Muomelu,659,Germany,Male,29,9,"€ 84,133.48",7572013.2
15637138,Murray,660,FRA,Male,34,1,"€ 9,692.58",872332.2
15781665,Ibekwe,601,FRA,Female,37,5,"€ 20,708.60",1863774
15804853,McVey,781,France,Female,48,0,"€ 85,644.06",7707965.4
15651627,White,628,Germany,Male,39,1,"€ 107,674.30",9690687
15680685,Patterson,751,French,Male,30,3,"€ 134,822.05",12133984.5
15808930,Mai,531,France,Female,37,1,"€ 4,606.97",414627.3
15570970,Han,647,FRA,Female,42,9,"€ 51,362.82",4622653.8
15679961,Davidson,708,Spain,Male,46,7,"€ 39,704.14",3573372.6
15705458,Parkin,550,Spain,Male,39,2,"€ 195,638.13",17607431.7
15750396,McKissick,670,French,Male,33,1,"€ 86,413.11",7777179.9
15679928,Horsfall,592,French,Female,31,2,"€ 116,385.24",10474671.6
15711181,Clapp,589,France,Female,50,4,"€ 182,076.97",16386927.3
15698324,Azikiwe,725,France,Female,33,4,"€ 67,879.80",6109182
15807433,Zubarev,570,France,Female,43,9,"€ 11,417.26",1027553.4
15636590,Pisano,575,FRA,Male,46,1,"€ 65,998.26",5939843.4
15628950,Coates,501,Germany,Male,25,6,"€ 114,774.35",10329691.5
15617206,Trentino,431,Germany,Male,42,8,"€ 126,153.24",11353791.6
15603741,MacDonnell,719,Spain,Male,40,4,"€ 176,091.31",15848217.9
15742607,Ermakov,850,Germany,Male,36,7,"€ 87,352.43",7861718.7
15747821,K?,554,Germany,Female,31,6,"€ 107,074.81",9636732.9
15612043,Hammonds,418,France,Male,36,7,"€ 69,157.93",6224213.7
15809558,Peppin,715,Spain,Male,31,7,"€ 149,970.59",13497353.1
15803750,Ball,750,Spain,Female,33,3,"€ 153,288.97",13796007.3
15704681,Yeh,766,Germany,Male,37,2,"€ 147,700.78",13293070.2
15667392,L?,652,Spain,Female,38,6,"€ 188,657.97",16979217.3
15738889,Shih,658,France,Male,42,8,"€ 103,764.55",9338809.5
15598838,Greco,659,France,Female,37,1,"€ 140,934.57",12684111.3
15579109,Napolitano,574,Germany,Male,35,5,"€ 15,118.20",1360638
15799042,Zaytseva,611,France,Male,38,7,"€ 63,202.00",5688180
15697042,Genovesi,738,Spain,Male,35,8,"€ 16,081.62",1447345.8
15696605,Angelo,571,French,Male,49,4,€ 523.00,47070
15802274,Waters,686,French,Female,44,7,"€ 181,757.19",16358147.1
15596808,Maclean,679,Spain,Male,33,4,"€ 1,173.23",105590.7
15705403,Seleznyova,617,Spain,Female,46,3,"€ 86,587.37",7792863.3
15732903,Fontenot,673,French,Male,39,7,"€ 109,545.56",9859100.4
15581968,Reid,745,French,Female,33,1,"€ 174,431.01",15698790.9
15683892,Fraser,677,Germany,Female,26,3,"€ 119,368.99",10743209.1
15595447,Tuan,613,Spain,Male,39,8,"€ 23,315.59",2098403.1
15569249,Howarth,576,FRA,Female,55,6,"€ 67,539.85",6078586.5
15656188,Davis,584,Spain,Female,30,5,"€ 185,201.58",16668142.2
15689661,Gorbunov,663,French,Male,22,6,"€ 131,827.15",11864443.5
15644934,Gentry,466,French,Male,26,9,"€ 10,842.46",975821.4
15721793,Chiu,510,Germany,Female,50,7,"€ 23,768.01",2139120.9
15687413,Sunderland,619,Spain,Female,38,6,"€ 117,616.29",10585466.1
15761286,Fan,696,Germany,Female,66,7,"€ 174,027.30",15662457
15658240,Parry,554,FRA,Female,44,9,"€ 115,091.38",10358224.2
15706232,Niu,595,FRA,Male,52,9,"€ 106,340.66",9570659.4
15583394,Zuyev,659,Germany,Male,39,8,"€ 198,103.32",17829298.8
15715643,Ijendu,662,French,Male,44,8,"€ 175,314.87",15778338.3
15644856,Bird,556,Spain,Male,38,2,"€ 150,679.65",13561168.5
15785488,Palmer,701,Spain,Female,39,9,"€ 110,043.88",9903949.2
15711571,Y?,587,Spain,Male,42,5,"€ 194,890.33",17540129.7
15778604,Nicholson,571,French,Female,47,7,"€ 112,366.98",10113028.2
15751180,Adams,539,French,Female,40,7,"€ 167,289.82",15056083.8
15748360,Cocci,644,Germany,Female,34,10,"€ 182,099.71",16388973.9
15770039,Kuo,572,Germany,Male,39,4,"€ 49,373.97",4443657.3
15685096,Trevisani,753,French,Female,50,4,€ 861.40,77526
15669501,Kuo,706,French,Male,35,5,"€ 81,718.37",7354653.3
15622631,H?,588,FRA,Male,44,8,"€ 49,324.03",4439162.7
15586699,Thomson,825,France,Male,32,9,"€ 9,751.03",877592.7
15702377,Knorr,627,Spain,Male,48,1,"€ 78,899.22",7100929.8
15577170,Manfrin,532,FRA,Male,60,5,"€ 13,889.73",1250075.7
15769451,Hayes,764,French,Female,44,1,"€ 11,467.38",1032064.2
15811877,Shao,700,FRA,Female,36,4,"€ 130,789.15",11771023.5
15648725,Sinclair,660,French,Male,41,3,"€ 108,665.89",9779930.1
15752801,Bradshaw,518,Germany,Male,29,9,"€ 160,303.08",14427277.2
15808175,Castiglione,557,FRA,Female,39,7,"€ 115,287.99",10375919.1
15681342,Hurst,639,FRA,Female,35,1,"€ 139,094.12",12518470.8
15589210,Adamson,557,FRA,Female,24,4,"€ 20,515.72",1846414.8
15696826,James,633,French,Female,32,1,"€ 36,642.65",3297838.5
15614962,Pavlova,623,Spain,Female,50,2,"€ 104,382.11",9394389.9
15689061,Davey,611,FRA,Male,68,5,"€ 146,448.01",13180320.9
15640074,Barrett,666,Spain,Female,47,5,"€ 166,650.90",14998581
15776156,Dolgorukova,521,France,Male,27,4,"€ 164,223.70",14780133
15739548,Johnson,775,France,Male,28,9,"€ 149,331.01",13439790.9
15662854,Manna,681,Germany,Male,48,5,"€ 73,066.72",6576004.8
15687688,Hou,564,Germany,Female,32,10,"€ 15,378.23",1384040.7
15715750,Okeke,646,Germany,Female,44,2,"€ 53,072.49",4776524.1
15571121,Kodilinyechukwu,670,French,Female,50,8,"€ 3,159.15",284323.5
15726466,Esposito,751,FRA,Male,43,1,"€ 125,920.54",11332848.6
15660390,Boyle,544,French,Female,33,6,"€ 124,113.04",11170173.6
15663942,Hsiung,639,FRA,Female,38,5,"€ 93,716.38",8434474.2
15638610,Kennedy,635,Germany,Female,65,5,"€ 155,799.86",14021987.4
15644446,Norton,672,France,Female,28,6,"€ 8,814.69",793322.1
15585892,Zakharov,639,French,Female,35,8,"€ 164,453.98",14800858.2
15609356,Chimaraoke,697,France,Female,25,1,"€ 87,803.32",7902298.8
15803378,Small,850,Spain,Male,44,8,"€ 183,617.32",16525558.8
15599440,McGregor,748,FRA,Female,34,8,"€ 53,584.03",4822562.7
15692408,Brown,463,Spain,Female,35,2,"€ 1,950.93",175583.7
15683168,Frederickson,572,FRA,Female,30,6,"€ 175,025.27",15752274.3
15790254,Wood,741,Spain,Male,50,1,"€ 13,018.96",1171706.4
15767729,Smith,646,Spain,Male,25,5,"€ 42,537.59",3828383.1
15768600,Harris,805,Germany,Male,50,9,"€ 62,989.82",5669083.8
15699839,Hall,637,French,Male,36,2,"€ 71,692.80",6452352
15786237,Pickworth,651,French,Male,28,7,€ 823.96,74156.4
15694530,Porter,672,French,Male,28,4,"€ 169,469.30",15252237
15796813,Storey,493,France,Male,54,3,"€ 150,159.95",13514395.5
15605791,Li,524,Germany,Male,29,9,"€ 32,063.30",2885697
15714087,McGill,624,Germany,Female,45,5,"€ 68,794.15",6191473.5
15711446,Sinclair,569,Spain,Female,51,3,"€ 75,084.96",6757646.4
15588123,Horton,677,FRA,Female,27,2,"€ 114,685.92",10321732.8
15748552,Sal,464,Germany,Male,37,4,"€ 143,665.44",12929889.6
15618410,Murray,718,Germany,Male,26,7,"€ 51,099.56",4598960.4
15672432,Giles,594,France,Female,53,4,"€ 5,408.74",486786.6
15610042,Brown,574,FRA,Male,33,8,"€ 103,006.27",9270564.3
15580914,Okechukwu,478,Spain,Male,48,0,"€ 44,147.95",3973315.5
15583680,White,615,Spain,Male,41,4,"€ 149,278.96",13435106.4
15813718,Kirillova,651,Spain,Male,45,4,"€ 193,009.21",17370828.9
15767264,Lawson,465,Germany,Male,53,1,"€ 74,898.80",6740892
15686461,Sarratt,558,France,Female,56,7,"€ 116,253.10",10462779
15678882,Hay,540,Germany,Male,37,3,"€ 19,374.08",1743667.2
15789611,Lin,568,Germany,Male,46,8,"€ 64,516.80",5806512
15668679,Ozerova,630,FRA,Male,31,0,"€ 34,475.14",3102762.6
15631685,Lambert,523,Germany,Male,60,1,"€ 57,061.71",5135553.9
15655658,Bulgakov,678,French,Female,48,2,"€ 32,301.88",2907169.2
15753591,He,438,FRA,Male,38,2,"€ 136,859.55",12317359.5
15617348,Uchechukwu,544,French,Male,44,1,"€ 69,244.24",6231981.6
15704581,Robertson,595,Germany,Male,34,2,"€ 156,309.52",14067856.8
15738487,Leworthy,678,FRA,Male,26,3,"€ 4,989.33",449039.7
15648069,Onyemachukwu,850,FRA,Female,36,6,"€ 190,194.95",17117545.5
15737627,Rivero,589,Germany,Female,20,2,"€ 3,529.72",317674.8
15731586,Lai,785,Spain,Female,31,2,"€ 81,778.72",7360084.8
15757467,Feng,563,Spain,Male,57,6,"€ 39,297.48",3536773.2
15597709,Hornung,602,FRA,Female,39,6,"€ 176,614.86",15895337.4
15720529,Schiavone,591,France,Male,29,6,"€ 108,684.65",9781618.5
15596797,Barnet,643,Spain,Male,43,1,"€ 145,764.40",13118796
15681755,Dennys,605,France,Female,32,5,"€ 42,135.28",3792175.2
15815271,Ritchie,755,Germany,Male,43,6,"€ 16,929.41",1523646.9
15682860,Lo,769,Spain,Male,38,6,"€ 104,393.78",9395440.2
15621546,Yuriev,620,French,Female,33,9,"€ 192,717.57",17344581.3
15705918,Howarth,725,France,Male,31,8,"€ 59,650.42",5368537.8
15684512,Gibson,818,Germany,Female,72,8,"€ 63,729.72",5735674.8
15671769,Zikoranachidimma,624,France,Female,71,4,"€ 73,679.59",6631163.1
15642934,Mason,669,Germany,Female,35,4,"€ 174,969.92",15747292.8
15594305,Rizzo,712,France,Female,32,1,"€ 1,703.58",153322.2
15789201,Thomson,603,Germany,Female,35,9,"€ 163,181.62",14686345.8
15706762,Ignatyev,597,French,Female,41,4,"€ 52,319.26",4708733.4
15766183,Ferguson,580,Germany,Male,76,2,"€ 51,672.08",4650487.2
15777994,Woods,718,France,Female,39,3,"€ 145,355.11",13081959.9
15568162,Sung,527,Spain,Male,53,8,"€ 51,711.57",4654041.3
15680643,Lo,729,Spain,Female,42,1,"€ 149,535.97",13458237.3
15761854,Burn,746,French,Female,24,4,"€ 94,105.00",8469450
15730793,Russell,699,Germany,Female,54,3,"€ 155,905.79",14031521.1
15692137,Jen,759,French,Female,46,2,"€ 138,380.11",12454209.9
15608595,Lo Duca,748,France,Female,39,3,"€ 97,734.30",8796087
15709459,Oluchi,698,Spain,Female,63,5,"€ 173,576.71",15621903.9
15775750,Yao,686,French,Male,37,9,"€ 27,596.39",2483675.1
15585855,Gould,679,France,Male,40,1,"€ 16,897.19",1520747.1
15752139,Salter,682,Germany,Male,36,5,"€ 36,895.99",3320639.1
15768295,Warner,778,France,Female,34,7,"€ 113,046.81",10174212.9
15766906,Salier,742,French,Female,25,4,"€ 129,933.50",11694015
15725776,Lazar,649,Germany,Male,24,7,"€ 133,091.32",11978218.8
15682576,Onyenachiya,763,France,Male,67,1,"€ 106,282.74",9565446.6
15704081,Findlay,595,Germany,Male,30,9,"€ 57,862.88",5207659.2
15719940,Gibbons,628,Germany,Female,51,10,"€ 12,628.61",1136574.9
15672894,McCawley,625,French,Female,36,8,"€ 198,914.80",17902332
15667451,Taylor,733,France,Male,36,5,"€ 109,127.54",9821478.6
15636767,Yang,665,Spain,Female,32,10,"€ 22,487.45",2023870.5
15571415,Okwudiliolisa,805,Germany,Male,56,6,"€ 46,791.09",4211198.1
15575605,Napolitano,725,France,Male,38,6,"€ 158,697.28",14282755.2
15649160,Vavilov,554,French,Female,38,3,"€ 194,138.36",17472452.4
15615832,Teague,675,Spain,Female,35,8,"€ 35,177.31",3165957.9
15600975,Chiemenam,556,French,Female,54,4,"€ 157,015.50",14131395
15690772,Hughes,635,Spain,Female,48,2,"€ 136,551.25",12289612.5
15565714,Cattaneo,601,France,Male,47,1,"€ 96,517.97",8686617.3
15763108,Davis,600,Germany,Male,53,7,"€ 93,629.66",8426669.4
15723884,Nekrasova,758,Spain,Male,40,3,"€ 96,097.65",8648788.5
15644453,Loggia,606,Germany,Female,41,4,"€ 156,476.36",14082872.4
15655464,Combes,640,French,Female,67,3,"€ 42,964.63",3866816.7
15783883,Onwuka,753,Germany,Female,38,1,"€ 122,021.33",10981919.7
15787693,Kharlamov,559,Spain,Male,38,3,"€ 56,311.39",5068025.1
15664793,Scott,754,Spain,Female,50,7,"€ 150,685.52",13561696.8
15642391,Lettiere,621,Germany,Male,51,4,"€ 177,740.58",15996652.2
15756538,Osonduagwuike,654,France,Female,37,5,"€ 71,492.28",6434305.2
15668830,Wan,650,Spain,Male,24,8,"€ 104,492.83",9404354.7
15796569,Donaldson,831,Spain,Female,44,10,"€ 47,729.33",4295639.7
15677112,Chukwufumnanya,519,FRA,Male,39,2,"€ 97,593.16",8783384.4
15815040,Ma,552,Germany,Female,42,8,"€ 186,869.58",16818262.2
15590434,Alexander,577,Spain,Male,41,4,"€ 135,227.23",12170450.7
15597536,Nkemjika,576,Spain,Male,45,5,"€ 135,244.87",12172038.3
15723989,Carroll,646,FRA,Male,40,5,"€ 179,473.26",16152593.4
15767358,Obioma,711,Germany,Female,45,1,"€ 50,610.62",4554955.8
15594812,Campbell,806,Spain,Female,37,2,"€ 75,232.02",6770881.8
15688210,Sims,670,FRA,Female,39,8,"€ 89,205.54",8028498.6
15681509,McKay,679,Spain,Female,28,9,"€ 61,761.77",5558559.3
15572390,Huang,850,Spain,Female,39,6,"€ 103,921.43",9352928.7
15801441,Campbell,670,Germany,Female,35,2,"€ 198,802.90",17892261
15783859,Boni,733,FRA,Female,24,3,"€ 9,617.24",865551.6
15575243,Gorbunova,764,France,Female,39,1,"€ 187,905.12",16911460.8
15773421,Genovese,673,French,Female,42,4,"€ 121,440.80",10929672
15788776,Landor,588,Germany,Male,49,6,"€ 36,292.94",3266364.6
15765257,Meng,564,Spain,Male,31,5,"€ 20,432.09",1838888.1
15661412,Wardell,715,French,Male,32,8,"€ 187,051.23",16834610.7
15636478,Williams,621,French,Male,31,7,"€ 148,689.13",13382021.7
15603683,Ofodile,796,Spain,Female,23,3,"€ 125,445.80",11290122
15651868,Clark,672,French,Male,34,6,"€ 22,736.06",2046245.4
15815443,Lo,527,Spain,Female,46,10,"€ 54,947.51",4945275.9
15682686,Chukwuemeka,722,France,Female,38,3,"€ 167,984.72",15118624.8
15697460,Lai,596,Germany,Male,34,4,"€ 4,802.27",432204.3
15748432,Arcuri,746,France,Female,32,4,"€ 72,909.75",6561877.5
15698271,Graham,523,FRA,Female,26,4,"€ 185,488.81",16693992.9
15808662,Krylov,624,France,Male,44,3,"€ 88,407.51",7956675.9
15690372,Henry,553,Spain,Male,38,1,"€ 184,544.59",16609013.1
15781875,Jamieson,850,Spain,Male,33,3,"€ 136,539.13",12288521.7
15801473,Moore,599,Germany,Male,33,2,"€ 85,045.92",7654132.8
15704509,Tan,492,French,Male,35,8,"€ 85,421.48",7687933.2
15694666,Thornton,707,Spain,Male,48,8,"€ 119,903.20",10791288
15731166,Macleod,743,FRA,Female,30,1,"€ 138,780.89",12490280.1
15728523,Rizzo,522,France,Male,41,5,"€ 14,789.90",1331091
15788442,Chukwukadibia,681,Spain,Female,57,2,"€ 131,964.66",11876819.4
15689781,Ts'ai,826,French,Female,49,0,"€ 178,709.98",16083898.2
15764226,Lu,630,Germany,Female,28,8,"€ 20,344.84",1831035.6
15809837,Kent,430,Germany,Female,66,6,"€ 172,852.06",15556685.4
15805212,Black,806,France,Female,67,1,"€ 103,945.58",9355102.2
15716082,Chukwubuikem,703,Spain,Male,39,6,"€ 183,656.12",16529050.8
15643056,McMillan,755,Germany,Female,38,1,"€ 10,333.78",930040.2
15654859,Ngozichukwuka,612,Spain,Female,63,2,"€ 122,109.58",10989862.2
15761158,Y?an,719,France,Female,54,7,"€ 125,041.52",11253736.8
15577515,Sung,554,Germany,Female,55,0,"€ 140,003.00",12600270
15723827,Macartney,683,France,Male,30,4,"€ 183,171.47",16485432.3
15646594,Ali,749,French,Male,41,5,"€ 61,128.29",5501546.1
15712877,Morley,724,Spain,Male,36,1,"€ 52,462.25",4721602.5
15598802,Martin,770,Spain,Male,30,8,"€ 50,839.85",4575586.5
15699340,Okorie,680,France,Male,37,4,"€ 61,240.87",5511678.3
15691150,Ku,699,FRA,Female,32,4,"€ 127,429.56",11468660.4
15608688,Andreyeva,442,French,Male,34,4,"€ 68,343.08",6150877.2
15737998,Cheng,529,France,Male,46,8,"€ 126,511.94",11386074.6
15735837,Hsia,574,Spain,Male,36,3,"€ 8,559.66",770369.4
15659100,Lane,605,French,Male,33,9,"€ 147,822.81",13304052.9
15609070,Findlay,515,Germany,Male,45,7,"€ 39,288.11",3535929.9
15650313,Okonkwo,632,Germany,Male,65,6,"€ 85,179.48",7666153.2
15627699,Pirogova,558,France,Male,32,10,"€ 190,019.61",17101764.9
15591010,McDonald,434,Germany,Male,55,8,"€ 96,405.88",8676529.2
15798895,Okonkwo,525,France,Female,59,6,"€ 83,342.73",7500845.7
15745375,Nnanna,640,Germany,Male,23,3,"€ 161,333.13",14519981.7
15775235,Ku,690,FRA,Female,36,6,"€ 81,292.33",7316309.7
15780088,Porter,607,Spain,Male,34,9,"€ 177,747.72",15997294.8
15649379,Somayina,850,France,Female,46,3,"€ 187,980.21",16918218.9
15713983,Mao,780,Germany,Male,34,5,"€ 177,235.21",15951168.9
15709252,Fuller,616,Germany,Female,28,10,"€ 29,835.37",2685183.3
15699238,Craig,618,Spain,Female,40,8,"€ 80,204.38",7218394.2
15732884,Trevisano,676,France,Male,29,7,"€ 189,268.81",17034192.9
15587297,Ruiz,507,French,Male,33,7,"€ 85,411.01",7686990.9
15684722,Fraser,490,FRA,Male,34,5,"€ 154,360.97",13892487.3
15621244,Gallo,678,FRA,Male,36,0,"€ 84,460.18",7601416.2
15744273,Waterhouse,637,Germany,Male,30,6,"€ 65,618.01",5905620.9
15682540,Cremonesi,602,FRA,Female,33,8,"€ 112,928.74",10163586.6
15636521,Feng,744,Spain,Female,30,1,"€ 142,210.94",12798984.6
15785339,H?,640,FRA,Female,50,9,"€ 82,559.77",7430379.3
15638983,Jara,684,FRA,Female,38,5,"€ 127,388.06",11464925.4
15654625,Wilson,495,Germany,Male,39,8,"€ 10,160.23",914420.7
15697310,O'Callaghan,559,Germany,Female,28,3,"€ 64,242.31",5781807.9
15678210,Robson,684,French,Male,38,5,"€ 198,355.28",17851975.2
15575438,Pease,613,France,Male,42,7,"€ 79,323.61",7139124.9
15632789,Maclean,794,FRA,Male,30,8,"€ 24,113.91",2170251.9
15621423,Lavrentyev,736,French,Female,42,7,"€ 41,921.06",3772895.4
15573520,Rhodes,692,Germany,Male,49,6,"€ 107,472.99",9672569.1
15740458,Murphy,703,Spain,Male,36,7,"€ 143,859.66",12947369.4
15762799,Alexander,720,Germany,Male,23,0,"€ 104,120.17",9370815.3
15686885,Nekrasov,777,Germany,Male,44,3,"€ 79,792.30",7181307
15565996,Arnold,653,French,Male,44,8,"€ 154,639.72",13917574.8
15662152,Trevisan,552,FRA,Female,38,9,"€ 57,850.10",5206509
15711742,Mason,708,French,Female,34,4,"€ 62,868.33",5658149.7
15701885,Tucker,647,France,Female,40,9,"€ 92,357.21",8312148.9
15774262,Hobson,597,Germany,Male,52,8,"€ 161,083.53",14497517.7
15567839,Gordon,501,French,Male,42,9,"€ 91,429.74",8228676.6
15644400,Anderson,709,France,Male,44,9,"€ 117,031.20",10532808
15797246,Terry,621,Germany,Female,34,2,"€ 44,857.40",4037166
15778290,Lappin,799,France,Male,70,8,"€ 36,483.52",3283516.8
15708714,Santiago,675,French,Female,33,6,"€ 34,045.61",3064104.9
15586183,Wallace,561,French,Female,35,5,"€ 59,981.62",5398345.8
15761733,King,707,France,Female,42,10,"€ 152,944.39",13764995.1
15773934,Fang,670,French,Male,33,6,"€ 66,979.06",6028115.4
15705343,May,649,Spain,Female,32,7,"€ 28,797.32",2591758.8
15593959,Travis,524,FRA,Male,28,1,"€ 51,670.82",4650373.8
15664615,Nnachetam,689,Germany,Female,30,5,"€ 41,865.72",3767914.8
15671014,Zhdanova,573,Spain,Female,72,8,"€ 96,015.53",8641397.7
15657778,Jefferson,657,France,Male,33,1,"€ 103,914.40",9352296
15585192,Cremonesi,686,Spain,Male,39,10,"€ 89,199.51",8027955.9
15592914,Fang,683,France,Female,29,9,"€ 48,849.89",4396490.1
15770995,Sinclair,753,Germany,Female,47,1,"€ 197,444.69",17770022.1
15570990,Begley,520,Spain,Female,30,4,"€ 145,160.96",13064486.4
15596165,Degtyarev,547,Germany,Male,25,4,"€ 52,309.80",4707882
15788131,Atkins,653,France,Male,47,6,"€ 50,695.93",4562633.7
15800773,Ikenna,648,Spain,Female,28,9,"€ 157,891.11",14210199.9
15690153,Sun,639,France,Female,37,4,"€ 181,850.74",16366566.6
15638989,Lettiere,711,France,Female,25,5,"€ 51,345.39",4621085.1
15623210,Smith,484,Germany,Female,55,8,"€ 137,519.92",12376792.8
15652658,Finch,721,FRA,Male,36,1,"€ 49,653.37",4468803.3
15684440,Monaldo,548,Germany,Male,32,2,"€ 55,867.38",5028064.2
15730287,Ugonna,679,French,Male,41,8,"€ 172,749.40",15547446
15720353,Chiang,553,French,Male,41,1,"€ 90,607.31",8154657.9
15767231,Sun,757,FRA,Male,36,7,"€ 130,861.95",11777575.5
15761554,Blackburn,581,FRA,Male,54,4,"€ 5,558.47",500262.3
15706637,Chang,718,Spain,Male,40,9,"€ 121,537.91",10938411.9
15690492,Palermo,625,France,Male,41,6,"€ 57,128.78",5141590.2
15694237,McEwan,744,Spain,Male,39,4,"€ 19,409.77",1746879.3
15729771,Davide,799,Germany,Male,31,9,"€ 88,604.89",7974440.1
15609823,Chieloka,751,Spain,Female,34,8,€ 479.54,43158.6
15793366,Humphreys,781,Germany,Male,35,7,"€ 173,837.54",15645378.6
15614813,Cocci,777,Germany,Female,46,0,€ 487.30,43857
15566495,Hanson,704,Spain,Female,24,2,"€ 35,600.25",3204022.5
15707602,Macleod,539,FRA,Female,47,2,"€ 166,929.43",15023648.7
15635244,Ritchie,716,FRA,Female,29,6,"€ 98,998.61",8909874.9
15805627,Nebechukwu,670,France,Male,37,2,"€ 54,229.74",4880676.6
15607986,Nnamutaezinwa,555,FRA,Male,40,10,"€ 105,720.09",9514808.1
15799785,Ikemefuna,679,Germany,Female,30,4,"€ 121,151.46",10903631.4
15699963,Scott,571,FRA,Male,38,1,"€ 154,844.22",13935979.8
15624595,Chiang,512,Spain,Female,35,5,"€ 18,785.48",1690693.2
15629750,Artyomova,697,France,Male,35,5,"€ 64,771.61",5829444.9
15651460,Hsieh,424,Spain,Male,34,7,"€ 16,250.61",1462554.9
15753550,Levien,684,FRA,Female,43,7,"€ 131,093.99",11798459.1
15594133,Erskine,697,Spain,Male,62,7,"€ 129,188.18",11626936.2
15772329,Fiorentino,580,Germany,Male,45,8,"€ 47,428.73",4268585.7
15591552,Okonkwo,600,France,Female,32,7,"€ 132,973.21",11967588.9
15750921,Monds,521,FRA,Male,37,5,"€ 84,908.20",7641738
15701687,Campbell,664,Spain,Male,44,7,"€ 57,338.56",5160470.4
15728906,Ibekwe,634,FRA,Male,77,5,"€ 161,579.85",14542186.5
15670029,Marcelo,445,France,Female,33,7,"€ 122,625.68",11036311.2
15763579,Castro,702,Germany,Female,36,2,"€ 52,909.87",4761888.3
15728010,Capon,485,France,Male,37,5,"€ 170,226.47",15320382.3
15663194,Voronova,582,Germany,Female,40,3,"€ 191,757.65",17258188.5
15736510,Loggia,605,Spain,Female,57,2,"€ 66,652.75",5998747.5
15745804,Law,628,France,Male,25,7,"€ 195,977.75",17637997.5
15631451,Grant,604,Spain,Female,28,6,"€ 69,056.26",6215063.4
15746995,Greco,724,Germany,Male,31,9,"€ 12,920.43",1162838.7
15730673,Dietz,567,Germany,Male,40,7,"€ 138,552.74",12469746.6
15734649,Martel,779,Spain,Female,55,0,"€ 22,832.71",2054943.9
15701081,Jarvis,785,France,Male,36,2,"€ 61,811.10",5562999
15632503,Meng,563,FRA,Female,32,0,"€ 191,604.27",17244384.3
15585928,Hay,821,Germany,Female,31,2,"€ 25,445.00",2290050
15648681,Voronoff,747,FRA,Female,47,5,"€ 129,964.56",11696810.4
15747757,Trevascus,600,Germany,Female,58,8,"€ 6,209.51",558855.9
15718921,Ho,625,Spain,Male,32,7,"€ 134,794.02",12131461.8
15571081,Hansen,773,FRA,Female,41,7,"€ 57,549.65",5179468.5
15734578,Craig,726,France,Female,53,1,"€ 28,367.21",2553048.9
15579583,Hall,641,Spain,Female,40,4,"€ 51,703.09",4653278.1
15622729,Sun,649,French,Female,46,2,"€ 66,602.70",5994243
15662189,Durant,434,Spain,Male,33,3,"€ 2,739.71",246573.9
15692718,Jackson,738,FRA,Female,38,7,"€ 69,227.42",6230467.8
15762716,Chigozie,762,Spain,Female,60,10,"€ 31,445.03",2830052.7
15724851,Farmer,507,Germany,Male,31,9,"€ 150,037.19",13503347.1
15587266,Douglas,606,Germany,Female,27,6,"€ 111,448.92",10030402.8
15675926,Ardis,655,Germany,Male,34,7,"€ 51,226.32",4610368.8
15706268,Smith,697,Germany,Male,51,1,"€ 53,581.14",4822302.6
15581871,Butler,504,Germany,Male,42,7,"€ 149,697.78",13472800.2
15666166,Pettry,653,FRA,Female,74,0,"€ 160,348.31",14431347.9
15671582,John,660,Spain,Male,38,6,"€ 154,641.91",13917771.9
15680901,Potter,652,French,Female,34,6,"€ 104,331.76",9389858.4
15642336,Shaw,669,France,Female,42,9,"€ 135,630.32",12206728.8
15653147,Boyle,594,French,Male,35,2,"€ 65,361.66",5882549.4
15571284,Elmore,756,Germany,Male,32,0,"€ 56,176.31",5055867.9
15591360,Udinesi,642,FRA,Female,33,4,"€ 60,059.47",5405352.3
15810485,Sun,486,Germany,Male,37,1,"€ 51,364.56",4622810.4
15611973,Tuan,804,France,Male,55,7,"€ 118,752.60",10687734
15735572,Lawrence,629,France,Male,59,9,"€ 116,848.79",10516391.1
15567860,Burrows,581,Spain,Female,44,7,"€ 45,026.23",4052360.7
15795690,Shao,667,FRA,Male,31,3,"€ 189,657.26",17069153.4
15706464,White,667,Spain,Male,35,4,"€ 57,213.46",5149211.4
15725028,Chialuka,679,France,Male,29,3,"€ 63,687.06",5731835.4
15751167,Toscano,680,FRA,Female,43,4,"€ 58,761.33",5288519.7
15633944,McKay,644,Spain,Male,32,3,"€ 14,187.78",1276900.2
15672637,Voronkov,571,France,Female,30,4,"€ 145,115.95",13060435.5
15680895,Sal,627,Spain,Female,35,7,"€ 187,718.26",16894643.4
15793825,Ikechukwu,536,FRA,Male,39,4,"€ 27,150.35",2443531.5
15611318,Kruglova,599,Spain,Male,33,4,"€ 111,622.76",10046048.4
15768474,Clements,744,Spain,Male,34,3,"€ 27,244.35",2451991.5
15716276,Kennedy,709,FRA,Female,34,2,"€ 57,029.66",5132669.4
15623668,Johnson,653,Germany,Male,31,2,"€ 25,183.01",2266470.9
15696361,Chung,648,Germany,Male,31,7,"€ 129,980.93",11698283.7
15607988,Garland,663,Germany,Female,37,8,"€ 118,716.63",10684496.7
15637891,Docherty,613,Germany,Female,43,4,"€ 20,134.07",1812066.3
15789865,Nnaife,620,France,Male,28,9,"€ 190,208.23",17118740.7
15627190,Lettiere,661,France,Male,51,6,"€ 68,021.90",6121971
15788224,Sanderson,669,Germany,Male,45,1,"€ 110,881.56",9979340.4
15702149,Fomin,767,Germany,Female,33,1,"€ 132,480.75",11923267.5
15708236,Wright,491,French,Female,72,6,"€ 7,032.95",632965.5
15568469,Buckley,653,French,Male,43,0,"€ 27,862.58",2507632.2
15764444,Pan,679,Germany,Male,58,8,"€ 87,008.17",7830735.3
15794204,Manna,687,France,Male,28,7,"€ 27,411.19",2467007.1
15807546,Chinwendu,837,France,Female,38,2,"€ 46,395.21",4175568.9
15782159,Ndubuagha,850,FRA,Male,28,8,"€ 194,245.29",17482076.1
15618703,White,663,Spain,Female,53,6,"€ 151,317.27",13618554.3
15793317,Hale,547,Spain,Female,22,7,"€ 118,142.79",10632851.1
15740487,Ross,627,FRA,Female,41,6,"€ 138,700.75",12483067.5
15722479,Ikenna,707,FRA,Male,37,1,"€ 6,035.51",543195.9
15688264,Nkemdilim,629,French,Female,43,0,"€ 41,263.69",3713732.1
15583067,McMillan,687,FRA,Female,36,4,"€ 63,185.05",5686654.5
15686670,Duke,588,France,Female,36,2,"€ 92,536.00",8328240
15593345,Bradbury,502,Germany,Female,33,6,"€ 158,736.07",14286246.3
15811690,Bayley,793,Germany,Male,54,2,"€ 18,633.40",1677006
15734008,Bartlett,727,Germany,Male,59,5,"€ 71,830.10",6464709
15771856,Cremin,632,Spain,Female,32,1,"€ 19,525.65",1757308.5
15762045,Gilchrist,474,Germany,Female,37,5,"€ 110,953.33",9985799.7
15778142,Shih,850,Germany,Female,31,1,"€ 4,466.21",401958.9
15689268,Fitzpatrick,584,French,Male,36,9,"€ 105,818.51",9523665.9
15721507,Pagan,713,French,Female,32,1,"€ 149,558.83",13460294.7
15750476,Hendrick,742,Spain,Male,24,8,"€ 4,070.28",366325.2
15810723,Sanderson,607,FRA,Female,39,10,"€ 132,741.13",11946701.7
15787229,Samsonova,761,Spain,Female,34,2,"€ 61,251.25",5512612.5
15570508,Azubuike,600,France,Male,49,7,"€ 91,347.76",8221298.4
15617065,Pan,650,Spain,Male,42,4,"€ 171,045.31",15394077.9
15689786,Massie,850,Germany,Male,56,1,"€ 155,850.40",14026536
15648876,Sandover,501,France,Female,34,5,"€ 27,380.99",2464289.1
15802106,Craig,418,France,Male,34,8,"€ 154,208.96",13878806.4
15773869,Onwudiwe,797,Spain,Male,59,4,"€ 93,624.55",8426209.5
15711635,Chu,788,Germany,Female,42,6,"€ 64,746.07",5827146.3
15795527,Zetticci,699,Spain,Male,43,2,"€ 82,815.93",7453433.7
15759133,Vaguine,616,France,Male,18,6,"€ 27,308.58",2457772.2
15679394,Owen,651,France,Female,41,4,"€ 104,876.80",9438912
15801072,Hurst,654,French,Female,28,7,"€ 151,316.37",13618473.3
15646082,Harding,676,FRA,Female,34,8,"€ 91,817.38",8263564.2
15796111,Smith,708,Germany,Female,54,8,"€ 125,311.17",11278005.3
15670646,Moore,499,Spain,Female,42,0,"€ 14,868.94",1338204.6
15578722,Bradley,689,FRA,Male,39,4,"€ 196,112.45",17650120.5
15815095,Burfitt,850,Spain,Male,54,7,"€ 24,093.40",2168406
15730360,Mackenzie,502,French,Male,30,4,"€ 66,263.87",5963748.3
15763194,Milanesi,643,French,Male,34,7,"€ 100,304.13",9027371.7
15720725,Shubin,762,FRA,Male,28,2,"€ 167,909.52",15111856.8
15567834,Nieves,719,FRA,Male,49,5,"€ 16,246.59",1462193.1
15720644,Martin,789,French,Male,27,6,"€ 103,603.65",9324328.5
15811742,Jen,553,Spain,Male,42,7,"€ 7,680.23",691220.7
15813363,Woods,448,Spain,Male,25,2,"€ 95,215.73",8569415.7
15717629,Docherty,632,Germany,Male,42,6,"€ 148,172.94",13335564.6
15713160,Lin,669,Spain,Male,25,7,"€ 124,382.90",11194461
15568878,Cheng,654,Spain,Male,34,5,"€ 159,311.46",14338031.4
15809800,Korovina,726,France,Female,38,4,"€ 6,787.48",610873.2
15736420,Macdonald,596,France,Male,21,4,"€ 197,297.77",17756799.3
15757933,Hardy,733,Germany,Female,30,1,"€ 21,556.95",1940125.5
15623072,Shaw,529,Spain,Female,35,5,"€ 56,518.00",5086620
15683993,Knight,493,France,Female,37,8,"€ 158,840.99",14295689.1
15570947,Bruny,615,Spain,Female,29,7,"€ 126,396.01",11375640.9
15797767,Ikedinachukwu,600,France,Female,49,6,"€ 148,087.88",13327909.2
15731989,Moran,666,French,Male,36,4,"€ 33,701.50",3033135
15591035,Macleod,644,Spain,Male,54,6,"€ 84,622.37",7616013.3
15586479,Yin,692,French,Female,36,4,"€ 185,580.89",16702280.1
15605872,Felix,707,French,Male,73,6,"€ 62,768.80",5649192
15666012,Rippey,603,French,Male,40,4,"€ 38,829.11",3494619.9
15641733,Mishina,671,FRA,Female,34,5,"€ 110,748.88",9967399.2
15593178,Graham,568,Spain,Female,36,10,"€ 54,083.80",4867542
15649183,Johnston,598,Spain,Female,35,8,"€ 88,658.73",7979285.7
15736399,Korovin,606,Spain,Male,42,10,"€ 177,938.52",16014466.8
15751137,Lei,850,Germany,Female,36,3,"€ 174,235.06",15681155.4
15757188,Chimaijem,644,Spain,Female,26,4,"€ 82,696.84",7442715.6
15726167,Scott,655,French,Male,37,4,"€ 142,415.97",12817437.3
15624850,Grant,850,FRA,Male,30,10,"€ 62,811.03",5652992.7
15717700,McIntyre,683,Spain,Male,34,9,"€ 25,339.29",2280536.1
15716347,Griffin,663,Germany,Male,37,7,"€ 176,487.05",15883834.5
15696287,Converse,682,Germany,Female,38,1,"€ 49,833.50",4485015
15638871,Ch'ang,639,FRA,Male,77,6,"€ 55,829.25",5024632.5
15765093,Coates,704,French,Male,23,6,"€ 155,823.20",14024088
15592999,Reid,691,FRA,Female,40,0,"€ 60,622.61",5456034.9
15641715,Ts'ui,599,French,Male,34,8,"€ 174,196.68",15677701.2
15607746,Belstead,573,FRA,Female,36,1,"€ 56,905.38",5121484.2
15625311,Dickinson,589,Germany,Female,41,7,"€ 101,178.85",9106096.5
15573077,Nwora,620,Germany,Female,25,8,"€ 73,857.94",6647214.6
15735106,Bishop,647,Spain,Male,28,6,"€ 102,325.19",9209267.1
15672912,Loggia,737,Spain,Female,39,7,"€ 55,356.39",4982075.1
15589881,Rowe,634,French,Female,41,7,"€ 131,284.93",11815643.7
15660144,Balashov,660,FRA,Male,38,4,"€ 88,080.43",7927238.7
15664083,Ulyanova,666,Germany,Female,37,2,"€ 93,266.01",8393940.9
15690898,Bogolyubova,696,FRA,Male,44,8,"€ 75,562.47",6800622.3
15808023,Remington,836,FRA,Female,29,9,"€ 153,747.73",13837295.7
15676909,Mishin,667,Spain,Female,34,5,"€ 163,830.64",14744757.6
15764922,Tu,596,Spain,Male,20,3,"€ 103,456.47",9311082.3
15766734,Castiglione,430,French,Male,31,5,"€ 95,655.16",8608964.4
15795079,Nnaife,596,Spain,Male,67,6,"€ 138,350.74",12451566.6
15757434,Yang,599,FRA,Male,28,7,"€ 31,190.42",2807137.8
15673747,Ayers,519,French,Female,22,8,"€ 167,553.06",15079775.4
15808386,Cocci,721,Germany,Female,45,7,"€ 59,604.45",5364400.5
15603565,Mackenzie,603,Spain,Female,56,5,"€ 162,223.67",14600130.3
15744044,Fiorentini,572,Germany,Male,47,4,"€ 196,549.85",17689486.5
15577771,Akabueze,453,Germany,Female,40,1,"€ 120,373.84",10833645.6
15769548,Hyde,668,France,Female,37,7,"€ 92,149.64",8293467.6
15802071,Levi,762,Germany,Male,35,1,"€ 178,361.48",16052533.2
15677395,Nwabugwu,633,FRA,Female,39,9,"€ 170,998.83",15389894.7
15632010,Chia,647,Spain,Male,33,7,"€ 77,216.48",6949483.2
15779492,Trevisano,796,Spain,Male,56,6,"€ 121,164.60",10904814
15694677,Bennetts,733,FRA,Male,39,1,"€ 141,841.31",12765717.9
15704315,Teng,556,FRA,Male,34,8,"€ 104,000.06",9360005.4
15742009,Hsueh,489,Spain,Male,58,4,"€ 191,419.32",17227738.8
15766663,Mahmood,639,French,Male,22,4,"€ 28,188.96",2537006.4
15742297,Sinclair,715,FRA,Male,35,2,"€ 60,407.93",5436713.7
15688059,Chin,807,Germany,Female,42,9,"€ 130,489.37",11744043.3
15752344,She,714,Spain,Male,34,5,"€ 193,040.32",17373628.8
15698749,He,626,Germany,Female,23,6,"€ 109,742.80",9876852
15631693,Hill,697,France,Male,36,7,"€ 74,760.32",6728428.8
15604536,Vachon,850,Germany,Female,31,4,"€ 61,936.10",5574249
15802869,Ball,737,Germany,Female,45,2,"€ 78,650.95",7078585.5
15635598,Hsieh,812,French,Male,29,6,"€ 168,023.60",15122124
15592326,Baker,583,France,Male,36,8,"€ 5,571.59",501443.1
15736533,Monaldo,730,Germany,Female,37,5,"€ 118,591.67",10673250.3
15647191,Lucchesi,677,France,Male,36,4,"€ 7,824.31",704187.9
15622507,Hamilton,748,Germany,Female,40,3,"€ 38,153.19",3433787.1
15765487,Kuo,753,Germany,Female,38,9,"€ 180,829.99",16274699.1
15646521,Fan,634,Spain,Female,36,1,"€ 143,960.72",12956464.8
15746258,Wright,622,FRA,Male,29,7,"€ 8,788.35",790951.5
15692430,Milano,699,Germany,Male,36,2,"€ 103,557.85",9320206.5
15625501,Wall,570,Germany,Male,38,1,"€ 147,168.28",13245145.2
15640521,Chidumaga,552,Germany,Male,33,3,"€ 58,844.84",5296035.6
15790630,Olisaemeka,619,France,Female,48,4,"€ 18,094.96",1628546.4
15664720,Kovalyova,714,Spain,Male,33,8,"€ 162,515.17",14626365.3
15750055,Onio,503,Spain,Male,32,9,"€ 157,921.25",14212912.5
15644878,Hill,685,Spain,Female,43,6,"€ 68,701.73",6183155.7
15754578,Okeke,606,France,Female,35,0,"€ 186,778.89",16810100.1
15705379,Upjohn,678,France,Male,38,3,"€ 66,561.60",5990544
15761047,H?,724,Germany,Male,31,2,"€ 64,831.36",5834822.4
15671293,Marcus,779,Germany,Female,37,2,"€ 6,589.16",593024.4
15687527,Yobachukwu,638,Spain,Male,35,1,"€ 165,370.66",14883359.4
15647898,Russell,610,Spain,Female,50,5,"€ 184,758.17",16628235.3
15671534,Hovell,646,Germany,Female,57,6,"€ 13,911.27",1252014.3
15591248,Chukwumaobim,628,FRA,Female,29,9,"€ 34,857.46",3137171.4
15676156,Boyle,528,FRA,Female,32,4,"€ 156,192.43",14057318.7
15812918,Scott,432,French,Female,27,6,"€ 53,874.67",4848720.3
15604130,Johnstone,622,Spain,Female,47,6,"€ 100,183.05",9016474.5
15700549,Alvares,721,FRA,Male,54,5,"€ 4,493.12",404380.8
15715519,McDavid,614,Spain,Male,36,5,"€ 130,610.78",11754970.2
15707042,Dellucci,634,France,Female,24,2,"€ 63,340.65",5700658.5
15605276,Brothers,742,FRA,Female,29,4,"€ 180,066.59",16205993.1
15630592,Sanders,516,French,Female,45,4,"€ 95,273.73",8574635.7
15636626,Morrison,718,French,Male,35,3,"€ 53,511.74",4816056.6
15740411,Molle,636,Germany,Male,30,8,"€ 109,685.61",9871704.9
15593834,Genovese,691,Spain,Male,36,7,"€ 75,664.56",6809810.4
15804235,Zetticci,698,FRA,Female,37,2,"€ 71,972.95",6477565.5
15679801,Hsueh,712,Spain,Female,39,5,"€ 23,702.42",2133217.8
15673907,Alexander,659,France,Male,20,8,"€ 112,572.02",10131481.8
15636562,Muravyova,573,Spain,Male,44,8,"€ 62,424.46",5618201.4
15702571,Wright,778,Germany,Female,35,1,"€ 131,238.37",11811453.3
15627365,Calabresi,732,France,Male,46,0,"€ 184,350.78",16591570.2
15748499,Johnson,550,Germany,Male,33,4,"€ 13,999.64",1259967.6
15598614,Lucchesi,790,Spain,Male,20,8,"€ 168,152.76",15133748.4
15668889,Galgano,665,Germany,Female,43,2,"€ 35,640.12",3207610.8
15800049,Grigoryeva,728,Spain,Female,43,5,"€ 120,088.17",10807935.3
15583724,Raymond,645,Spain,Female,29,4,"€ 74,346.11",6691149.9
15622083,Paterson,647,Germany,Male,30,6,"€ 2,955.46",265991.4
15645571,Genovese,596,Spain,Male,32,4,"€ 146,504.35",13185391.5
15598266,Martin,610,French,Male,40,9,"€ 149,602.54",13464228.6
15667934,Moretti,512,FRA,Male,36,0,"€ 53,020.90",4771881
15569682,Leckie,768,Germany,Male,37,9,"€ 41,788.25",3760942.5
15772941,Lane,666,Germany,Male,30,3,"€ 74,849.46",6736451.4
15586174,Brodney,700,Germany,Female,30,4,"€ 134,417.31",12097557.9
15803682,Angelo,651,Germany,Female,37,10,"€ 75,837.58",6825382.2
15627328,Millar,542,Spain,Female,26,2,"€ 54,869.54",4938258.6
15717065,Balashov,686,French,Female,35,8,"€ 35,356.46",3182081.4
15602456,Afanasyev,850,Germany,Female,47,4,"€ 122,141.13",10992701.7
15721569,Chialuka,658,Germany,Female,55,8,"€ 119,439.66",10749569.4
15573798,Yermolayev,448,France,Female,36,6,"€ 81,999.53",7379957.7
15638272,Tien,609,Spain,Male,32,4,"€ 120,594.85",10853536.5
15799859,Lucchesi,704,France,Male,50,4,"€ 120,770.75",10869367.5
15599152,Lai,698,FRA,Male,31,1,"€ 134,790.74",12131166.6
15737909,Bates,759,French,Male,44,2,"€ 100,137.70",9012393
15646190,Saunders,677,FRA,Female,56,0,"€ 158,325.87",14249328.3
15711249,Chukwuemeka,544,Spain,Male,22,4,"€ 70,007.67",6300690.3
15671987,Meagher,567,Spain,Male,35,8,"€ 88,659.07",7979316.3
15812766,Golubeva,490,Spain,Male,40,6,"€ 190,889.13",17180021.7
15778589,Collier,626,France,Male,34,7,"€ 56,646.28",5098165.2
15750104,Chan,718,Germany,Male,43,5,"€ 32,999.10",2969919
15784526,Chen,616,FRA,Male,44,5,"€ 178,235.37",16041183.3
15646563,Wright,772,France,Female,35,9,"€ 25,448.31",2290347.9
15744423,Cocci,561,FRA,Male,32,5,"€ 84,871.99",7638479.1
15593694,Williams,814,France,Male,49,8,"€ 157,822.54",14204028.6
15785367,McGuffog,651,French,Female,56,4,"€ 84,383.22",7594489.8
15687765,Chukwujamuike,538,Germany,Female,42,4,"€ 119,216.46",10729481.4
15789014,Scott,600,France,Female,26,6,"€ 82,547.01",7429230.9
15703177,Bell,654,France,Female,35,2,"€ 86,764.46",7808801.4
15660263,Olisaemeka,622,France,Male,40,4,"€ 197,372.13",17763491.7
15776545,Napolitani,682,France,Male,28,10,"€ 82,872.64",7458537.6
15683276,Sargood,610,Spain,Female,37,10,"€ 129,563.86",11660747.4
15599272,Harrington,795,French,Female,36,1,"€ 135,388.89",12185000.1
15589541,Sutherland,557,FRA,Female,27,2,"€ 4,497.55",404779.5
15608804,Allan,824,Germany,Male,49,8,"€ 67,885.37",6109683.3
15645820,Folliero,698,FRA,Male,27,7,"€ 111,471.55",10032439.5
15659031,Mordvinova,630,French,Female,36,8,"€ 134,407.93",12096713.7
15790113,Schofield,609,Germany,Female,71,6,"€ 108,258.22",9743239.8
15652289,Williams,694,French,Male,47,4,"€ 197,528.62",17777575.8
15605341,Baird,681,France,Female,58,8,"€ 139,761.25",12578512.5
15697844,Whitehouse,721,Spain,Female,32,10,"€ 136,119.96",12250796.4
15652048,Thompson,563,Germany,Male,44,7,"€ 197,812.16",17803094.4
15587038,Ogochukwu,654,Spain,Female,32,2,"€ 51,972.92",4677562.8
15660528,Niu,659,Spain,Male,27,4,"€ 99,341.87",8940768.3
15700300,Okoli,674,Germany,Female,44,4,"€ 171,345.02",15421051.8
15642001,Lorenzen,576,Germany,Male,44,9,"€ 119,056.68",10715101.2
15580366,Okechukwu,566,Germany,Male,54,4,"€ 172,601.62",15534145.8
15657228,Anderson,545,Germany,Male,37,9,"€ 104,936.88",9444319.2
15729377,Ku,798,French,Male,36,1,"€ 159,044.10",14313969
15686913,Kung,757,France,Male,38,0,"€ 83,263.06",7493675.4
15631267,Lu,641,French,Male,50,6,"€ 130,910.78",11781970.2
15632275,Trevisano,718,France,Male,29,2,"€ 126,336.72",11370304.8
15715907,Onwubiko,699,French,Male,64,9,"€ 27,980.80",2518272
15764841,Vidler,623,FRA,Female,35,0,"€ 47,880.71",4309263.9
15748649,Shen,644,French,Male,40,8,"€ 73,882.49",6649424.1
15771409,McGregor,586,France,Male,58,7,"€ 162,960.05",14666404.5
15779207,Nnamdi,500,Germany,Male,30,2,"€ 68,807.47",6192672.3
15814116,Castiglione,583,FRA,Female,42,7,"€ 144,039.05",12963514.5
15665087,Bergamaschi,595,Germany,Female,26,8,"€ 151,192.18",13607296.2
15611189,Allingham,670,Spain,Male,43,1,"€ 120,225.62",10820305.8
15729718,Stelzer,610,FRA,Male,41,6,"€ 56,118.81",5050692.9
15733602,Rubin,814,Spain,Female,72,2,"€ 130,853.03",11776772.7
15620103,Ho,660,FRA,Female,40,8,"€ 185,156.94",16664124.6
15770406,Watson,580,Germany,Male,35,9,"€ 35,671.45",3210430.5
15800554,Perry,850,FRA,Female,81,1,"€ 59,568.24",5361141.6
15611409,Sun,676,Spain,Male,35,0,"€ 139,911.58",12592042.2
15646535,Harrell,578,FRA,Male,46,5,"€ 56,770.76",5109368.4
15575430,Robson,579,French,Female,33,1,"€ 157,564.75",14180827.5
15711299,Wilson,711,Germany,Female,52,8,"€ 131,473.31",11832597.9
15642063,Kelechi,692,French,Male,40,6,"€ 90,424.09",8138168.1
15706602,Bates,760,Spain,Female,33,1,"€ 156,660.21",14099418.9
15592773,Eberegbulam,630,Germany,Female,51,0,"€ 88,372.69",7953542.1
15786539,Olisaemeka,808,French,Male,32,1,"€ 46,200.71",4158063.9
15737542,Davey,611,Germany,Female,36,10,"€ 160,548.12",14449330.8
15590234,De Luca,697,France,Female,42,1,"€ 1,262.83",113654.7
15773776,Ho,655,French,Female,38,6,"€ 188,639.28",16977535.2
15728082,Vasiliev,601,Spain,Male,28,6,"€ 14,665.28",1319875.2
15609987,Smith,755,France,Male,42,2,"€ 156,868.21",14118138.9
15735330,Sung,553,France,Male,37,1,"€ 30,461.55",2741539.5
15649430,White,723,FRA,Male,28,4,"€ 123,885.88",11149729.2
15768777,Wang,507,Spain,Female,34,4,"€ 60,688.38",5461954.2
15777893,Davide,777,France,Male,43,1,"€ 21,785.91",1960731.9
15791326,Nnamdi,566,FRA,Male,34,3,"€ 188,135.69",16932212.1
15615176,Welsh,732,FRA,Male,26,7,"€ 154,364.66",13892819.4
15735221,Sousa,697,FRA,Female,42,10,"€ 61,312.15",5518093.5
15617991,Andrews,555,French,Male,29,4,"€ 47,454.93",4270943.7
15658504,Chiawuotu,584,Germany,Female,62,9,"€ 121,102.90",10899261
15785705,Thomson,705,Germany,Female,44,10,"€ 137,419.87",12367788.3
15801817,Carpenter,688,French,Female,38,7,"€ 157,664.02",14189761.8
15752578,Yefimova,626,French,Female,37,2,"€ 148,689.65",13382068.5
15781574,Ma,636,Spain,Male,76,9,"€ 39,789.62",3581065.8
15792107,Black,719,Spain,Female,35,8,"€ 165,162.40",14864616
15569917,Obijiaku,706,Spain,Male,30,6,"€ 137,674.55",12390709.5
15721504,King,731,Spain,Male,41,3,"€ 101,371.72",9123454.8
15757306,Miller,738,Spain,Male,49,3,"€ 65,066.48",5855983.2
15647295,Chin,426,France,Male,34,9,"€ 107,876.91",9708921.9
15642098,Cox,622,Spain,Female,36,0,"€ 111,180.30",10006227
15696120,Wallace,701,Spain,Female,30,2,"€ 115,650.63",10408556.7
15675176,Price,512,French,Male,51,6,"€ 165,035.17",14853165.3
15700046,Yuan,635,FRA,Male,41,4,"€ 193,746.55",17437189.5
15782089,Mullen,685,FRA,Male,33,6,"€ 58,458.26",5261243.4
15706394,Howell,609,FRA,Male,53,7,"€ 52,332.85",4709956.5
15759387,McIntosh,598,Germany,Male,38,1,"€ 75,959.10",6836319
15623369,Clifton,708,France,Male,52,10,€ 123.07,11076.3
15732943,Okwuoma,574,Spain,Male,36,4,"€ 167,066.95",15036025.5
15750545,Chidiebere,629,French,Male,44,5,"€ 117,572.59",10581533.1
15809909,Fan,422,Spain,Female,54,4,"€ 7,166.71",645003.9
15642448,Onyemauchechukwu,656,Spain,Male,28,8,"€ 137,173.39",12345605.1
15791944,Harker,697,France,Male,32,7,"€ 116,442.42",10479817.8
15768342,Bolton,718,FRA,Male,52,8,"€ 32,421.32",2917918.8
15567919,Lazarev,586,Germany,Male,37,8,"€ 104,665.79",9419921.1
15674750,Alexeyeva,481,Spain,Female,37,8,"€ 44,215.86",3979427.4
15778345,Stevens,749,French,Female,33,1,"€ 20,164.47",1814802.3
15687634,Glover,561,Germany,Male,49,5,"€ 26,691.31",2402217.9
15666096,Ibekwe,676,Spain,Male,27,4,"€ 107,955.67",9716010.3
15581700,Paterson,615,Germany,Male,43,3,"€ 150,048.37",13504353.3
15656417,Marsh,582,French,Female,39,1,"€ 192,255.15",17302963.5
15649101,Reeves,601,FRA,Male,40,10,"€ 173,245.68",15592111.2
15781975,Rees,708,FRA,Male,34,3,"€ 121,457.88",10931209.2
15700511,Hanson,708,Germany,Male,42,9,"€ 104,804.74",9432426.6
15770255,Onwughara,797,Germany,Female,33,10,"€ 69,767.14",6279042.6
15643574,Odinakachukwu,682,French,Male,26,8,"€ 178,373.43",16053608.7
15595010,Huang,694,Spain,Female,39,9,"€ 99,924.04",8993163.6
15580579,Trevisani,490,French,Female,40,1,"€ 49,594.19",4463477.1
15748532,Dale,828,Spain,Male,42,10,"€ 186,071.14",16746402.6
15773789,Pavlova,594,Spain,Female,38,7,"€ 77,511.45",6976030.5
15600027,Meng,579,Spain,Male,33,1,"€ 54,816.57",4933491.3
15620832,Dean,723,French,Female,35,0,"€ 61,290.99",5516189.1
15568819,Chiganu,619,Germany,Female,42,8,"€ 191,821.35",17263921.5
15748691,Lung,794,Spain,Female,30,1,"€ 156,768.45",14109160.5
15583552,Donaldson,674,Germany,Male,44,3,"€ 73,731.32",6635818.8
15588019,Li Fonti,418,FRA,Male,28,7,"€ 122,190.22",10997119.8
15713250,Izmailova,502,France,Male,33,8,"€ 123,509.01",11115810.9
15569595,Walker,678,France,Female,50,6,"€ 8,199.50",737955
15794868,Nnonso,599,Germany,Male,40,10,"€ 14,113.11",1270179.9
15576680,Stevenson,736,France,Male,29,4,"€ 51,705.01",4653450.9
15613699,Schnaars,430,FRA,Female,60,7,"€ 161,937.62",14574385.8
15609758,Geoghegan,537,France,Female,45,7,"€ 120,892.96",10880366.4
15762392,Ilyina,683,Spain,Male,30,1,"€ 65,035.02",5853151.8
15693382,Muir,828,France,Male,31,9,"€ 164,257.37",14783163.3
15791769,Gardener,691,French,Female,29,9,"€ 51,987.99",4678919.1
15712483,Chidi,608,Spain,Female,28,4,"€ 10,899.63",980966.7
15636454,Fu,691,FRA,Female,60,6,"€ 177,355.80",15962022
15710138,Sun,718,Spain,Male,39,6,"€ 63,889.10",5750019
15571571,Ting,680,Germany,Female,31,3,"€ 176,433.60",15879024
15638751,Ashton,838,Spain,Female,41,5,"€ 81,313.51",7318215.9
15598574,Uwakwe,695,Spain,Female,31,5,"€ 13,998.88",1259899.2
15796787,Vassiliev,681,French,Male,46,0,"€ 5,771.56",519440.4
15615670,Kazakova,762,FRA,Male,36,5,"€ 42,693.65",3842428.5
15705506,Perry,751,Spain,Male,38,7,"€ 90,839.61",8175564.9
15599535,Howell,678,Spain,Male,28,5,"€ 54,144.01",4872960.9
15768449,Ricci,634,France,Female,37,7,"€ 184,312.88",16588159.2
15725002,Smith,749,French,Male,37,7,"€ 20,306.79",1827611.1
15611682,Rossi,590,Spain,Male,37,6,"€ 128,256.18",11543056.2
15749964,Jones,610,France,Female,27,4,"€ 182,720.07",16444806.3
15678779,Quezada,502,France,Male,33,7,"€ 4,082.52",367426.8
15752601,McCulloch,578,France,Female,40,7,"€ 102,233.73",9201035.7
15758477,Tobeolisa,547,France,Female,32,2,"€ 132,002.83",11880254.7
15629133,Black,579,FRA,Female,27,9,"€ 126,838.70",11415483
15604963,Fraser,661,French,Male,39,5,"€ 181,461.46",16331531.4
15796413,Green,794,FRA,Male,46,6,"€ 195,325.74",17579316.6
15812470,Allan,719,FRA,Male,61,5,"€ 29,132.43",2621918.7
15587443,Akudinobi,728,France,Female,69,1,"€ 131,804.86",11862437.4
15689692,Walker,598,Germany,Male,19,3,"€ 173,784.04",15640563.6
15779586,Olisaemeka,822,Germany,Female,46,3,"€ 26,249.86",2362487.4
15667588,Arcuri,670,Spain,Female,40,3,"€ 182,650.15",16438513.5
15624423,Liu,850,France,Male,28,8,"€ 196,582.55",17692429.5
15591107,Flemming,723,Germany,Female,68,3,"€ 141,977.54",12777978.6
15748986,Bischof,705,Germany,Male,42,8,"€ 55,313.51",4978215.9
15793896,John,677,Spain,Male,40,7,"€ 62,944.75",5665027.5
15620570,Sinnett,736,FRA,Male,43,4,"€ 72,375.03",6513752.7
15727811,Ts'ui,661,Germany,Female,47,0,"€ 188,324.01",16949160.9
15707681,Pokrovsky,501,Germany,Male,38,9,"€ 133,403.07",12006276.3
15702030,Azarov,516,FRA,Female,29,2,"€ 157,378.50",14164065
15673238,McCarthy,517,Germany,Female,59,8,"€ 101,240.08",9111607.2
15604196,Simpson,766,France,Male,32,6,"€ 102,502.50",9225225
15769356,Stevenson,520,Germany,Female,23,3,"€ 37,577.66",3381989.4
15665590,Moore,541,France,Male,46,6,"€ 83,456.67",7511100.3
15572361,Chill,790,Germany,Female,34,2,"€ 199,420.41",17947836.9
15667460,Moore,797,France,Male,31,9,"€ 24,748.89",2227400.1
15654760,Su,811,French,Male,40,1,"€ 121,765.00",10958850
15632669,Rees,722,Spain,Female,32,4,"€ 113,666.48",10229983.2
15613673,Lung,675,France,Male,28,9,"€ 134,110.93",12069983.7
15698522,Thomas,660,Germany,Male,39,9,"€ 183,095.87",16478628.3
15741633,Fuller,566,Spain,Male,32,10,"€ 159,891.03",14390192.7
15674583,Trevisani,768,FRA,Male,25,0,"€ 8,316.19",748457.1
15665374,Dumolo,610,Spain,Female,31,5,"€ 63,736.36",5736272.4
15588854,Wu,715,FRA,Female,31,3,"€ 94,715.24",8524371.6
15810716,Kerr,750,Germany,Male,42,8,"€ 68,695.38",6182584.2
15776921,Geoghegan,431,Germany,Male,45,5,"€ 36,899.62",3320965.8
15569394,Bailey,704,FRA,Male,24,2,"€ 182,775.08",16449757.2
15788215,Hsia,535,Spain,Female,30,5,"€ 62,390.59",5615153.1
15641007,Holden,614,French,Female,38,4,"€ 76,042.48",6843823.2
15594651,Milani,748,French,Male,38,4,"€ 70,956.75",6386107.5
15575146,Jamieson,492,Germany,Male,51,8,"€ 67,311.12",6058000.8
15608916,Ndubueze,573,French,Male,40,7,"€ 110,454.46",9940901.4
15666297,Abramova,706,Spain,Female,53,3,"€ 88,479.02",7963111.8
15598586,Wetherspoon,680,France,Male,31,10,"€ 122,639.73",11037575.7
15665014,Middleton,458,Spain,Male,36,5,"€ 79,723.78",7175140.2
15701738,Arcuri,612,Germany,Male,44,2,"€ 97,677.52",8790976.8
15650591,Calabrese,809,Germany,Male,50,10,"€ 100,720.02",9064801.8
15652667,Hampton,590,FRA,Male,39,9,"€ 104,730.52",9425746.8
15679622,Clayton,602,France,Male,35,8,"€ 22,499.29",2024936.1
15730150,Otutodilichukwu,540,Spain,Male,37,0,"€ 28,257.89",2543210.1
15813192,Chukwuemeka,494,FRA,Male,25,6,"€ 109,988.09",9898928.1
15606554,Douglas,797,France,Male,29,1,"€ 149,991.32",13499218.8
15611794,Galloway,526,Germany,Male,61,6,"€ 45,180.80",4066272
15672357,Sochima,631,Spain,Male,38,7,"€ 181,605.85",16344526.5
15711759,Wilkins,576,FRA,Female,29,5,"€ 126,469.09",11382218.1
15615296,Rice,405,French,Male,39,10,"€ 160,810.85",14472976.5
15699294,Pope,555,FRA,Male,30,1,"€ 88,146.86",7933217.4
15788634,Romani,750,Spain,Female,37,2,"€ 88,333.74",7950036.6
15660871,Ch'ang,665,FRA,Male,28,8,"€ 90,174.83",8115734.7
15618258,Chizuoke,640,Spain,Male,37,5,"€ 81,298.09",7316828.1
15722535,Ireland,457,France,Female,33,7,"€ 60,013.17",5401185.3
15711977,Finch,695,FRA,Male,36,4,"€ 100,940.91",9084681.9
15690169,Meng,645,France,Male,31,7,"€ 12,599.94",1133994.6
15790689,Hibbins,647,Spain,Male,32,9,"€ 128,590.73",11573165.7
15665181,Chung,808,Spain,Male,25,7,"€ 23,180.37",2086233.3
15633608,Black,641,France,Male,33,2,"€ 55,796.83",5021714.7
15805261,Balashov,700,Spain,Male,29,8,"€ 152,097.02",13688731.8
15740356,Palmer,660,Germany,Male,26,4,"€ 162,443.05",14619874.5
15808223,Lea,615,Spain,Male,41,1,"€ 55,551.26",4999613.4
15769980,Singleton,705,Germany,Female,40,3,"€ 109,496.69",9854702.1
15675450,Burt,718,FRA,Male,48,9,"€ 72,105.63",6489506.7
15776494,Siciliano,754,France,Male,61,5,"€ 41,815.22",3763369.8
15592412,Sun,713,Germany,Male,45,4,"€ 74,005.04",6660453.6
15777452,Sauve,587,French,Female,46,6,"€ 70,224.34",6320190.6
15692258,Thompson,569,Spain,Male,31,1,"€ 145,528.22",13097539.8
15791045,Boni,568,FRA,Female,38,3,"€ 124,486.28",11203765.2
15807889,Wood,634,Germany,Male,74,5,"€ 10,078.02",907021.8
15602043,Buccho,770,Germany,Female,46,5,"€ 164,967.21",14847048.9
15807335,Spencer,676,Spain,Female,64,4,"€ 91,149.48",8203453.2
15629985,Eidson,723,Germany,Female,47,10,"€ 103,379.31",9304137.9
15679453,Hung,614,Germany,Female,39,8,"€ 128,049.34",11524440.6
15637315,Melvin,601,Spain,Female,41,3,"€ 54,342.83",4890854.7
15691513,Dawkins,592,France,Male,60,9,"€ 13,614.01",1225260.9
15622289,Rizzo,605,Spain,Female,36,9,"€ 35,521.63",3196946.7
15715184,Capon,752,Spain,Female,31,4,"€ 40,496.72",3644704.8
15702801,Ts'ao,677,French,Female,29,3,"€ 91,903.90",8271351
15719931,Johnstone,850,FRA,Male,31,8,"€ 178,667.70",16080093
15806081,Fleming,608,Germany,Female,48,2,"€ 32,202.61",2898234.9
15796336,Chang,786,Spain,Female,34,9,"€ 117,034.32",10533088.8
15647306,Gibbs,777,FRA,Female,29,9,"€ 163,746.09",14737148.1
15742369,Rita,667,Spain,Male,31,5,"€ 20,346.69",1831202.1
15655859,Munro,848,Spain,Male,35,5,"€ 84,710.65",7623958.5
15675650,Duncan,486,FRA,Female,39,8,"€ 120,531.31",10847817.9
15574119,Okwuadigbo,598,Spain,Female,64,1,"€ 152,273.57",13704621.3
15754168,McIntosh,506,France,Female,40,3,"€ 144,345.58",12991102.2
15763029,Ch'iu,612,Germany,Male,46,9,"€ 96,961.00",8726490
15765048,Watt,545,French,Male,30,3,"€ 170,307.43",15327668.7
15786215,Udinese,793,French,Male,56,8,"€ 29,880.99",2689289.1
15707559,Clark,682,France,Female,30,9,"€ 195,104.91",17559441.9
15582129,Hsia,517,FRA,Male,62,1,"€ 187,756.24",16898061.6
15687540,Obiuto,684,FRA,Male,32,9,"€ 67,599.69",6083972.1
15787196,T'ien,692,Spain,Male,46,2,"€ 105,983.09",9538478.1
15670898,McKenzie,740,French,Female,60,5,"€ 25,980.42",2338237.8
15775433,Tang,666,Germany,Male,71,1,"€ 112,222.64",10100037.6
15700693,Tu,693,France,Male,68,2,"€ 59,864.96",5387846.4
15677955,Tsui,757,Germany,Male,33,1,"€ 42,581.09",3832298.1
15570086,Lynch,684,Germany,Male,18,9,"€ 4,777.23",429950.7
15794875,Hung,691,Spain,Male,35,6,"€ 178,038.17",16023435.3
15673591,Oluchukwu,842,France,Male,44,3,"€ 128,521.16",11566904.4
15631756,Tuan,482,FRA,Female,35,5,"€ 109,029.72",9812674.8
15757617,Lewis,735,French,Male,55,6,"€ 2,267.88",204109.2
15612729,Chidiebere,681,French,Female,63,7,"€ 55,054.48",4954903.2
15637857,Woolacott,616,French,Female,31,8,"€ 76,456.17",6881055.3
15681007,Yen,850,FRA,Female,35,2,"€ 75,478.95",6793105.5
15593622,Service,635,FRA,Male,43,10,"€ 179,144.54",16123008.6
15629273,Lin,638,Germany,Male,42,8,"€ 193,471.74",17412456.6
15765846,Chuang,820,Spain,Female,31,2,"€ 103,570.80",9321372
15596013,Akhtar,694,Germany,Female,58,1,"€ 102,628.56",9236570.4
15722473,Faulkner,713,FRA,Male,41,3,"€ 55,772.04",5019483.6
15774936,Liang,543,Germany,Male,41,6,"€ 192,070.16",17286314.4
15685640,Dancy,649,France,Female,41,3,"€ 144,808.37",13032753.3
15566563,Duigan,777,FRA,Female,30,4,"€ 5,008.23",450740.7
15768746,McLean,561,FRA,Male,33,6,"€ 173,680.39",15631235.1
15689952,Zuyeva,724,Spain,Male,41,5,"€ 115,753.94",10417854.6
15725906,Hankinson,665,Spain,Female,51,8,"€ 38,928.48",3503563.2
15634501,Wei,441,FRA,Male,60,1,"€ 174,381.23",15694310.7
15571940,Afamefula,579,Spain,Male,22,3,"€ 49,829.80",4484682
15741643,Chiang,777,Germany,Male,35,7,"€ 76,169.68",6855271.2
15806822,Myers,739,French,Female,36,0,"€ 133,465.57",12011901.3
15701166,Chinedum,660,French,Male,40,5,"€ 38,761.61",3488544.9
15718531,Ukaegbunam,554,French,Female,35,8,"€ 176,779.46",15910151.4
15628308,Akubundu,850,French,Female,24,6,"€ 13,159.90",1184391
15585287,Sal,842,Germany,Female,35,9,"€ 48,217.97",4339617.3
15781619,Stevenson,785,French,Female,38,1,"€ 134,964.85",12146836.5
15805162,Sutherland,550,French,Male,25,0,"€ 184,221.11",16579899.9
15588535,Ts'ao,750,Spain,Female,39,6,"€ 19,264.33",1733789.7
15775307,Sung,490,Spain,Female,38,3,"€ 92,797.23",8351750.7
15777616,Pisani,605,Germany,Male,28,10,"€ 33,114.24",2980281.6
15692291,Hs?eh,563,Spain,Female,42,6,"€ 154,347.95",13891315.5
15680843,Sherrod,675,FRA,Male,34,8,"€ 184,842.21",16635798.9
15606232,Holloway,621,Spain,Female,36,7,"€ 155,743.48",14016913.2
15641585,Newton,850,France,Male,40,6,"€ 88,815.25",7993372.5
15684358,Kang,711,French,Male,41,3,"€ 193,747.57",17437281.3
15806389,Walton,549,Germany,Female,55,1,"€ 116,548.02",10489321.8
15641860,Bradley,764,Germany,Male,34,6,"€ 166,324.79",14969231.1
15814237,Watkins,627,Germany,Male,30,3,"€ 40,199.01",3617910.9
15808780,Tien,850,FRA,Female,34,2,"€ 51,919.04",4672713.6
15767064,Davide,614,Spain,Female,36,1,"€ 73,329.08",6599617.2
15751177,Milne,685,Germany,Female,44,2,"€ 145,387.05",13084834.5
15613427,Barling,683,Germany,Female,49,7,"€ 140,763.18",12668686.2
15647259,Barnett,643,Spain,Male,35,2,"€ 67,979.35",6118141.5
15748660,Ellis,561,Germany,Female,49,1,"€ 133,051.64",11974647.6
15726695,Hsia,601,Spain,Female,20,9,"€ 86,791.90",7811271
15757473,Chukwujamuike,766,French,Female,27,7,"€ 47,579.25",4282132.5
15809509,Venables,699,France,Male,29,3,"€ 151,623.71",13646133.9
15715512,Hsia,850,Germany,Male,29,1,"€ 164,039.51",14763555.9
15614168,Alexander,792,Germany,Female,50,4,"€ 16,528.40",1487556
15679818,Yuan,636,Germany,Male,67,7,"€ 66,753.10",6007779
15609928,Johnston,850,Germany,Male,43,5,"€ 19,244.58",1732012.2
15731246,Hobler,628,Spain,Male,40,10,"€ 103,832.58",9344932.2
15685243,Jamieson,736,French,Female,63,10,€ 502.70,45243
15638730,Macleod,711,France,Female,21,0,"€ 1,408.68",126781.2
15697034,Norris,583,Spain,Female,22,2,"€ 5,985.36",538682.4
15699225,Pirozzi,757,French,Male,46,0,"€ 37,460.05",3371404.5
15677387,Folliero,749,Germany,Female,33,10,"€ 30,396.43",2735678.7
15759184,Russell,705,France,Male,34,7,"€ 2,498.67",224880.3
15595991,Hsiung,585,French,Male,54,8,"€ 55,346.14",4981152.6
15681332,Tate,437,France,Female,43,6,"€ 148,330.97",13349787.3
15756299,Davis,741,FRA,Female,64,2,"€ 59,237.72",5331394.8
15750547,Bair,738,French,Male,26,9,"€ 48,644.94",4378044.6
15566380,Drury,586,Spain,Female,33,10,"€ 140,759.03",12668312.7
15675963,Padovano,627,France,Female,57,9,"€ 107,712.42",9694117.8
15674671,Conway,551,Spain,Male,76,2,"€ 181,718.73",16354685.7
15621466,Waters,606,Germany,Male,38,3,"€ 37,054.65",3334918.5
15607176,Kang,674,French,Male,22,3,"€ 173,940.59",15654653.1
15570299,Martin,584,Germany,Female,31,6,"€ 99,298.80",8936892
15613197,Ugochukwutubelum,590,France,Male,40,8,"€ 62,933.03",5663972.7
15798885,Burns,585,France,Male,56,4,"€ 55,287.84",4975905.6
15714883,Genovese,508,French,Female,25,2,"€ 48,197.06",4337735.4
15604497,Beale,458,Germany,Male,44,7,"€ 178,642.73",16077845.7
15773949,Cherkasova,692,French,Female,36,3,"€ 8,282.22",745399.8
15774164,Coles,502,Germany,Male,33,5,"€ 33,300.56",2997050.4
15774127,Potter,518,France,Male,46,3,"€ 76,515.79",6886421.1
15619016,McMinn,660,Germany,Male,46,5,"€ 33,680.56",3031250.4
15795759,Bergamaschi,698,Germany,Female,52,1,"€ 168,886.39",15199775.1
15798844,Chijindum,678,France,Male,54,7,"€ 191,746.23",17257160.7
15717962,Ch'iu,773,Spain,Male,63,9,"€ 93,091.02",8378191.8
15691504,Yusupova,619,Germany,Female,52,8,"€ 23,904.52",2151406.8
15693893,Davis,684,Germany,Male,59,9,"€ 15,807.07",1422636.3
15672499,Iadanza,635,FRA,Male,34,3,"€ 83,773.02",7539571.8
15750410,Jordan,680,French,Female,25,4,"€ 90,162.35",8114611.5
15568904,Kruglova,608,Germany,Male,34,3,"€ 36,639.25",3297532.5
15649033,Echezonachukwu,603,Germany,Female,55,7,"€ 139,469.11",12552219.9
15780989,Hajek,579,Spain,Male,43,2,"€ 198,402.37",17856213.3
15771059,Welch,756,Germany,Female,34,2,"€ 194,584.48",17512603.2
15687852,Vinogradoff,611,French,Male,30,2,"€ 159,629.64",14366667.6
15695280,Hung,532,Germany,Male,24,8,"€ 34,231.48",3080833.2
15592751,Okwudiliolisa,684,Germany,Female,63,3,"€ 69,643.31",6267897.9
15598338,Mays,647,Germany,Female,33,3,"€ 90,270.16",8124314.4
15735784,Gardner,583,FRA,Male,38,8,"€ 47,848.56",4306370.4
15629128,Mamelu,774,Germany,Male,42,2,"€ 162,865.52",14657896.8
15642870,Ross,677,France,Male,58,9,"€ 168,650.40",15178536
15637977,Barese,542,Germany,Male,25,8,"€ 54,372.37",4893513.3
15600792,Swayne,613,Spain,Male,29,0,"€ 133,897.32",12050758.8
15576131,Phillips,666,FRA,Male,40,5,"€ 147,878.05",13309024.5
15686588,Manfrin,777,France,Female,28,2,"€ 118,313.38",10648204.2
15761018,Tan,581,Germany,Male,50,2,"€ 181,224.24",16310181.6
15616029,Adams,705,French,Male,32,7,"€ 7,921.57",712941.3
15761149,Teng,673,French,Female,44,8,"€ 5,708.19",513737.1
15802758,Chinwendu,594,Germany,Female,23,4,"€ 56,756.52",5108086.8
15647838,Davison,648,Germany,Female,51,2,"€ 4,121.04",370893.6
15735968,Hsing,605,France,Male,41,10,"€ 97,213.09",8749178.1
15581286,Castro,734,French,Female,40,9,"€ 12,799.23",1151930.7
15625445,Parkin,572,FRA,Female,36,8,"€ 50,400.32",4536028.8
15600173,Manna,595,French,Female,33,9,"€ 41,447.86",3730307.4
15635143,Fennescey,749,French,Male,42,2,"€ 185,543.35",16698901.5
15664849,Colon,573,Spain,Male,46,3,"€ 189,988.65",17098978.5
15762455,Yeh,624,Spain,Male,33,6,"€ 170,819.01",15373710.9
15797165,Bergamaschi,703,French,Male,56,9,"€ 85,547.33",7699259.7
15788189,Matveyeva,665,French,Female,41,8,"€ 137,037.97",12333417.3
15780492,Ignatyeva,648,FRA,Male,42,4,"€ 19,283.14",1735482.6
15678497,Lederer,850,Spain,Male,48,2,"€ 169,425.30",15248277
15588560,Nwabugwu,569,Germany,Female,32,8,"€ 132,038.65",11883478.5
15606003,Abramowitz,566,French,Female,21,3,"€ 3,626.47",326382.3
15611756,Chapman,537,Germany,Female,47,4,"€ 50,881.51",4579335.9
15789563,Fiorentino,706,Germany,Female,46,7,"€ 149,170.25",13425322.5
15702416,Cecil,734,France,Male,43,7,"€ 182,505.68",16425511.2
15766288,Ikechukwu,586,Germany,Female,36,5,"€ 194,072.56",17466530.4
15667633,Allen,612,France,Female,38,1,"€ 9,209.21",828828.9
15622774,Kao,648,FRA,Male,34,0,"€ 167,931.81",15113862.9
15755416,Hart,557,French,Female,27,3,"€ 123,096.56",11078690.4
15769915,Charlton,643,Spain,Female,20,0,"€ 3,965.69",356912.1
15643908,Turnbull,433,French,Female,49,10,"€ 87,711.61",7894044.9
15627395,Manners,643,Germany,Male,41,7,"€ 49,667.28",4470055.2
15679663,Chiazagomekpere,488,French,Female,36,0,"€ 136,675.22",12300769.8
15651581,Lavrentyev,758,Germany,Male,68,6,"€ 35,865.44",3227889.6
15596379,Wallace,743,Germany,Male,39,3,"€ 26,136.13",2352251.7
15746674,Miller,730,France,Female,47,7,"€ 33,373.26",3003593.4
15801256,Bazhenov,746,Spain,Male,49,7,"€ 10,096.25",908662.5
15663808,Ifesinachi,666,Germany,Female,59,8,"€ 188,782.30",16990407
15598521,Ma,580,Germany,Female,33,7,"€ 79,775.19",7179767.1
15621457,Chu,850,French,Male,27,6,"€ 152,740.16",13746614.4
15764726,Kerr,563,FRA,Male,22,3,"€ 5,791.85",521266.5
15646374,Wynne,766,Germany,Female,28,3,"€ 13,182.43",1186418.7
15716501,Moon,659,France,Male,32,9,"€ 187,551.24",16879611.6
15589948,Disher,607,Spain,Male,28,1,"€ 110,560.14",9950412.6
15811343,Cattaneo,644,Germany,Male,35,5,"€ 63,795.62",5741605.8
15659677,Beluchi,746,French,Male,47,8,"€ 62,086.62",5587795.8
15594436,Mazzi,588,Spain,Male,33,2,"€ 12,483.56",1123520.4
15748995,Ifeajuna,691,Spain,Male,30,9,"€ 10,963.04",986673.6
15677062,Howe,666,French,Female,38,6,"€ 8,247.00",742230
15697201,Yocum,640,Spain,Female,46,3,"€ 156,260.08",14063407.2
15666453,Moore,611,Germany,Female,29,4,"€ 26,927.69",2423492.1
15693771,Y?an,651,Spain,Female,45,8,"€ 84,782.42",7630417.8
15569867,Chinweuba,529,FRA,Female,29,8,"€ 19,842.11",1785789.9
15711602,Lowrie,676,French,Female,36,3,"€ 95,393.43",8585408.7
15717736,Shen,639,Germany,Female,46,10,"€ 133,995.59",12059603.1
15750441,Lavarack,782,France,Male,36,5,"€ 108,003.38",9720304.2
15732791,Davide,641,Germany,Male,32,5,"€ 99,154.86",8923937.4
15775104,Gomes,697,French,Female,38,1,"€ 49,503.50",4455315
15757607,Matveyeva,623,France,Male,45,0,"€ 196,533.72",17688034.8
15793070,Fiorentino,494,Spain,Female,41,2,"€ 188,426.13",16958351.7
15760456,Eberechukwu,731,France,Female,38,10,"€ 171,340.68",15420661.2
15665385,Gibney,657,FRA,Male,44,6,"€ 79,071.89",7116470.1
15612418,Virgo,744,France,Female,38,9,"€ 20,940.76",1884668.4
15727138,Kulikova,774,Spain,Male,46,9,"€ 34,774.26",3129683.4
15732061,Liu,850,Germany,Female,45,1,"€ 6,865.41",617886.9
15776051,Kao,551,France,Female,45,6,"€ 51,143.43",4602908.7
15616530,Foran,638,France,Male,36,6,"€ 47,031.40",4232826
15632344,Jones,792,FRA,Female,42,0,"€ 47,160.01",4244400.9
15744979,Fowler,666,FRA,Female,36,8,"€ 158,666.99",14280029.1
15745433,Conti,716,Germany,Female,30,2,"€ 65,464.66",5891819.4
15683657,Stephenson,594,FRA,Female,31,0,"€ 78,255.86",7043027.4
15718572,Willis,600,Germany,Male,57,9,"€ 103,548.25",9319342.5
15665783,Ts'ui,565,FRA,Male,49,7,"€ 89,609.26",8064833.4
15652782,Chibuzo,678,Germany,Male,48,2,"€ 193,476.04",17412843.6
15707025,Fang,648,Spain,Female,31,5,"€ 5,199.02",467911.8
15647807,Wyckoff,642,French,Male,40,8,"€ 52,827.51",4754475.9
15718281,Muir,706,Germany,Male,67,1,"€ 86,507.88",7785709.2
15660571,Halpern,668,Spain,Male,43,10,"€ 100,423.88",9038149.2
15727857,Flynn,635,Spain,Male,41,1,"€ 175,611.50",15805035
15639252,Shao,603,Spain,Male,30,6,"€ 19,282.85",1735456.5
15628144,Soares,635,FRA,Female,72,4,"€ 27,448.33",2470349.7
15683560,Gallo,642,FRA,Female,40,7,"€ 183,963.34",16556700.6
15653275,Lei,785,Spain,Female,54,1,"€ 45,113.92",4060252.8
15622182,Daniels,628,Germany,Female,28,3,"€ 110,776.01",9969840.9
15613962,Kenechi,499,FRA,Female,38,9,"€ 183,042.20",16473798
15618437,Singleton,567,Spain,Male,34,10,"€ 161,571.79",14541461.1
15783338,Williams,449,Spain,Male,32,0,"€ 166,692.03",15002282.7
15764491,Greece,701,Spain,Male,35,10,"€ 71,173.64",6405627.6
15712960,Olisanugo,613,Spain,Male,37,3,"€ 5,353.12",481780.8
15688157,Padovano,683,Germany,Female,39,2,"€ 86,019.48",7741753.2
15579287,Rossi,581,France,Male,35,4,"€ 86,383.82",7774543.8
15570931,Grant,620,FRA,Male,61,5,"€ 31,641.52",2847736.8
15615177,Ebelegbulam,561,Spain,Male,28,6,"€ 70,548.96",6349406.4
15809906,Mitchell,558,Germany,Male,26,1,"€ 24,411.02",2196991.8
15652169,Buckley,642,France,Male,35,2,"€ 122,254.86",11002937.4
15649450,Repina,805,Germany,Male,24,6,"€ 186,035.72",16743214.8
15777179,Ellis,687,French,Male,35,9,"€ 73,133.82",6582043.8
15803538,Douglas,695,Spain,Male,56,1,"€ 187,734.49",16896104.1
15610936,Becher,562,FRA,Male,33,6,"€ 111,590.35",10043131.5
15590094,Nwachukwu,613,Germany,Male,38,9,"€ 15,859.95",1427395.5
15572706,Smith,589,French,Male,37,5,"€ 61,324.87",5519238.3
15634564,Aksyonov,593,Spain,Male,31,8,"€ 176,868.89",15918200.1
15684296,Artyomova,714,French,Male,34,5,"€ 98,896.06",8900645.4
15702293,Medvedeva,588,Spain,Female,35,7,"€ 108,739.15",9786523.5
15642099,Tsui,679,Spain,Male,39,6,"€ 12,266.06",1103945.4
15773273,Runyon,730,Spain,Male,38,5,"€ 163,317.50",14698575
15613337,Gallo,833,French,Male,47,2,"€ 182,247.77",16402299.3
15800482,Bradshaw,586,Spain,Female,33,7,"€ 168,261.40",15143526
15732644,Evans,567,Spain,Female,54,5,"€ 158,590.66",14273159.4
15713426,Hancock,637,Germany,Male,30,1,"€ 102,566.46",9230981.4
15640789,Butler,711,French,Male,38,4,"€ 141,827.83",12764504.7
15598892,Bradshaw,828,France,Male,30,4,"€ 161,671.15",14550403.5
15606436,Bergamaschi,500,Spain,Male,38,7,"€ 192,013.23",17281190.7
15751227,Ebelegbulam,807,French,Male,47,1,"€ 127,875.10",11508759
15812365,Greco,850,French,Male,40,8,"€ 60,811.56",5473040.4
15616088,Lucas,782,France,Female,70,7,"€ 131,177.22",11805949.8
15803886,Barber,629,Spain,Male,31,6,"€ 130,862.11",11777589.9
15587311,Dobbs,582,Spain,Male,33,6,"€ 72,970.93",6567383.7
15617401,Thomson,468,FRA,Male,22,2,"€ 28,123.99",2531159.1
15775886,Su,670,French,Male,36,3,"€ 140,754.19",12667877.1
15807305,Watkins,805,France,Male,39,2,"€ 166,650.32",14998528.8
15761717,Ch'ien,720,France,Male,26,10,"€ 45,507.24",4095651.6
15628008,Monds,781,Spain,Female,29,6,"€ 112,202.64",10098237.6
15583755,McClemans,592,Germany,Male,33,2,"€ 37,140.20",3342618
15661409,Shen,542,FRA,Female,42,1,"€ 178,256.58",16043092.2
15774250,Gallo,532,FRA,Male,42,1,"€ 100,982.93",9088463.7
15681476,Foveaux,520,French,Female,39,1,"€ 109,626.13",9866351.7
15654870,Longo,759,FRA,Female,45,8,"€ 99,251.24",8932611.6
15790448,Calabresi,473,French,Female,35,6,"€ 143,345.69",12901112.1
15785326,Randall,639,Spain,Female,35,5,"€ 59,653.03",5368772.7
15592854,Garcia,705,FRA,Male,25,3,"€ 196,864.61",17717814.9
15617486,Sullivan,530,French,Male,52,1,"€ 109,960.40",9896436
15806796,Higgins,516,Germany,Female,33,10,"€ 127,256.70",11453103
15644699,Crawford,850,French,Female,40,0,"€ 1,099.95",98995.5
15622305,Martin,746,Germany,Female,33,2,"€ 146,192.40",13157316
15608209,Currey,622,Germany,Male,33,3,"€ 48,553.77",4369839.3
15626898,Teng,743,France,Male,30,7,"€ 144,407.10",12996639
15644297,Austin,732,Germany,Male,38,5,"€ 195,760.53",17618447.7
15731569,Hudson,850,FRA,Male,81,5,"€ 44,827.47",4034472.3
15582149,Ts'ui,850,Germany,Female,34,3,"€ 88,743.99",7986959.1
15802483,Hancock,686,French,Male,34,6,"€ 88,837.11",7995339.9
15686999,Nicholas,556,French,Female,40,8,"€ 62,112.70",5590143
15772479,Napolitano,673,French,Male,37,4,"€ 163,563.07",14720676.3
15778884,Jamieson,809,France,Female,38,2,"€ 174,800.31",15732027.9
15623630,Foster,634,Germany,Female,56,3,"€ 42,429.88",3818689.2
15774316,Moretti,630,France,Male,37,6,"€ 82,647.65",7438288.5
15695097,Chiedozie,564,Germany,Female,30,0,"€ 134,175.15",12075763.5
15645404,Okwukwe,625,French,Female,51,4,"€ 92,243.94",8301954.6
15750574,Lumholtz,677,Spain,Female,34,4,"€ 6,175.53",555797.7
15636812,Rose,583,FRA,Male,40,9,"€ 29,213.63",2629226.7
15712068,Wan,592,Spain,Male,45,8,"€ 67,214.02",6049261.8
15652030,De Bernales,637,Germany,Male,49,2,"€ 169,037.84",15213405.6
15577398,Ch'eng,850,France,Male,30,6,"€ 188,809.23",16992830.7
15756848,Edmondson,633,Spain,Male,42,10,"€ 79,408.17",7146735.3
15806929,Ch'ien,751,Germany,Male,36,5,"€ 89,222.66",8030039.4
15656005,Millar,592,Germany,Male,31,7,"€ 86,079.67",7747170.3
15722632,Dickson,716,Germany,Male,50,2,"€ 12,944.17",1164975.3
15794356,Toscani,641,Germany,Male,42,3,"€ 166,516.84",14986515.6
15659656,Pan,849,FRA,Male,35,4,"€ 126,419.80",11377782
15588341,Chigozie,647,Spain,Male,47,10,"€ 89,103.05",8019274.5
15709142,Sagese,608,Germany,Female,30,2,"€ 132,973.17",11967585.3
15627042,Reilly,555,FRA,Female,26,7,"€ 93,122.41",8381016.9
15627517,Taylor,497,Spain,Male,27,7,"€ 167,522.19",15076997.1
15803032,Yen,599,Germany,Male,38,9,"€ 157,239.60",14151564
15665129,Kapustin,545,Germany,Male,33,1,"€ 107,429.71",9668673.9
15628272,Singh,774,French,Female,36,9,"€ 75,304.09",6777368.1
15678206,Yeh,464,France,Male,46,6,"€ 182,944.47",16465002.3
15678427,Genovese,696,Germany,Female,27,2,"€ 5,983.70",538533
15678067,Boyle,667,Spain,Male,45,3,"€ 163,655.01",14728950.9
15793331,Blair,812,France,Male,32,5,"€ 89,385.92",8044732.8
15699532,Okagbue,516,French,Male,51,8,"€ 168,773.54",15189618.6
15605827,Khan,645,FRA,Male,39,8,"€ 96,864.36",8717792.4
15643635,Robertson,664,Spain,Male,32,5,"€ 134,455.84",12101025.6
15787710,Tikhonov,427,Spain,Female,39,9,"€ 28,368.37",2553153.3
15614137,MacDonald,685,French,Female,40,7,"€ 103,898.59",9350873.1
15754494,Ah Mouy,585,France,Female,33,4,"€ 63,239.65",5691568.5
15713440,Barese,519,Germany,Female,21,1,"€ 170,138.68",15312481.2
15803479,Winter-Irving,708,France,Female,67,1,"€ 3,837.08",345337.2
15709639,Wilson,717,FRA,Female,22,5,"€ 92,977.75",8367997.5
15601719,Fiorentino,465,Germany,Male,24,6,"€ 191,368.37",17223153.3
15772482,Iloerika,829,Germany,Male,28,3,"€ 104,889.20",9440028
15591489,Davison,826,FRA,Male,26,5,"€ 60,285.30",5425677
15629002,Hamilton,747,Germany,Male,36,8,"€ 180,693.61",16262424.9
15798053,Nnachetam,707,Spain,Male,32,9,"€ 126,475.79",11382821.1
15753895,Blue,590,Spain,Male,37,1,"€ 133,535.99",12018239.1
15595426,Madukwe,603,Spain,Male,57,6,"€ 87,412.24",7867101.6
15645815,Mills,615,FRA,Male,45,5,"€ 164,886.64",14839797.6
15632848,Ferrari,634,France,Female,36,1,"€ 116,238.39",10461455.1
15703068,Nixon,716,Germany,Male,41,8,"€ 138,051.19",12424607.1
15791513,Manfrin,647,FRA,Male,41,4,"€ 101,617.64",9145587.6
15587210,McCartney,591,Germany,Female,44,10,"€ 1,985.41",178686.9
15793803,Robinson,574,French,Male,34,1,"€ 165,626.60",14906394
15787756,Nkemdirim,467,Germany,Male,51,10,"€ 177,784.68",16000621.2
15723437,Sal,701,FRA,Female,35,2,"€ 65,765.22",5918869.8
15702715,Kao,747,France,Female,34,10,"€ 50,759.80",4568382
15809872,Ikechukwu,650,FRA,Male,32,2,"€ 163,216.48",14689483.2
15644295,Hargreaves,731,Spain,Female,39,2,"€ 74,850.93",6736583.7
15778694,Sievier,638,Germany,Female,26,1,"€ 23,491.09",2114198.1
15759555,Murphy,569,Spain,Male,41,2,"€ 134,272.57",12084531.3
15631406,Munro,459,Germany,Male,50,5,"€ 155,721.15",14014903.5
15616676,Donnelly,632,Germany,Male,23,3,"€ 147,230.77",13250769.3
15771154,North,683,France,Female,73,8,"€ 133,210.44",11988939.6
15669491,Cruz,850,French,Female,46,2,"€ 18,986.12",1708750.8
15697691,Sinclair,512,France,Female,41,6,"€ 100,507.81",9045702.9
15665180,Vasiliev,616,FRA,Female,31,3,"€ 59,346.40",5341176
15752588,Vasilyeva,664,France,Male,36,1,"€ 95,372.64",8583537.6
15743051,Hamilton,694,French,Male,30,10,"€ 31,805.49",2862494.1
15571873,Sung,655,France,Male,24,9,"€ 51,959.82",4676383.8
15679743,Genovesi,607,French,Female,33,8,"€ 130,824.57",11774211.3
15769412,Atkinson,684,Spain,Male,39,4,"€ 157,694.76",14192528.4
15775124,Watterston,763,Spain,Male,37,8,€ 933.38,84004.2
15732113,Butters,671,Spain,Male,50,8,"€ 2,560.11",230409.9
15578141,Chien,592,Spain,Male,38,3,"€ 12,905.89",1161530.1
15595874,Gorbunova,666,Spain,Female,36,6,"€ 176,692.87",15902358.3
15755642,Bulgakov,667,FRA,Male,34,5,"€ 102,908.63",9261776.7
15576526,Steele,850,Spain,Male,36,6,"€ 41,291.05",3716194.5
15792489,Polyakova,622,Spain,Male,42,9,"€ 119,127.06",10721435.4
15733705,Bull,577,FRA,Female,30,8,"€ 126,434.61",11379114.9
15807221,Weaver,555,Spain,Male,21,1,"€ 103,901.35",9351121.5
15573045,Earl,547,France,Male,62,10,"€ 85,153.00",7663770
15756824,Giordano,613,Germany,Female,50,5,"€ 12,493.61",1124424.9
15773520,Begg,672,French,Female,43,4,"€ 167,336.78",15060310.2
15627439,Pickering,624,Spain,Female,36,10,"€ 186,180.42",16756237.8
15701439,Fanucci,698,Spain,Female,50,1,"€ 88,566.90",7971021
15785352,Chang,606,FRA,Male,37,6,"€ 172,526.90",15527421
15616525,Sopuluchi,720,Spain,Male,31,4,"€ 137,985.69",12418712.1
15717489,Martin,835,France,Male,23,9,"€ 19,793.73",1781435.7
15795737,McNaughtan,771,Spain,Female,47,3,"€ 107,874.39",9708695.1
15693877,Stewart,811,FRA,Female,47,3,"€ 171,995.34",15479580.6
15576111,Reagan,734,Germany,Male,33,5,"€ 61,829.89",5564690.1
15595713,Heller,548,Spain,Male,33,6,"€ 31,728.35",2855551.5
15808868,Nwokeocha,652,FRA,Female,31,3,"€ 155,221.05",13969894.5
15708193,Liu,707,France,Male,33,2,"€ 130,866.95",11778025.5
15697801,Sokolova,605,Germany,Female,56,1,"€ 62,199.78",5597980.2
15770121,Bancroft,623,France,Female,34,9,"€ 24,255.21",2182968.9
15800524,Nnanna,686,Germany,Male,29,3,"€ 64,679.07",5821116.3
15686236,Trevisani,525,Germany,Female,47,1,"€ 88,120.78",7930870.2
15659807,Nwachinemelu,657,Spain,Male,41,8,"€ 66,463.62",5981725.8
15736078,Ting,730,Germany,Female,33,7,"€ 15,142.10",1362789
15620836,Lo Duca,816,Germany,Female,34,2,"€ 102,908.91",9261801.9
15698184,Marshall,484,FRA,Female,50,2,"€ 48,170.57",4335351.3
15717643,Band,728,France,Female,34,6,"€ 11,597.69",1043792.1
15776596,Ferri,730,Spain,Female,39,6,"€ 172,450.04",15520503.6
15814757,Carter,477,Spain,Male,31,9,"€ 184,061.17",16565505.3
15812607,Wilson,663,Germany,Female,46,6,"€ 21,038.58",1893472.2
15663888,Connor,549,Germany,Male,34,6,"€ 109,538.35",9858451.5
15748882,Reid,714,Spain,Male,29,9,"€ 129,192.55",11627329.5
15690829,Sandefur,430,Germany,Male,49,3,"€ 146,516.86",13186517.4
15695819,Bidwill,504,Germany,Male,43,5,"€ 181,430.91",16328781.9
15696834,Cone,530,French,Female,29,5,"€ 121,451.21",10930608.9
15797710,Saunders,619,Germany,Male,29,4,"€ 131,712.51",11854125.9
15700654,Liardet,617,Germany,Male,44,9,"€ 53,294.17",4796475.3
15583764,Wilkes,791,Germany,Male,31,1,"€ 96,546.55",8689189.5
15688849,Martin,609,France,Male,48,1,"€ 184,524.65",16607218.5
15661473,Boni,780,Germany,Male,51,4,"€ 195,259.31",17573337.9
15601030,Patel,777,Germany,Female,34,5,"€ 172,618.52",15535666.8
15789557,Howell-Price,817,Germany,Female,27,7,"€ 59,259.44",5333349.6
15745250,Simpson,850,FRA,Male,58,8,"€ 25,899.21",2330928.9
15590349,Rowland,732,French,Female,36,9,"€ 3,749.00",337410
15741693,Barnard,693,France,Male,40,4,"€ 101,918.96",9172706.4
15618446,Nnonso,576,FRA,Female,50,8,"€ 57,802.62",5202235.8
15766552,Rossi,643,France,Male,37,6,"€ 142,454.77",12820929.3
15668775,Pendred,757,French,Male,47,3,"€ 143,829.54",12944658.6
15757895,Martin,569,Germany,Male,30,6,"€ 44,114.88",3970339.2
15774551,K?,772,Spain,Male,36,3,"€ 186,948.35",16825351.5
15684011,Miller,576,Germany,Male,29,7,"€ 173,629.78",15626680.2
15736146,Afamefula,608,Germany,Male,28,4,"€ 49,133.45",4422010.5
15656286,Sims,794,FRA,Male,33,0,"€ 178,122.71",16031043.9
15774847,Knight,593,French,Male,50,6,"€ 20,893.61",1880424.9
15619340,Obijiaku,597,Spain,Male,38,1,"€ 41,303.29",3717296.1
15815656,Hopkins,541,Germany,Female,39,9,"€ 199,808.10",17982729
15623357,Onio,692,Germany,Male,24,2,"€ 180,490.53",16244147.7
15601324,Black,697,France,Female,48,1,"€ 87,400.53",7866047.7
15715510,Eluemuno,768,FRA,Male,29,2,"€ 73,686.75",6631807.5
15663770,Doyle,802,France,Male,38,1,"€ 172,497.73",15524795.7
15779267,Onyemere,584,French,Male,47,5,"€ 89,286.29",8035766.1
15597957,Rahman,614,Spain,Male,66,2,"€ 180,082.70",16207443
15584620,Su,850,Germany,Female,36,6,"€ 22,102.25",1989202.5
15750772,Walker,671,French,Female,38,6,"€ 76,068.95",6846205.5
15706557,Ferguson,626,France,Female,52,0,"€ 32,159.46",2894351.4
15594391,Samaniego,770,French,Female,68,2,"€ 159,557.28",14360155.2
15661656,Onwumelu,633,French,Male,38,2,"€ 107,673.35",9690601.5
15631217,Young,663,French,Male,40,6,"€ 33,607.72",3024694.8
15588955,Mazzi,581,Germany,Female,43,5,"€ 141,035.65",12693208.5
15758252,Toscano,561,Germany,Female,45,2,"€ 115,719.08",10414717.2
15740223,Walton,479,Germany,Male,51,1,"€ 86,128.21",7751538.9
15805413,Chiang,769,France,Female,31,6,"€ 147,668.64",13290177.6
15635116,Burgos,659,Spain,Male,60,2,"€ 177,480.45",15973240.5
15764892,Spinelli,590,Spain,Female,51,10,"€ 190,937.09",17184338.1
15795936,Lung,560,France,Male,50,3,"€ 84,531.79",7607861.1
15655232,Noble,437,Germany,Male,35,6,"€ 161,133.40",14502006
15640133,Pai,661,FRA,Female,34,0,"€ 185,555.63",16700006.7
15751524,Chigozie,677,Germany,Female,36,10,"€ 33,075.24",2976771.6
15670552,Peavy,560,French,Female,31,3,"€ 39,806.75",3582607.5
15623966,Yermakov,578,France,Female,35,2,"€ 26,389.92",2375092.8
15752193,Burton,421,Spain,Male,34,6,"€ 12,162.76",1094648.4
15607269,Costa,492,Germany,Female,49,2,"€ 167,237.94",15051414.6
15700752,Pugliesi,545,France,Female,32,6,"€ 52,067.37",4686063.3
15777901,Lindell,640,Germany,Female,43,9,"€ 184,006.36",16560572.4
15639117,Sorenson,624,Spain,Female,34,6,€ 582.59,52433.1
15720203,Arcuri,577,Spain,Male,28,7,"€ 143,274.41",12894696.9
15586236,Banks,704,French,Male,31,5,"€ 54,474.48",4902703.2
15676645,Parry,523,France,Male,45,5,"€ 121,428.20",10928538
15715988,Cockett,793,French,Male,35,2,"€ 79,704.12",7173370.8
15603749,Galkina,564,FRA,Female,53,2,"€ 41,055.71",3695013.9
15608956,Su,711,France,Male,33,1,"€ 41,590.40",3743136
15733872,Marino,791,Germany,Female,33,10,"€ 54,019.93",4861793.7
15666982,Spears,629,Germany,Female,38,9,"€ 76,053.07",6844776.3
15602647,Cunningham,729,Germany,Male,39,6,"€ 184,977.20",16647948
15623063,Taylor,651,Germany,Male,35,8,"€ 127,678.95",11491105.5
15682928,Chiazagomekpere,695,Spain,Male,39,4,"€ 1,243.97",111957.3
15729246,Hardacre,847,Spain,Male,31,5,"€ 76,326.67",6869400.3
15588928,Maslow,704,France,Male,47,5,"€ 145,338.61",13080474.9
15803352,Scott,613,Germany,Male,33,3,"€ 57,751.21",5197608.9
15607485,Wakelin,692,Spain,Female,29,4,"€ 138,880.24",12499221.6
15656249,Esposito,720,French,Female,34,3,"€ 136,120.29",12250826.1
15761783,Shah,577,French,Male,41,6,"€ 167,621.18",15085906.2
15716605,Chukwufumnanya,710,Germany,Female,24,7,"€ 173,276.62",15594895.8
15757425,Fleming,716,French,Female,38,1,"€ 99,661.46",8969531.4
15603096,Lori,410,France,Male,33,6,"€ 66,333.56",5970020.4
15588580,Kennedy,584,Germany,Female,36,4,"€ 70,240.79",6321671.1
15770539,Walters,792,French,Male,30,1,"€ 113,553.42",10219807.8
15572022,Han,605,FRA,Female,36,6,€ 690.84,62175.6
15571843,Lawrence,486,Spain,Male,24,1,"€ 98,802.76",8892248.4
15752502,Cooke,615,French,Male,41,4,"€ 130,661.95",11759575.5
15609058,Wan,676,French,Male,23,1,"€ 116,378.82",10474093.8
15775108,Lo Duca,571,FRA,Male,34,1,"€ 186,052.15",16744693.5
15708904,Yermakova,850,French,Female,37,9,"€ 100,101.06",9009095.4
15600086,Combs,717,FRA,Male,48,7,"€ 169,952.82",15295753.8
15814675,Chien,642,Germany,Female,39,8,"€ 61,792.76",5561348.4
15572777,Meng,780,Spain,Male,47,7,"€ 37,973.13",3417581.7
15585106,Calabresi,492,Germany,Female,38,8,"€ 188,974.81",17007732.9
15738936,Stevenson,760,Germany,Male,29,5,"€ 86,334.64",7770117.6
15750970,Davidson,500,Spain,Male,40,1,"€ 152,845.99",13756139.1
15725772,Ch'in,654,Spain,Female,36,2,"€ 146,652.11",13198689.9
15692106,Rose,606,Spain,Female,25,3,"€ 45,482.04",4093383.6
15791533,Ch'ien,367,Spain,Male,42,6,"€ 168,816.73",15193505.7
15715715,Artyomova,799,Spain,Male,38,2,"€ 59,297.34",5336760.6
15785576,Mayrhofer,434,Germany,Male,71,9,"€ 125,848.88",11326399.2
15798834,Yefremov,719,Spain,Female,32,7,"€ 76,264.27",6863784.3
15744127,Kosovich,641,FRA,Female,37,2,"€ 3,939.87",354588.3
15637427,Lu,461,Spain,Female,25,6,"€ 15,306.29",1377566.1
15576990,Taplin,790,Germany,Female,25,5,"€ 58,214.79",5239331.1
15615352,Ebelechukwu,588,French,Male,31,4,"€ 35,877.03",3228932.7
15647333,Fleming,621,FRA,Male,27,4,"€ 21,254.06",1912865.4
15572050,Yefimov,768,Germany,Male,48,3,"€ 24,533.89",2208050.1
15581370,Andreyeva,681,Spain,Male,38,2,"€ 23,531.50",2117835
15813503,Pickering,606,Spain,Male,37,8,"€ 89,099.18",8018926.2
15769783,Allan,542,Spain,Male,37,8,€ 807.06,72635.4
15793135,Wang,713,Germany,Female,24,7,"€ 121,592.50",10943325
15599182,Reynolds,597,Spain,Female,33,2,"€ 4,700.66",423059.4
15689517,Hales,635,France,Male,27,3,"€ 161,909.95",14571895.5
15641366,Y?an,599,Germany,Male,61,1,"€ 90,389.61",8135064.9
15588859,Rowley,496,Spain,Female,44,0,"€ 2,919.21",262728.9
15732293,Chia,759,Spain,Male,31,8,"€ 99,086.74",8917806.6
15568032,Moore,757,Germany,Male,31,1,"€ 163,170.32",14685328.8
15623525,Copeland,564,Spain,Male,31,0,"€ 72,757.33",6548159.7
15606601,Rishel,561,France,Female,22,6,"€ 73,286.80",6595812
15800811,Wan,702,French,Male,40,3,"€ 146,056.29",13145066.1
15610711,Eluemuno,678,Germany,Female,40,8,"€ 167,673.37",15090603.3
15809654,Hsia,707,French,Female,46,7,"€ 146,011.55",13141039.5
15576077,Kelly,610,French,Female,27,9,"€ 103,381.47",9304332.3
15643378,Muir,744,France,Male,42,1,"€ 83,022.92",7472062.8
15566790,McIntyre,598,France,Male,28,8,"€ 46,041.08",4143697.2
15774402,Donaldson,562,Spain,Male,36,5,"€ 182,843.24",16455891.6
15694641,Wright,621,Spain,Female,59,2,"€ 171,364.18",15422776.2
15605916,Uvarova,659,French,Female,50,3,"€ 183,399.12",16505920.8
15812356,Doherty,722,Germany,Female,40,6,"€ 152,883.95",13759555.5
15644179,Allen,606,FRA,Female,39,3,"€ 50,560.45",4550440.5
15771674,Ma,603,Spain,Female,39,5,"€ 54,702.66",4923239.4
15623314,Tucker,506,Germany,Female,59,3,"€ 78,365.75",7052917.5
15613292,Ch'eng,715,French,Male,21,8,"€ 68,666.63",6179996.7
15813871,Hs?,690,France,Male,47,2,"€ 151,375.73",13623815.7
15759480,H?,644,FRA,Female,40,10,"€ 19,959.67",1796370.3
15587712,Chimaijem,589,FRA,Male,36,8,"€ 26,955.72",2426014.8
15671165,Esomchi,592,FRA,Female,66,5,"€ 76,267.59",6864083.1
15620746,Lorenzo,632,France,Male,42,4,"€ 100,998.50",9089865
15706537,Pirogov,577,Germany,Female,59,7,"€ 191,070.01",17196300.9
15589312,Larkin,588,French,Male,30,3,"€ 176,858.50",15917265
15741180,Eddy,617,France,Male,54,6,"€ 45,325.26",4079273.4
15733888,Sells,668,Spain,Female,36,3,"€ 190,958.48",17186263.2
15798532,Crawford,810,France,Male,32,9,"€ 78,896.59",7100693.1
15577359,Bezrukov,767,Spain,Male,47,5,"€ 121,964.46",10976801.4
15614936,Mancini,718,Spain,Female,49,10,"€ 11,144.40",1002996
15747647,Iadanza,589,Spain,Female,27,4,"€ 144,181.48",12976333.2
15588566,Wilkinson,778,Spain,Male,33,5,"€ 32,757.55",2948179.5
15570141,P'eng,724,France,Female,34,3,"€ 80,320.30",7228827
15800793,St Clair,477,Germany,Female,39,4,"€ 185,830.72",16724764.8
15572415,Preston,580,FRA,Male,34,6,"€ 160,095.31",14408577.9
15635125,Findlay,566,Spain,Male,63,2,"€ 52,198.84",4697895.6
15636551,Nixon,711,France,Female,29,3,"€ 31,811.44",2863029.6
15600912,Gorshkov,706,Germany,Male,32,5,"€ 104,181.78",9376360.2
15768476,Chukwubuikem,703,Spain,Male,31,6,"€ 67,667.19",6090047.1
15650266,Medvedeva,679,Germany,Male,39,2,"€ 193,974.47",17457702.3
15621004,Chukwuhaenye,603,French,Male,32,7,"€ 198,055.94",17825034.6
15748352,Endrizzi,598,Spain,Male,34,0,"€ 43,249.67",3892470.3
15788920,Ch'ang,836,Germany,Female,32,4,"€ 55,218.02",4969621.8
15743236,Piccio,687,France,Female,61,7,"€ 131,305.37",11817483.3
15637717,Lockington,704,Germany,Male,41,4,"€ 43,117.10",3880539
15635500,Seleznyov,605,Germany,Male,75,2,"€ 186,655.11",16798959.9
15634792,Weston,516,France,Female,40,9,"€ 33,266.29",2993966.1
15607560,Groom,572,FRA,Female,39,2,€ 555.28,49975.2
15727177,Manfrin,557,French,Male,42,6,"€ 150,944.31",13584987.9
15774358,Robertson,443,Germany,Male,59,4,"€ 72,846.58",6556192.2
15791304,Ch'ang,604,Germany,Male,25,7,"€ 35,279.74",3175176.6
15603328,Lucchesi,483,French,Male,27,1,"€ 2,101.89",189170.1
15804937,Cambage,702,France,Male,50,3,"€ 94,949.84",8545485.6
15804142,Tan,670,Spain,Female,57,3,"€ 99,061.75",8915557.5
15608845,Tao,804,Spain,Female,38,3,"€ 74,692.06",6722285.4
15702434,Hsieh,850,FRA,Female,30,3,"€ 116,692.80",10502352
15632609,Burdekin,554,French,Female,39,10,"€ 32,824.15",2954173.5
15603550,Longo,588,Germany,Female,37,7,"€ 139,607.61",12564684.9
15755239,Maughan,758,Germany,Male,32,4,"€ 115,525.13",10397261.7
15670528,Franz,787,Germany,Male,43,0,"€ 20,955.03",1885952.7
15732704,Piazza,582,Spain,Male,25,9,"€ 52,341.15",4710703.5
15589019,Morant,633,Spain,Female,33,4,"€ 159,813.18",14383186.2
15677796,Becher,766,Germany,Male,47,9,"€ 169,935.46",15294191.4
15760177,Lombardi,564,Spain,Male,37,9,"€ 146,033.52",13143016.8
15636595,Loton,602,Spain,Male,37,3,"€ 153,122.73",13781045.7
15737275,Conti,649,France,Male,39,3,"€ 60,335.24",5430171.6
15672905,Sani,679,Spain,Female,40,7,"€ 163,757.29",14738156.1
15753955,Lori,639,Spain,Male,34,7,"€ 156,648.81",14098392.9
15708504,Wong,790,Germany,Male,50,8,"€ 176,471.78",15882460.2
15592451,Lombardi,565,French,Male,32,9,"€ 5,388.30",484947
15790455,Obialo,478,French,Female,50,2,"€ 93,332.64",8399937.6
15572174,Mazzi,825,FRA,Male,29,3,"€ 71,192.82",6407353.8
15656330,Von Doussa,528,Spain,Female,32,0,"€ 170,309.19",15327827.1
15569626,Miller,577,Spain,Male,35,5,"€ 109,794.31",9881487.9
15608726,Miracle,663,France,Male,24,7,"€ 166,310.82",14967973.8
15637366,Su,505,Germany,Female,25,5,"€ 126,728.27",11405544.3
15778049,Wyatt,633,Germany,Male,29,6,"€ 30,338.94",2730504.6
15727421,Anayolisa,586,France,Female,38,6,"€ 37,935.83",3414224.7
15688865,Wade,850,FRA,Female,35,9,"€ 25,329.48",2279653.2
15751032,Enemuo,629,Germany,Female,37,1,"€ 49,676.33",4470869.7
15734737,Bruno,744,French,Male,56,9,"€ 169,498.61",15254874.9
15746515,Greece,750,French,Male,36,7,"€ 26,500.29",2385026.1
15664311,Yang,637,Germany,Male,28,3,"€ 166,458.41",14981256.9
15708139,Brown,575,France,Female,40,1,"€ 181,294.39",16316495.1
15768574,Anderson,671,Spain,Male,58,1,"€ 21,768.21",1959138.9
15738018,Johnston,571,France,Male,40,5,"€ 72,849.29",6556436.1
15699753,Zakharov,590,French,Male,41,1,"€ 24,499.97",2204997.3
15703199,Golibe,619,Spain,Male,38,3,"€ 98,994.92",8909542.8
15627830,Nikitina,640,Germany,Female,30,5,"€ 141,446.01",12730140.9
15570855,Leonard,670,France,Male,38,7,"€ 77,864.41",7007796.9
15772503,Burns,737,French,Female,33,4,"€ 115,115.32",10360378.8
15584453,Burtch,555,Spain,Male,32,10,"€ 168,605.96",15174536.4
15710111,Clark,742,French,Male,33,6,"€ 38,550.40",3469536
15618562,Woodward,618,Germany,Female,40,0,"€ 160,618.61",14455674.9
15706764,Spencer,560,French,Female,35,1,"€ 3,701.63",333146.7
15798737,Chao,654,FRA,Male,38,8,"€ 88,659.44",7979349.6
15712608,Costa,787,Germany,Female,42,2,"€ 44,273.91",3984651.9
15636736,McLachlan,611,French,Female,53,7,"€ 156,495.39",14084585.1
15703544,Hung,559,Spain,Male,34,0,"€ 182,988.94",16469004.6
15815645,Akhtar,481,FRA,Male,37,8,"€ 175,082.20",15757398
15705739,Toscani,753,Germany,Male,32,5,"€ 148,811.14",13393002.6
15709643,Gray,675,French,Male,32,1,"€ 85,901.09",7731098.1
15669805,Warren,748,Germany,Female,31,1,"€ 199,255.32",17932978.8
15737489,Ramsden,610,Spain,Female,46,5,"€ 107,973.44",9717609.6
15775131,Bartlett,580,Spain,Male,32,9,"€ 128,028.60",11522574
15765283,Wenz,624,Germany,Female,40,3,"€ 104,610.86",9414977.4
15628715,Kisch,709,France,Female,36,8,"€ 69,676.55",6270889.5
15813283,Mai,605,French,Female,34,2,"€ 35,982.42",3238417.8
15745716,McGregor,706,Spain,Male,53,7,"€ 117,939.17",10614525.3
15598485,Pinto,567,Spain,Male,40,8,"€ 95,140.62",8562655.8
15696552,Newman,747,French,Female,21,4,"€ 167,682.57",15091431.3
15754569,Pagnotto,664,France,Male,57,1,"€ 56,562.57",5090631.3
15701741,Williams,711,France,Female,39,3,"€ 90,305.97",8127537.3
15572631,Ndubuisi,609,French,Male,25,10,"€ 109,895.16",9890564.4
15636069,Plummer,632,Spain,Male,28,7,"€ 1,843.24",165891.6
15682467,Chimezie,725,France,Female,36,1,"€ 102,747.02",9247231.8
15790744,Nash,850,French,Female,34,9,"€ 97,465.89",8771930.1
15625023,Onochie,682,French,Male,40,4,"€ 105,352.55",9481729.5
15731267,Rizzo,797,French,Male,37,4,"€ 85,801.77",7722159.3
15742879,Boni,668,Spain,Male,38,1,"€ 69,370.05",6243304.5
15757015,Davies,783,Germany,Female,41,5,"€ 176,945.96",15925136.4
15770711,Lu,766,Germany,Female,28,4,"€ 21,597.20",1943748
15569430,Burrows,704,Spain,Female,36,2,"€ 152,039.67",13683570.3
15617304,Ershova,722,French,Male,40,6,"€ 111,893.09",10070378.1
15704466,Udokamma,692,FRA,Female,34,7,"€ 195,074.62",17556715.8
15664681,Aitken,584,FRA,Female,35,2,"€ 15,959.01",1436310.9
15605534,Turnbull,644,Germany,Female,51,4,"€ 72,628.84",6536595.6
15792473,Reilly,598,Germany,Female,50,5,"€ 64,157.24",5774151.6
15802625,Hardy,733,Germany,Male,48,7,"€ 23,860.50",2147445
15766017,Brookman,615,Germany,Male,58,3,"€ 85,687.09",7711838.1
15762172,Kerr,850,French,Female,39,2,"€ 179,451.42",16150627.8
15728333,McBurney,521,FRA,Male,43,8,"€ 93,180.09",8386208.1
15792868,Mickey,675,French,Male,69,1,"€ 157,097.09",14138738.1
15605698,Harrison,746,French,Male,58,3,"€ 80,344.96",7231046.4
15777060,Olszewski,770,France,Female,33,4,"€ 26,080.54",2347248.6
15626243,Chijioke,618,France,Male,30,3,"€ 31,406.93",2826623.7
15719898,Young,556,FRA,Male,36,7,"€ 32,044.64",2884017.6
15599976,Bellasis,749,French,Female,27,9,"€ 132,734.87",11946138.3
15752809,De Mestre,702,Spain,Male,43,6,"€ 61,602.42",5544217.8
15589698,De Luca,555,Germany,Male,42,6,"€ 41,304.44",3717399.6
15609977,Mundy,587,France,Male,47,6,"€ 57,962.41",5216616.9
15750121,Tung,639,FRA,Male,38,3,"€ 42,862.82",3857653.8
15734177,Donahue,643,France,Male,33,4,"€ 152,992.04",13769283.6
15781347,Okagbue,600,FRA,Female,41,1,"€ 91,193.65",8207428.5
15592025,Nnaemeka,651,FRA,Male,53,7,"€ 130,132.41",11711916.9
15670163,Verjus,666,FRA,Female,27,4,"€ 88,751.45",7987630.5
15765402,H?,520,France,Female,39,6,"€ 104,118.93",9370703.7
15624343,Napolitani,650,Spain,Female,50,7,"€ 42,028.16",3782534.4
15602354,Ginikanwa,564,Germany,Male,33,3,"€ 75,632.78",6806950.2
15579183,Spaull,586,FRA,Male,64,1,"€ 53,710.23",4833920.7
15584899,Siciliani,617,FRA,Female,35,5,"€ 13,066.30",1175967
15723658,Voronina,712,Spain,Female,30,6,"€ 152,417.97",13717617.3
15803965,Tang,654,France,Male,55,3,"€ 3,299.01",296910.9
15682489,Crumbley,605,FRA,Male,27,9,"€ 198,091.81",17828262.9
15813645,Hamilton,491,French,Female,36,0,"€ 103,934.12",9354070.8
15766787,Piazza,707,France,Female,35,9,"€ 70,403.65",6336328.5
15687171,Birch,638,Spain,Male,34,5,"€ 102,179.86",9196187.4
15690744,Custance,683,FRA,Male,43,2,"€ 30,375.18",2733766.2
15707974,Anayochukwu,815,Spain,Female,38,2,"€ 184,796.84",16631715.6
15673084,Galkin,645,Spain,Male,38,1,"€ 166,264.89",14963840.1
15814772,Adams,645,Germany,Male,49,4,"€ 88,391.97",7955277.3
15743709,Toomey,683,FRA,Male,30,4,"€ 115,186.97",10366827.3
15610343,Marshall-Hall,705,FRA,Female,37,10,"€ 13,935.53",1254197.7
15737414,Shen,647,France,Male,35,4,"€ 83,910.40",7551936
15788480,Pagnotto,786,Germany,Female,33,0,"€ 34,712.34",3124110.6
15568519,Wood,534,French,Male,41,9,"€ 13,871.34",1248420.6
15792453,More,602,Spain,Female,42,1,"€ 139,494.75",12554527.5
15658100,Piccio,695,France,Female,42,0,"€ 140,724.64",12665217.6
15695197,Tochukwu,553,Germany,Female,25,7,"€ 20,682.46",1861421.4
15749807,Graham,516,Spain,Female,31,3,"€ 124,202.26",11178203.4
15773876,Tung,655,France,Female,34,3,"€ 159,638.77",14367489.3
15591698,P'eng,849,Germany,Female,49,9,"€ 171,056.65",15395098.5
15712813,Nevzorova,520,Germany,Male,43,3,"€ 25,333.03",2279972.7
15763898,Toscani,568,Spain,Female,46,3,"€ 29,372.62",2643535.8
15793324,McKenzie,695,Spain,Male,32,9,"€ 38,533.79",3468041.1
15757759,Okwuoma,807,Spain,Female,28,7,"€ 156,122.13",14050991.7
15796230,Morley,642,Germany,Female,36,2,"€ 57,904.22",5211379.8
15611729,Kerr,703,Germany,Male,39,1,"€ 31,257.10",2813139
15709531,Harding,556,France,Male,38,2,"€ 193,214.05",17389264.5
15650751,Butler,585,France,Female,30,6,"€ 137,757.69",12398192.1
15641413,Crawford,587,Germany,Female,49,7,"€ 13,308.20",1197738
15753840,Brown,524,Spain,Female,32,6,"€ 132,861.90",11957571
15669994,Greece,556,Germany,Female,31,1,"€ 125,083.29",11257496.1
15695301,Matthews,504,Spain,Male,44,4,"€ 12,405.20",1116468
15792004,Heath,731,Spain,Female,26,3,"€ 37,697.29",3392756.1
15603035,Vincent,651,FRA,Male,34,3,"€ 105,599.65",9503968.5
15717286,Sal,675,Spain,Female,40,8,"€ 142,783.98",12850558.2
15577107,Milne,657,Spain,Female,22,6,"€ 168,412.07",15157086.3
15754747,Bazile,686,Germany,Male,33,9,"€ 184,036.47",16563282.3
15705676,Wardle,690,France,Female,35,9,"€ 48,478.47",4363062.3
15751912,Lilly,567,FRA,Male,36,7,"€ 3,896.08",350647.2
15677336,Aitken,557,Germany,Male,57,1,"€ 132,370.75",11913367.5
15684395,Enderby,446,Spain,Female,45,10,"€ 128,260.86",11543477.4
15659949,Chiu,850,FRA,Male,31,1,"€ 106,534.15",9588073.5
15812422,Ugorji,637,FRA,Male,41,2,"€ 102,515.42",9226387.8
15806941,Sharpe,499,France,Male,60,7,"€ 83,643.87",7527948.3
15637690,Houghton,622,Germany,Female,34,7,"€ 138,906.85",12501616.5
15632882,Konovalova,684,Germany,Male,37,1,"€ 29,995.83",2699624.7
15807107,Patel,612,French,Male,32,3,"€ 164,081.42",14767327.8
15661034,Ngozichukwuka,813,Germany,Female,29,5,"€ 187,976.88",16917919.2
15811958,Medland,850,Germany,Male,44,2,"€ 158,171.36",14235422.4
15785167,Padovano,795,Spain,Male,29,4,"€ 155,711.64",14014047.6
15646720,Tsui,628,Spain,Female,55,7,"€ 85,890.75",7730167.5
15658614,H?,565,Germany,Female,38,7,"€ 83,844.79",7546031.1
15704657,Denman,601,FRA,Male,39,3,"€ 41,777.90",3760011
15567147,Ratten,802,Spain,Male,40,4,"€ 81,908.09",7371728.1
15701319,Baxter,614,Germany,Female,37,6,"€ 139,377.24",12543951.6
15745266,Norman,434,Spain,Male,55,6,"€ 73,562.05",6620584.5
15650437,Shen,522,Germany,Male,32,8,"€ 165,786.10",14920749
15764314,Reilly,550,Germany,Male,36,2,"€ 174,921.91",15742971.9
15612594,Ifeanacho,599,Spain,Male,25,3,"€ 120,790.02",10871101.8
15593501,Graham,493,French,Female,36,5,"€ 56,092.51",5048325.9
15804150,Lysaght,755,FRA,Male,34,3,"€ 158,816.03",14293442.7
15649297,T'ang,605,FRA,Female,62,4,"€ 125,660.99",11309489.1
15641110,Abron,708,French,Male,41,0,"€ 128,400.62",11556055.8
15660608,Chimaraoke,699,French,Male,44,8,"€ 107,181.22",9646309.8
15806570,Y?an,763,FRA,Female,53,4,"€ 77,203.72",6948334.8
15715345,Sergeyeva,743,Spain,Male,25,6,"€ 129,740.11",11676609.9
15755521,Ma,660,French,Female,48,0,"€ 187,604.97",16884447.3
15579074,Obiajulu,619,Germany,Male,38,10,"€ 184,754.26",16627883.4
15641158,Belcher,739,Germany,Male,32,3,"€ 63,981.37",5758323.3
15752507,K?,769,Germany,Male,60,9,"€ 192,831.67",17354850.3
15597983,Brown,692,France,Male,69,10,"€ 70,849.47",6376452.3
15586069,Abernathy,560,French,Female,30,0,"€ 27,914.95",2512345.5
15655082,Pape,607,French,Female,48,4,"€ 173,568.30",15621147
15720155,Tao,630,Germany,Male,29,6,"€ 9,324.31",839187.9
15582116,Ma,767,Germany,Female,45,7,"€ 26,628.88",2396599.2
15749365,Earle,543,FRA,Female,34,8,"€ 145,601.80",13104162
15632069,Kazantsev,776,French,Male,39,8,"€ 144,496.07",13004646.3
15663134,Uspenskaya,535,Spain,Male,58,1,"€ 11,779.98",1060198.2
15766683,Coombes,549,Germany,Male,36,6,"€ 83,983.39",7558505.1
15707219,Hopman,844,French,Female,28,4,"€ 123,318.37",11098653.3
15709232,McKay,586,Germany,Female,47,5,"€ 65,481.86",5893367.4
15801351,Milanesi,583,French,Male,40,3,"€ 47,728.00",4295520
15578747,Chineze,701,Spain,Male,26,5,"€ 59,195.05",5327554.5
15675626,Dawson,726,French,Male,28,2,"€ 98,060.51",8825445.9
15583736,Shih,829,Germany,Male,36,4,"€ 90,106.94",8109624.6
15590011,Hughes,749,Spain,Male,38,9,"€ 13,549.34",1219440.6
15609913,Clark,743,French,Female,46,9,"€ 113,436.08",10209247.2
15719479,Chukwuhaenye,619,Spain,Female,56,7,"€ 42,442.21",3819798.9
15575147,Wall,699,France,Male,22,9,"€ 68,297.61",6146784.9
15597309,Howell,749,Spain,Male,36,7,"€ 80,134.65",7212118.5
15648367,Lo,600,Germany,Female,29,6,"€ 96,051.10",8644599
15758031,Lazarev,760,Spain,Male,38,3,"€ 80,682.35",7261411.5
15751771,Lowe,528,Germany,Male,32,2,"€ 111,149.98",10003498.2
15689288,Folliero,630,France,Female,26,5,"€ 182,612.38",16435114.2
15731026,Han,683,Germany,Female,39,2,"€ 109,201.43",9828128.7
15775809,Holloway,677,Germany,Female,26,6,"€ 151,146.67",13603200.3
15743076,Pai,669,Spain,Male,29,9,"€ 93,901.61",8451144.9
15658258,Trejo,693,French,Male,43,6,"€ 36,342.79",3270851.1
15756321,Johnston,612,Spain,Female,52,5,"€ 98,302.57",8847231.3
15706799,Macknight,719,Spain,Male,44,4,"€ 84,972.90",7647561
15775703,Lo,702,French,Male,26,2,"€ 108,747.12",9787240.8
15642636,Glossop,755,French,Male,29,9,"€ 21,862.19",1967597.1
15704651,Bishop,514,FRA,Male,26,1,"€ 121,551.93",10939673.7
15806771,Yefremova,753,France,Female,40,0,"€ 177,065.24",15935871.6
15566735,Obialo,548,Germany,Female,36,2,"€ 140,460.01",12641400.9
15681671,Nkemjika,850,Germany,Male,28,2,"€ 35,337.31",3180357.9
15775949,Trevisani,612,France,Female,38,7,"€ 193,502.93",17415263.7
15586752,Parkes,628,Germany,Male,33,8,"€ 32,174.03",2895662.7
15582519,Seleznyov,479,French,Male,47,6,"€ 5,811.90",523071
15658233,Naylor,724,France,Female,41,5,"€ 149,593.61",13463424.9
15755330,Forbes,512,Germany,Male,41,7,"€ 37,439.90",3369591
15605072,Douglas,638,France,Female,43,3,"€ 142,763.51",12848715.9
15617538,Nwankwo,834,Spain,Male,40,7,"€ 45,038.74",4053486.6
15591428,Myers,781,France,Male,29,9,"€ 172,097.40",15488766
15692142,Rogova,707,Germany,Female,48,7,"€ 180,344.69",16231022.1
15692931,Hsing,670,FRA,Male,22,2,"€ 37,392.56",3365330.4
15781127,Giordano,663,Spain,Female,33,8,"€ 36,864.05",3317764.5
15677136,Okwukwe,624,France,Female,23,5,"€ 132,418.59",11917673.1
15677828,Chalmers,598,France,Female,34,4,"€ 60,894.26",5480483.4
15567897,Chiazagomekpere,619,Germany,Male,23,5,"€ 143,913.33",12952199.7
15793641,Evseyev,792,France,Female,70,3,"€ 172,240.27",15501624.3
15678333,Parry-Okeden,683,French,Female,26,7,"€ 86,619.77",7795779.3
15630511,Picot,691,France,Female,33,6,"€ 164,074.89",14766740.1
15792627,Reid,765,Spain,Female,33,5,"€ 69,039.43",6213548.7
15717191,Ferri,508,France,Male,49,1,"€ 132,468.76",11922188.4
15625716,Genovesi,637,French,Female,33,9,"€ 65,316.50",5878485
15710053,Neumayer,667,Germany,Female,44,5,"€ 57,164.19",5144777.1
15580043,Murray,575,Spain,Female,22,8,"€ 34,397.08",3095737.2
15601410,Tien,744,Spain,Female,46,1,"€ 177,431.59",15968843.1
15684669,Parkes,567,France,Female,41,9,"€ 142,009.46",12780851.4
15619083,Yip,502,France,Female,35,6,"€ 80,618.47",7255662.3
15692207,Ingle,609,FRA,Female,53,6,"€ 124,218.27",11179644.3
15730705,Chidubem,715,French,Male,37,9,"€ 85,286.30",7675767
15749688,Lu,541,FRA,Male,32,8,"€ 40,889.14",3680022.6
15728542,Vorobyova,850,French,Female,71,4,"€ 107,236.87",9651318.3
15760063,Chiedozie,595,Spain,Male,23,7,"€ 168,085.97",15127737.3
15658982,Napolitani,650,Germany,Female,28,5,"€ 146,663.43",13199708.7
15758769,Coffey,625,French,Female,44,7,"€ 4,791.80",431262
15778481,Chigbogu,817,France,Male,59,1,"€ 120,819.58",10873762.2
15661162,Akabueze,526,Spain,Male,49,2,"€ 114,539.67",10308570.3
15568164,Istomin,850,FRA,Female,34,4,"€ 154,000.99",13860089.1
15601569,Ndubueze,598,French,Female,40,2,"€ 137,980.58",12418252.2
15772383,Toscani,613,FRA,Male,36,9,"€ 83,343.73",7500935.7
15667456,Ross,709,Spain,Male,62,3,"€ 82,195.15",7397563.5
15672983,Fernando,678,Spain,Female,27,5,"€ 149,550.95",13459585.5
15799534,McClaran,720,FRA,Male,71,5,"€ 197,688.50",17791965
15582847,Yermakova,662,France,Male,26,0,"€ 72,929.96",6563696.4
15612478,Somadina,525,France,Male,51,10,"€ 171,045.35",15394081.5
15709621,Wan,662,French,Male,31,3,"€ 27,731.05",2495794.5
15802009,Mazzi,770,French,Female,33,6,"€ 126,131.90",11351871
15698816,Tuan,721,Spain,Female,33,4,"€ 103,931.49",9353834.1
15574830,Townsley,633,Germany,Male,58,2,"€ 147,635.33",13287179.7
15603082,Yashina,701,France,Male,51,9,"€ 61,961.57",5576541.3
15685947,Henderson,556,Germany,Male,42,0,"€ 125,435.47",11289192.3
15643048,Mueller,639,French,Male,66,0,"€ 42,240.54",3801648.6
15807568,Wright,632,FRA,Male,50,2,"€ 57,942.88",5214859.2
15597591,Lung,456,French,Male,29,5,"€ 153,419.62",13807765.8
15747558,Bryant,729,Spain,Female,38,10,"€ 189,727.12",17075440.8
15756655,Madukaife,632,France,Female,34,2,"€ 165,385.55",14884699.5
15589949,Maclean,433,Spain,Male,34,9,"€ 19,687.99",1771919.1
15601012,Abdullah,802,French,Female,60,3,"€ 39,473.63",3552626.7
15724269,Yao,670,FRA,Male,25,7,"€ 144,723.38",13025104.2
15567506,Cheatham,738,Germany,Female,40,6,"€ 194,895.57",17540601.3
15791877,Gallagher,706,Germany,Male,34,0,"€ 77,271.91",6954471.9
15794360,Hao,592,Germany,Female,70,5,"€ 105,096.82",9458713.8
15686538,Nixon,522,French,Female,41,7,"€ 176,780.39",15910235.1
15585985,Wang,746,FRA,Male,48,5,"€ 153,786.46",13840781.4
15699257,Kerr,651,Spain,Male,42,2,"€ 43,612.06",3925085.4
15804104,Romani,494,FRA,Male,28,9,"€ 79,479.74",7153176.6
15727619,Lock,753,Germany,Female,46,9,"€ 92,320.37",8308833.3
15740237,Millar,671,Germany,Male,36,2,"€ 193,201.86",17388167.4
15801436,K'ung,696,France,Male,42,4,"€ 126,353.13",11371781.7
15705735,Onyekachi,577,Spain,Male,43,3,"€ 135,008.92",12150802.8
15649359,Somayina,587,France,Male,36,1,"€ 17,135.60",1542204
15624892,Dennis,712,Germany,Male,37,7,"€ 60,651.77",5458659.3
15784918,Brown,498,Germany,Male,35,2,"€ 188,343.05",16950874.5
15584785,Ogochukwu,660,FRA,Male,37,2,"€ 23,291.83",2096264.7
15797197,Macleod,678,Spain,Male,29,6,"€ 64,443.75",5799937.5
15574858,Page,530,French,Male,37,8,€ 287.99,25919.1
15794101,Barese,559,French,Female,48,2,"€ 137,961.41",12416526.9
15743245,Agafonova,624,French,Male,42,3,"€ 72,169.95",6495295.5
15791535,Caraway,592,French,Male,28,5,"€ 39,608.58",3564772.2
15605215,Stevenson,767,French,Male,48,9,"€ 175,458.21",15791238.9
15771749,Duncan,653,Germany,Female,38,5,"€ 89,524.83",8057234.7
15616833,Wang,678,Spain,Male,27,2,"€ 13,221.25",1189912.5
15750728,Kaur,586,Spain,Female,42,2,"€ 102,889.34",9260040.6
15769353,Jenkins,550,FRA,Female,40,8,"€ 166,468.21",14982138.9
15770091,Edwards,643,Germany,Male,28,9,"€ 27,149.27",2443434.3
15716420,Kelly,612,Spain,Male,39,5,"€ 59,601.15",5364103.5
15740602,Boyle,674,Germany,Female,27,4,"€ 22,026.18",1982356.2
15796071,Loane,657,Spain,Male,29,7,"€ 153,059.62",13775365.8
15811389,Padovano,724,Germany,Female,35,0,"€ 167,313.07",15058176.3
15783875,Li Fonti,500,FRA,Female,34,4,"€ 12,833.96",1155056.4
15671800,Robinson,688,French,Male,20,8,"€ 197,582.79",17782451.1
15677288,Geach,599,France,Male,50,3,"€ 4,033.39",363005.1
15633525,Payne,631,France,Male,29,7,"€ 125,877.22",11328949.8
15634606,Chinonyelum,634,Spain,Male,52,1,"€ 176,913.42",15922207.8
15579207,Watkins,545,French,Male,37,3,"€ 105,476.65",9492898.5
15619892,Page,644,Spain,Male,18,8,"€ 59,172.42",5325517.8
15567778,Genovese,690,Germany,Female,54,1,"€ 108,731.02",9785791.8
15711750,Watson,711,French,Female,34,6,"€ 175,310.38",15777934.2
15751084,Mancini,712,French,Female,29,8,"€ 38,170.04",3435303.6
15768945,Chibueze,627,FRA,Male,27,1,"€ 105,887.04",9529833.6
15586931,Hunter,694,Spain,Male,39,3,"€ 95,625.03",8606252.7
15636353,Buchi,534,Spain,Male,35,4,"€ 9,541.15",858703.5
15623858,Charteris,603,FRA,Male,45,9,"€ 148,516.79",13366511.1
15703354,Aksenov,808,France,Female,33,2,"€ 113,907.80",10251702
15663987,Wright,723,Spain,Male,30,1,"€ 164,647.72",14818294.8
15780805,Lu,585,French,Female,35,2,"€ 98,621.04",8875893.6
15768566,K?,706,FRA,Male,34,8,"€ 37,479.97",3373197.3
15643229,Hou,671,France,Female,31,6,"€ 15,846.42",1426177.8
15754940,Descoteaux,597,Spain,Male,43,2,"€ 5,104.08",459367.2
15676576,Stephenson,646,FRA,Female,43,8,"€ 61,937.60",5574384
15800068,Cooper,801,Spain,Female,46,6,"€ 170,008.74",15300786.6
15648030,Crump,731,Spain,Female,33,5,"€ 165,000.68",14850061.2
15668594,Diggs,620,Germany,Female,25,1,"€ 76,197.05",6857734.5
15728709,Shih,484,Germany,Male,40,7,"€ 118,045.98",10624138.2
15724181,Hudson,647,Spain,Male,47,5,"€ 157,360.90",14162481
15647546,Carvosso,688,Germany,Female,40,8,"€ 196,226.38",17660374.2
15702601,Wyatt,680,Germany,Male,30,4,"€ 44,384.57",3994611.3
15567725,Kodilinyechukwu,689,France,Female,46,7,"€ 72,993.65",6569428.5
15674179,Vorobyova,513,Germany,Male,34,7,"€ 124,571.09",11211398.1
15686957,Piccio,553,Germany,Male,35,2,"€ 43,640.16",3927614.4
15607690,Hsing,689,Germany,Male,47,2,"€ 31,121.42",2800927.8
15806546,Lucas,517,Spain,Male,46,4,"€ 22,372.78",2013550.2
15632850,T'ang,731,France,Male,37,8,"€ 170,338.35",15330451.5
15709016,North,687,Germany,Female,47,1,"€ 158,845.49",14296094.1
15638068,Thompson,507,Spain,Male,32,7,"€ 67,926.18",6113356.2
15749345,Simpson,468,France,Female,22,1,"€ 194,783.12",17530480.8
15791321,Nwora,682,Spain,Female,58,4,"€ 176,036.01",15843240.9
15699095,Chandler,603,France,Female,24,3,"€ 198,826.03",17894342.7
15638329,Uspensky,522,Germany,Male,25,1,"€ 168,683.57",15181521.3
15575445,Ferguson,629,Spain,Male,41,10,"€ 6,936.27",624264.3
15752622,Kerr,729,France,Female,32,7,"€ 179,230.23",16130720.7
15774507,Furneaux,574,France,Female,39,5,"€ 103,421.91",9307971.9
15570857,Kambinachi,677,Germany,Female,39,0,"€ 147,578.26",13282043.4
15599386,Black,627,Germany,Male,28,5,"€ 130,504.49",11745404.1
15744913,Chizoba,788,Spain,Male,36,10,"€ 16,149.13",1453421.7
15647292,Peng,697,FRA,Male,63,7,"€ 118,862.08",10697587.2
15728838,Leach,578,FRA,Male,45,1,"€ 143,397.14",12905742.6
15584704,Chiazagomekpele,519,French,Male,48,10,"€ 137,959.00",12416310
15749068,Nickson,632,France,Female,40,9,"€ 93,702.96",8433266.4
15622985,Lin,679,France,Female,39,4,"€ 172,939.30",15564537
15587676,Alexeieva,699,France,Male,30,9,"€ 108,162.13",9734591.7
15779496,Sykes,615,FRA,Male,64,0,"€ 35,896.09",3230648.1
15733460,Martin,622,Spain,Male,36,9,"€ 104,852.60",9436734
15711457,Herz,755,French,Female,28,7,"€ 188,850.89",16996580.1
15795290,Nikitina,767,France,Female,42,2,"€ 28,615.80",2575422
15611223,Ko,752,Germany,Female,38,10,"€ 172,001.44",15480129.6
15794159,Highett,633,France,Female,26,8,"€ 60,116.57",5410491.3
15780677,Jackson,717,France,Female,59,4,"€ 170,528.63",15347576.7
15690175,Ball,585,Spain,Male,45,0,"€ 189,683.70",17071533
15722599,Nelson,751,French,Female,37,9,"€ 49,734.94",4476144.6
15569976,Woronoff,754,Germany,Male,65,1,"€ 121,529.59",10937663.1
15707011,Morrison,495,French,Male,47,10,"€ 71,071.47",6396432.3
15702277,Smith,650,French,Male,34,4,"€ 142,995.32",12869578.8
15801915,Rendall,529,France,Female,31,6,"€ 13,054.25",1174882.5
15580213,McIntyre,585,FRA,Female,43,2,"€ 89,402.54",8046228.6
15637947,Wei,668,Spain,Male,32,1,"€ 111,241.37",10011723.3
15715888,Allardyce,591,FRA,Female,38,2,"€ 119,638.85",10767496.5
15732967,Cremonesi,731,FRA,Male,19,6,"€ 151,581.79",13642361.1
15737047,Weatherford,754,FRA,Female,45,6,"€ 73,881.68",6649351.2
15694039,Jen,650,Germany,Female,46,9,"€ 176,902.83",15921254.7
15649457,Macleod,588,Germany,Male,41,2,"€ 7,034.94",633144.6
15742809,Mironova,712,Spain,Female,29,7,"€ 122,547.58",11029282.2
15637829,Sharpe,691,French,Female,34,7,"€ 161,559.12",14540320.8
15633194,Osborne,771,France,Female,41,10,"€ 137,510.41",12375936.9
15611635,Chu,678,Spain,Female,39,6,"€ 185,366.56",16682990.4
15638774,Chong,719,Spain,Female,40,9,"€ 182,224.14",16400172.6
15722037,Alvarez,610,Germany,Male,36,7,"€ 42,581.04",3832293.6
15672930,Palerma,722,Spain,Male,37,9,"€ 31,921.95",2872975.5
15668774,Chiemenam,758,Germany,Female,23,5,"€ 102,460.84",9221475.6
15780966,Pritchard,709,France,Female,32,2,"€ 109,681.29",9871316.1
15659694,Wallis,634,Germany,Female,53,3,"€ 106,345.05",9571054.5
15624424,Palerma,678,Spain,Female,49,1,"€ 102,472.90",9222561
15708713,Hill,633,French,Male,35,3,"€ 36,249.76",3262478.4
15755405,Hudson,710,French,Male,43,9,"€ 32,996.89",2969720.1
15647570,Chung,640,Germany,Male,45,8,"€ 195,123.94",17561154.6
15684348,Zhdanova,656,FRA,Male,63,8,"€ 57,014.43",5131298.7
15702541,Fraser,551,France,Female,59,2,"€ 159,483.76",14353538.4
15646942,Meng,786,Spain,Female,39,7,"€ 100,929.59",9083663.1
15748920,Cherkasova,561,FRA,Female,49,8,"€ 12,513.07",1126176.3
15694581,Rawlings,807,Spain,Male,42,5,"€ 74,900.90",6741081
15643215,Jen,602,Germany,Male,38,2,"€ 137,111.89",12340070.1
15649060,Chien,727,Germany,Female,31,3,"€ 60,212.51",5419125.9
15774258,Gorbunov,678,FRA,Male,40,1,"€ 187,343.40",16860906
15731553,Lucas,730,FRA,Male,23,8,"€ 183,284.53",16495607.7
15617029,Young,596,Spain,Female,30,1,"€ 8,125.39",731285.1
15780716,Colombo,686,Germany,Male,39,3,"€ 103,220.56",9289850.4
15577018,Tsao,684,Germany,Female,26,2,"€ 96,885.19",8719667.1
15809515,Lewis,797,Germany,Male,32,1,"€ 8,877.06",798935.4
15789924,Hussain,658,French,Female,39,4,"€ 147,530.06",13277705.4
15725076,Anderson,653,Spain,Female,27,6,"€ 33,389.42",3005047.8
15672481,Ulyanov,641,France,Male,37,6,"€ 45,309.24",4077831.6
15574115,Shaw,656,Spain,Female,41,6,"€ 35,230.61",3170754.9
15661830,Lucciano,750,Spain,Female,36,6,"€ 59,816.41",5383476.9
15665879,Gordon,768,France,Female,40,8,"€ 69,080.46",6217241.4
15673820,Woodward,568,French,Male,33,7,"€ 143,450.61",12910554.9
15747772,Cunningham,706,Germany,Male,36,9,"€ 40,774.01",3669660.9
15666197,Boni,430,Germany,Female,38,8,"€ 99,377.27",8943954.3
15773639,Truscott,745,Germany,Male,35,4,"€ 133,617.43",12025568.7
15581893,Ginikanwa,747,FRA,Male,43,1,"€ 101,495.00",9134550
15672447,Bailey,657,Germany,Male,40,7,"€ 119,333.95",10740055.5
15777830,Hutchinson,639,France,Female,42,4,"€ 167,682.37",15091413.3
15713890,Maclean,704,French,Male,44,3,"€ 152,884.85",13759636.5
15577598,Chiang,651,Spain,Male,23,4,"€ 70,400.86",6336077.4
15786042,Willmore,706,Germany,Female,44,2,"€ 65,413.41",5887206.9
15753462,Godson,632,Germany,Male,30,2,"€ 182,728.80",16445592
15759690,Smith,751,French,Male,42,4,"€ 81,442.60",7329834
15801414,Bitter,767,French,Female,35,2,"€ 144,251.38",12982624.2
15656141,Ts'ao,741,FRA,Male,39,5,"€ 40,207.06",3618635.4
15608701,Chialuka,651,Germany,Male,29,3,"€ 54,530.51",4907745.9
15582892,Scott,601,FRA,Male,46,2,"€ 32,683.88",2941549.2
15632967,Feng,520,France,Male,34,3,"€ 104,703.96",9423356.4
15587573,Castiglione,626,Germany,Male,27,4,"€ 26,907.43",2421668.7
15654891,He,811,France,Male,30,6,"€ 180,591.32",16253218.8
15611365,Fanucci,730,France,Female,32,9,"€ 60,905.51",5481495.9
15749103,Ginikanwa,604,Germany,Female,47,4,"€ 47,777.15",4299943.5
15810203,Manning,499,Germany,Female,44,6,"€ 108,222.68",9740041.2
15813660,Forlonge,754,Spain,Male,40,2,"€ 3,554.63",319916.7
15605673,Liang,716,Spain,Female,29,8,"€ 78,616.92",7075522.8
15669282,Uchechukwu,636,French,Female,20,10,"€ 100,566.81",9051012.9
15792726,Sung,470,French,Female,25,8,"€ 183,259.35",16493341.5
15593241,Tochukwu,444,France,Male,43,3,"€ 159,131.21",14321808.9
15683053,Reyna,809,Spain,Female,48,2,"€ 160,976.85",14487916.5
15632736,Liang,850,Germany,Female,30,3,"€ 42,933.26",3863993.4
15731865,Unwin,637,FRA,Male,27,1,"€ 91,291.20",8216208
15760450,Rutherford,512,FRA,Male,43,1,"€ 52,471.36",4722422.4
15787204,Howe,774,Spain,Female,43,1,"€ 108,804.28",9792385.2
15650454,Tran,641,France,Male,57,5,"€ 122,449.18",11020426.2
15573730,Thompson,586,Germany,Male,42,6,"€ 41,682.30",3751407
15705050,Linger,611,French,Male,30,9,"€ 148,887.69",13399892.1
15791342,Johnston,660,Spain,Male,31,1,"€ 137,784.25",12400582.5
15684316,Udokamma,532,French,Male,43,9,"€ 190,573.91",17151651.9
15700540,Barrera,557,Germany,Female,38,2,"€ 102,076.03",9186842.7
15770631,Sutherland,730,Spain,Male,25,5,"€ 56,307.51",5067675.9
15790594,Bednall,535,French,Female,27,6,"€ 49,775.58",4479802.2
15604020,Otoole,773,Germany,Female,36,4,"€ 4,395.45",395590.5
15637599,Cremonesi,510,Germany,Female,44,4,"€ 28,461.29",2561516.1
15736578,Hamilton,539,French,Male,39,1,"€ 28,184.70",2536623
15666332,Donaldson,690,Spain,Female,48,2,"€ 3,149.10",283419
15727291,McKay,821,French,Female,40,1,"€ 194,273.12",17484580.8
15785920,Black,687,Germany,Male,35,1,"€ 148,537.07",13368336.3
15658987,Kane,557,France,Female,46,4,"€ 116,378.31",10474047.9
15687719,She,532,Spain,Female,37,5,"€ 6,761.84",608565.6
15799641,Bruno,540,Spain,Male,39,2,"€ 81,995.92",7379632.8
15758702,Watson,705,FRA,Female,55,8,"€ 14,392.68",1295341.2
15689526,Shih,542,Germany,Female,35,9,€ 468.94,42204.6
15586848,Rose,706,FRA,Male,38,1,"€ 122,379.54",11014158.6
15707637,Zikoranachukwudimma,765,French,Female,56,1,"€ 13,228.93",1190603.7
15719426,Cole,529,France,Male,67,8,"€ 154,002.02",13860181.8
15639265,Isaacs,714,FRA,Male,54,7,"€ 112,777.38",10149964.2
15576124,Muravyova,582,France,Male,41,1,"€ 128,528.83",11567594.7
15757829,Timperley,609,Germany,Female,40,10,"€ 170,122.22",15310999.8
15633227,Kenechukwu,518,France,Female,28,9,"€ 2,803.89",252350.1
15753092,He,791,Germany,Male,35,5,"€ 181,918.26",16372643.4
15782939,Storey,747,French,Male,42,4,"€ 115,241.96",10371776.4
15746338,Onyekachukwu,565,France,Female,40,2,"€ 129,956.13",11696051.7
15590676,Kharlamova,735,France,Male,34,1,"€ 45,858.49",4127264.1
15599329,Christopher,697,France,Female,49,7,"€ 131,083.56",11797520.4
15783097,Lombardo,813,Germany,Male,27,6,"€ 46,422.46",4178021.4
15597885,Kerr,772,French,Male,43,6,"€ 57,675.88",5190829.2
15597467,Duncan,606,French,Female,71,8,"€ 169,741.96",15276776.4
15724764,Lawley,667,Germany,Female,42,10,"€ 26,022.37",2342013.3
15778418,Burns,637,Germany,Male,40,9,"€ 125,334.16",11280074.4
15684769,Whitson,542,French,Male,67,10,"€ 21,343.74",1920936.6
15756167,Doyne,762,Spain,Female,43,5,"€ 139,971.01",12597390.9
15632439,Pinto,698,FRA,Female,39,4,"€ 47,455.82",4271023.8
15755138,Chin,850,French,Female,32,8,"€ 55,593.80",5003442
15659092,Davide,621,FRA,Female,50,5,"€ 191,756.54",17258088.6
15742116,Torres,671,Germany,Female,48,9,"€ 76,373.38",6873604.2
15801994,Buccho,775,French,Male,31,9,"€ 169,278.51",15235065.9
15647572,Greece,504,Spain,Male,34,0,"€ 136,909.88",12321889.2
15644551,Wimble,751,Spain,Female,37,3,"€ 54,865.92",4937932.8
15709135,Pirozzi,691,Germany,Male,30,7,"€ 156,529.44",14087649.6
15684469,Hsiung,841,Germany,Male,32,2,"€ 113,482.20",10213398
15627637,Obioma,709,Germany,Male,23,8,"€ 63,446.47",5710182.3
15667093,Onio,673,France,Male,37,2,"€ 13,624.02",1226161.8
15690589,Udinesi,541,French,Male,37,9,"€ 148,814.54",13393308.6
15595350,Fermin,661,FRA,Female,31,3,"€ 65,567.91",5901111.9
15777586,Moss,784,Spain,Female,42,2,"€ 6,409.55",576859.5
15804064,Docherty,742,French,Female,35,2,"€ 126,997.53",11429777.7
15717770,Marcelo,850,Spain,Female,55,7,"€ 171,762.87",15458658.3
15754443,Fadden,443,France,Female,35,9,"€ 129,031.19",11612807.1
15776939,Zox,778,Germany,Female,48,3,"€ 182,691.31",16442217.9
15713517,Otitodilinna,529,France,Male,39,6,"€ 12,351.01",1111590.9
15683522,Kennedy,678,Germany,Female,37,2,"€ 135,123.96",12161156.4
15673995,Tu,516,Spain,Female,65,9,"€ 181,490.42",16334137.8
15771054,Barnes,469,Spain,Male,35,5,"€ 186,490.37",16784133.3
15578788,Bibi,786,Spain,Male,40,6,"€ 41,248.80",3712392
15737408,L?,703,French,Female,41,6,"€ 116,267.28",10464055.2
15750837,Landseer,579,Germany,Male,41,0,"€ 9,201.53",828137.7
15576022,Nwachinemelu,565,French,Male,38,5,"€ 80,630.32",7256728.8
15635502,Ch'iu,443,French,Male,44,2,"€ 159,165.70",14324913
15627298,Vinogradova,589,France,Male,37,7,"€ 86,490.09",7784108.1
15811415,Jenks,691,France,Female,44,6,"€ 197,572.41",17781516.9
15645059,Crace,711,FRA,Female,28,8,"€ 105,159.89",9464390.1
15689671,Packham,775,Spain,Male,27,4,"€ 40,807.26",3672653.4
15718667,T'ien,621,France,Male,35,7,€ 143.34,12900.6
15803202,Onyekachi,350,France,Male,51,10,"€ 125,823.79",11324141.1
15593683,Solomina,668,Spain,Female,30,8,"€ 138,465.70",12461913
15703394,Hawes,633,Spain,Male,27,3,"€ 44,008.91",3960801.9
15570289,Benson,697,Germany,Male,43,8,"€ 66,893.28",6020395.2
15567437,Emenike,734,Germany,Female,30,7,"€ 76,503.06",6885275.4
15711687,Nero,434,French,Male,41,4,"€ 56,784.11",5110569.9
15656592,Toscano,646,Germany,Male,48,8,"€ 175,657.55",15809179.5
15634373,Yang,764,FRA,Male,30,5,"€ 105,155.66",9464009.4
15769125,Palerma,727,Spain,Female,41,10,"€ 47,468.56",4272170.4
15711386,Trentini,724,France,Female,29,6,"€ 64,729.51",5825655.9
15714241,Haddon,749,Spain,Male,42,9,"€ 101,108.85",9099796.5
15642530,Coates,706,Germany,Female,47,10,"€ 140,938.95",12684505.5
15713599,Castiglione,728,France,Male,30,10,"€ 37,662.49",3389624.1
15744770,Stone,636,French,Male,44,2,"€ 86,414.41",7777296.9
15780498,Maynard,634,France,Male,34,3,"€ 41,820.65",3763858.5
15624397,Moore,627,FRA,Male,43,8,"€ 127,734.16",11496074.4
15615219,Obielumani,518,FRA,Male,59,5,"€ 123,872.00",11148480
15570908,Harding,687,Spain,Female,29,7,"€ 113,050.92",10174582.8
15762855,Hill,622,Spain,Female,23,8,"€ 131,389.39",11825045.1
15661827,Brown,693,Spain,Female,45,4,"€ 26,589.56",2393060.4
15746035,Pagnotto,450,Spain,Male,25,9,"€ 195,463.35",17591701.5
15691906,Esposito,664,Germany,Female,49,5,"€ 108,876.75",9798907.5
15793424,Tan,663,Spain,Female,28,8,"€ 136,054.45",12244900.5
15577905,Hammond,660,French,Male,34,8,"€ 182,262.66",16403639.4
15667216,Chung,579,France,Female,29,10,"€ 129,209.09",11628818.1
15673971,Houghton,655,Germany,Female,44,6,"€ 64,853.51",5836815.9
15701238,Chia,683,French,Male,47,1,"€ 148,989.15",13409023.5
15644849,Zikoranachidimma,655,France,Female,32,2,"€ 71,047.51",6394275.9
15635531,Boag,575,Spain,Female,30,8,"€ 185,341.63",16680746.7
15632263,Pagnotto,574,Spain,Male,30,5,"€ 137,793.35",12401401.5
15720110,Oluchukwu,795,FRA,Male,32,2,"€ 198,317.23",17848550.7
15619045,Baxter,776,France,Female,43,4,"€ 162,137.50",14592375
15697510,Tien,707,Spain,Female,52,7,"€ 109,688.82",9871993.8
15784923,Chimezie,705,Germany,Female,37,3,"€ 36,320.87",3268878.3
15567383,Slone,678,Germany,Female,44,2,"€ 31,384.86",2824637.4
15732621,Martin,663,France,Male,34,10,"€ 114,083.73",10267535.7
15757981,Loggia,748,FRA,Male,66,8,"€ 163,331.65",14699848.5
15727819,Hartley,677,Spain,Female,34,10,"€ 50,777.77",4569999.3
15738088,Parkin,634,Spain,Male,63,10,"€ 30,772.86",2769557.4
15765173,Lin,350,France,Female,60,3,"€ 113,796.15",10241653.5
15665159,Brooks,727,FRA,Male,61,0,"€ 188,729.08",16985617.2
15618203,Tien,773,Germany,Male,51,8,"€ 86,701.40",7803126
15791452,Dann,675,French,Male,39,1,"€ 153,129.22",13781629.8
15638159,Trentino,649,Spain,Female,36,6,"€ 19,825.09",1784258.1
15585466,Russo,552,France,Male,29,10,"€ 12,186.83",1096814.7
15677310,Christie,761,Germany,Male,62,5,"€ 86,920.97",7822887.3
15646262,Ross,622,FRA,Male,31,7,"€ 35,408.77",3186789.3
15656901,Nnonso,615,France,Male,59,8,"€ 165,576.55",14901889.5
15621093,Teng,681,Germany,Male,31,4,"€ 48,226.76",4340408.4
15592123,Buccho,768,France,Male,30,6,"€ 199,454.37",17950893.3
15589200,Madukaife,617,Spain,Male,34,9,"€ 118,749.58",10687462.2
15602934,Dunn,452,France,Female,33,6,"€ 151,623.91",13646151.9
15812720,Hooker,807,Germany,Male,37,10,"€ 172,097.95",15488815.5
15695383,Griffin,567,Spain,Male,44,9,"€ 87,677.15",7890943.5
15723064,Kistler,603,Spain,Male,24,1,"€ 21,858.28",1967245.2
15761606,Law,617,Spain,Female,37,9,"€ 123,866.28",11147965.2
15650322,Grigoryeva,701,FRA,Female,34,3,"€ 74,694.41",6722496.9
15669782,Chu,820,Germany,Male,39,9,"€ 16,770.31",1509327.9
15751628,Onyemachukwu,438,FRA,Male,60,7,"€ 49,424.60",4448214
15809057,Lu,600,Spain,Female,27,6,"€ 172,031.22",15482809.8
15617052,Watson,782,France,Male,34,9,"€ 183,021.06",16471895.4
15590810,Fallaci,638,Germany,Female,41,9,"€ 73,979.85",6658186.5
15801293,Ni,850,Germany,Male,27,1,"€ 26,265.18",2363866.2
15770968,Leason,741,Germany,Female,19,8,"€ 24,857.25",2237152.5
15572356,Tsai,689,Spain,Male,73,1,"€ 167,969.15",15117223.5
15603247,Bruner,743,Germany,Female,35,1,"€ 189,307.70",17037693
15619116,Wallace,493,France,Female,36,2,"€ 99,770.30",8979327
15691792,Young,416,Spain,Male,35,8,"€ 119,712.78",10774150.2
15783276,Forbes,725,FRA,Female,25,9,"€ 168,607.74",15174696.6
15766137,Muir,497,FRA,Male,34,2,"€ 83,087.13",7477841.7
15574554,Pugh,537,Germany,Male,66,8,"€ 130,664.79",11759831.1
15578671,Webb,706,Spain,Female,29,1,"€ 133,267.69",11994092.1
15716608,Walker,651,Spain,Male,38,2,"€ 67,029.82",6032683.8
15690670,Cox,720,French,Male,33,2,"€ 141,031.08",12692797.2
15630466,Maclean,797,French,Male,45,8,"€ 125,110.02",11259901.8
15630349,Hollis,543,Spain,Male,23,5,"€ 117,832.39",10604915.1
15803801,Jamieson,454,France,Male,34,4,"€ 198,817.72",17893594.8
15647890,Su,691,French,Male,37,9,"€ 146,411.60",13177044
15606115,P'eng,510,France,Female,52,6,"€ 131,312.56",11818130.4
15714642,Hawkins,792,Spain,Female,40,7,"€ 141,652.20",12748698
15741181,Ndubuagha,721,France,Male,41,6,"€ 64,477.25",5802952.5
15773973,Hill,765,FRA,Male,41,2,"€ 191,215.61",17209404.9
15758546,Norton,850,Spain,Male,39,8,"€ 37,090.44",3338139.6
15598940,Achebe,681,Germany,Male,38,6,"€ 57,517.71",5176593.9
15669783,Simpson,586,France,Female,60,3,"€ 63,241.21",5691708.9
15624993,Chiang,753,FRA,Female,36,7,"€ 44,567.83",4011104.7
15760568,Dalrymple,593,Germany,Female,38,5,"€ 135,337.11",12180339.9
15699047,Chukwuemeka,674,French,Female,21,9,"€ 33,964.03",3056762.7
15616168,Ojiofor,610,French,Female,35,7,"€ 61,623.19",5546087.1
15773146,Rubeo,652,France,Male,26,3,"€ 168,989.77",15209079.3
15770375,Fanucci,850,Germany,Female,26,8,"€ 74,425.41",6698286.9
15589725,Zubarev,740,FRA,Female,51,4,"€ 178,929.84",16103685.6
15710034,T'ao,637,Germany,Male,43,1,"€ 101,382.86",9124457.4
15800806,Pai,685,Spain,Male,31,7,"€ 180,769.55",16269259.5
15570485,Udegbunam,558,Spain,Male,40,4,"€ 92,378.54",8314068.6
15575391,Claypool,677,France,Female,37,3,"€ 38,252.25",3442702.5
15790750,Manfrin,592,Germany,Male,36,10,"€ 146,111.35",13150021.5
15714832,Baker,652,Germany,Male,36,9,"€ 72,350.17",6511515.3
15619953,Efremov,662,Spain,Female,42,6,"€ 48,242.38",4341814.2
15673929,Chin,543,French,Male,64,4,"€ 148,305.82",13347523.8
15578835,Brookes,675,Spain,Female,50,1,"€ 8,270.06",744305.4
15752388,Doyle,643,Spain,Female,35,6,"€ 41,549.64",3739467.6
15797081,Ajuluchukwu,611,Germany,Female,49,9,"€ 138,656.81",12479112.9
15570194,Ikemefuna,412,French,Male,29,5,"€ 12,510.53",1125947.7
15580149,Fowler,638,Spain,Male,41,7,"€ 43,889.41",3950046.9
15777708,Liao,824,Spain,Female,38,3,"€ 192,800.25",17352022.5
15769955,Onuora,683,FRA,Female,40,1,"€ 75,762.00",6818580
15810444,Aksenov,562,Germany,Female,39,6,"€ 9,854.72",886924.8
15645593,Trevisani,599,France,Female,41,2,"€ 115,724.78",10415230.2
15765345,Wood,753,French,Male,35,4,"€ 106,303.40",9567306
15760873,Lombardo,594,France,Male,50,7,"€ 183,868.01",16548120.9
15794178,Walpole,657,French,Male,34,3,"€ 153,895.46",13850591.4
15589361,Chikwendu,716,Spain,Male,34,9,"€ 66,695.71",6002613.9
15662483,Ko,850,French,Male,43,7,"€ 173,851.11",15646599.9
15809736,Steigrad,664,France,Male,46,2,"€ 177,423.02",15968071.8
15731148,Isayeva,558,FRA,Male,33,0,"€ 109,096.71",9818703.9
15774328,Boni,606,Germany,Male,40,1,"€ 166,656.18",14999056.2
15646969,Anayolisa,776,Spain,Male,33,2,"€ 176,921.00",15922890
15718769,Fallaci,557,Spain,Male,36,1,"€ 98,413.10",8857179
15610226,Fenton,614,FRA,Female,27,9,"€ 77,500.81",6975072.9
15616270,Chao,620,Spain,Male,42,4,"€ 119,747.08",10777237.2
15790717,Osinachi,695,Spain,Male,35,7,"€ 160,387.98",14434918.2
15635703,Chu,729,Germany,Female,39,1,"€ 193,715.00",17434350
15616365,Obiuto,571,FRA,Female,53,2,"€ 28,045.77",2524119.3
15630244,Chu,457,France,Male,40,10,"€ 150,757.35",13568161.5
15734714,Nash,559,French,Female,29,3,"€ 82,252.28",7402705.2
15721433,Hixson,664,French,Female,38,4,"€ 154,395.56",13895600.4
15590201,Fiorentini,500,Spain,Female,50,5,"€ 83,866.35",7547971.5
15590828,Chidimma,782,Germany,Male,42,7,"€ 39,830.10",3584709
15752097,Chiazagomekpere,708,Spain,Male,38,8,"€ 12,429.22",1118629.8
15800031,Laura,681,France,Male,43,3,"€ 18,772.50",1689525
15630857,Wu,674,Spain,Female,39,6,"€ 9,574.83",861734.7
15689953,Toscani,697,Spain,Male,43,10,"€ 188,486.94",16963824.6
15759733,McMillan,774,France,Female,26,5,"€ 64,716.08",5824447.2
15810826,Chiekwugo,624,French,Male,36,6,"€ 84,749.96",7627496.4
15668009,Hendley,747,Spain,Male,37,1,"€ 180,551.76",16249658.4
15743456,Birnie,715,FRA,Female,32,10,"€ 60,907.49",5481674.1
15725762,Kemp,808,France,Male,24,4,"€ 174,107.04",15669633.6
15761713,Johnstone,678,FRA,Female,43,7,"€ 110,405.90",9936531
15769246,Lo Duca,813,Germany,Male,59,2,"€ 187,636.06",16887245.4
15781129,Montgomery,687,Spain,Male,38,8,"€ 66,580.13",5992211.7
15599124,Miller,832,France,Female,29,5,"€ 178,779.52",16090156.8
15639004,Chiemezie,668,FRA,Male,72,2,"€ 70,783.61",6370524.9
15810995,Wright,526,Germany,Male,34,3,"€ 46,772.36",4209512.4
15653773,Shaw,457,FRA,Female,38,7,"€ 163,327.27",14699454.3
15708357,Chapman,649,Spain,Female,38,8,"€ 103,760.53",9338447.7
15733597,Y?an,669,French,Female,41,0,"€ 107,839.03",9705512.7
15789560,Clark,668,French,Male,42,8,"€ 32,900.41",2961036.9
15699524,Howells,466,France,Female,30,3,"€ 193,984.60",17458614
15626475,Gamble,685,FRA,Male,30,2,"€ 140,889.32",12680038.8
15810839,Rogers,610,FRA,Male,34,0,"€ 125,646.82",11308213.8
15684318,McMillan,582,Germany,Female,50,6,"€ 20,344.02",1830961.8
15768120,Brown,702,Germany,Male,36,9,"€ 174,268.87",15684198.3
15712807,Robertson,556,Spain,Male,46,3,"€ 108,500.66",9765059.4
15696371,Thomas,812,Spain,Female,24,1,"€ 83,247.14",7492242.6
15675794,Hsing,645,Germany,Male,47,9,"€ 121,840.20",10965618
15774277,Chiu,809,France,Male,43,2,"€ 132,908.07",11961726.3
15603764,Chang,560,FRA,Male,49,4,"€ 100,075.10",9006759
15618647,Kornilova,744,FRA,Male,29,1,"€ 119,327.75",10739497.5
15614643,Chifo,731,Spain,Female,39,2,"€ 136,737.13",12306341.7
15707696,Lu,471,Spain,Female,28,5,"€ 22,356.97",2012127.3
15749583,Bellucci,686,Germany,Female,38,2,"€ 10,137.34",912360.6
15815125,Michael,668,Spain,Male,45,4,"€ 158,379.25",14254132.5
15779620,Sinclair,575,France,Male,36,1,"€ 94,570.56",8511350.4
15768233,Chukwuebuka,435,Germany,Male,37,8,€ 980.93,88283.7
15637788,Schmidt,743,FRA,Male,23,3,"€ 95,583.45",8602510.5
15777046,Parry,580,FRA,Female,39,9,"€ 86,044.98",7744048.2
15788723,McIntyre,599,Germany,Female,49,10,"€ 166,236.38",14961274.2
15790489,Lo Duca,534,Spain,Male,34,5,"€ 5,240.53",471647.7
15739476,Ferrari,680,France,Female,32,5,"€ 150,684.23",13561580.7
15612670,Berry,631,Spain,Female,46,10,"€ 129,508.96",11655806.4
15631222,Cattaneo,485,French,Female,39,2,"€ 70,665.16",6359864.4
15658972,Foster,699,French,Female,40,8,"€ 102,085.35",9187681.5
15724691,Gordon,712,French,Male,34,1,"€ 195,052.12",17554690.8
15740442,May,603,France,Male,51,8,"€ 93,739.71",8436573.9
15760427,Cameron,850,French,Male,40,6,"€ 65,612.12",5905090.8
15677939,Ch'eng,584,FRA,Female,41,3,"€ 160,095.48",14408593.2
15611599,Curtis,604,France,Female,71,2,"€ 49,506.82",4455613.8
15633474,Whitehead,586,FRA,Male,51,2,"€ 92,406.22",8316559.8
15671973,Chukwuemeka,467,Spain,Male,39,5,"€ 7,415.96",667436.4
15790019,Onwughara,520,France,Male,35,9,"€ 25,059.06",2255315.4
15737735,Grant,683,Spain,Male,40,4,"€ 116,816.54",10513488.6
15661745,Browne,557,FRA,Male,36,3,"€ 144,078.02",12967021.8
15797065,Goloubev,613,Spain,Female,32,0,"€ 126,675.62",11400805.8
15710671,Gordon,786,FRA,Male,34,3,"€ 183,682.09",16531388.1
15656522,Sutherland,593,Spain,Male,32,10,"€ 166,850.57",15016551.3
15705085,Quesada,670,Spain,Female,29,9,"€ 27,359.19",2462327.1
15744873,Wright,657,Germany,Female,48,5,"€ 101,314.65",9118318.5
15781914,Simmons,718,Germany,Male,32,9,"€ 27,979.16",2518124.4
15637354,Yobachukwu,623,France,Female,24,7,"€ 109,470.34",9852330.6
15717307,Read,496,French,Male,31,5,"€ 93,713.13",8434181.7
15746695,Wunder,429,French,Female,39,6,"€ 74,870.99",6738389.1
15804962,Nnaife,606,France,Male,36,1,"€ 192,387.51",17314875.9
15665378,Shen,499,France,Female,46,6,"€ 73,457.55",6611179.5
15757865,Powell,642,French,Male,62,7,"€ 61,120.75",5500867.5
15578787,Goddard,641,FRA,Female,52,4,"€ 90,964.54",8186808.6
15794323,Buckley,673,French,Male,32,8,"€ 116,969.73",10527275.7
15697546,McIntyre,570,France,Female,36,3,"€ 92,118.75",8290687.5
15629519,Yen,472,French,Female,37,1,"€ 48,357.90",4352211
15624703,Okonkwo,550,Germany,Male,35,9,"€ 197,325.40",17759286
15570002,Burlingame,625,Germany,Female,55,8,"€ 135,853.62",12226825.8
15808566,Hs?,516,French,Male,46,2,"€ 169,122.54",15221028.6
15805463,Board,682,Germany,Male,32,2,"€ 164,170.46",14775341.4
15709136,Adams,620,FRA,Male,28,8,"€ 199,909.32",17991838.8
15801605,Rizzo,626,France,Female,39,0,"€ 83,295.09",7496558.1
15567855,Chukwufumnanya,623,FRA,Female,29,1,"€ 39,382.06",3544385.4
15675141,Fraser,569,FRA,Female,35,4,"€ 184,748.23",16627340.7
15665759,Russell,724,French,Female,69,5,"€ 62,280.91",5605281.9
15761487,Yefimova,678,FRA,Female,55,5,"€ 196,794.11",17711469.9
15700394,Palermo,713,Spain,Female,26,4,"€ 144,682.17",13021395.3
15631162,Bergamaschi,631,France,Male,32,10,"€ 196,342.66",17670839.4
15630641,Shao,846,FRA,Female,37,6,"€ 41,516.44",3736479.6
15585066,Chimaraoke,660,French,Female,43,1,"€ 112,026.10",10082349
15722991,McGregor,567,FRA,Male,54,9,"€ 52,035.29",4683176.1
15737404,Kesteven,731,French,Male,31,1,"€ 185,466.85",16692016.5
15722409,Ritchie,693,Spain,Male,47,8,"€ 80,149.27",7213434.3
15806420,Jenks,772,French,Male,34,9,"€ 170,980.86",15388277.4
15658148,Udokamma,657,France,Male,38,7,"€ 185,827.74",16724496.6
15810660,Boyle,774,Germany,Male,34,4,"€ 113,407.26",10206653.4
15709780,Azuka,667,France,Female,37,9,"€ 67,734.79",6096131.1
15727350,Pai,516,French,Female,37,8,"€ 3,363.36",302702.4
15752312,Howells,551,Spain,Male,49,1,"€ 135,757.27",12218154.3
15616745,Hs?,542,Spain,Male,35,2,"€ 22,314.55",2008309.5
15572294,Kelly,623,French,Male,28,7,"€ 129,526.57",11657391.3
15674110,Walton,701,France,Female,43,2,"€ 37,266.43",3353978.7
15662501,Ebelechukwu,583,FRA,Male,48,3,"€ 60,017.46",5401571.4
15649239,Vasilieva,731,Spain,Male,46,10,"€ 153,015.42",13771387.8
15700424,Hsiao,461,FRA,Female,35,5,"€ 54,209.02",4878811.8
15636388,Abrego,702,Germany,Female,23,7,"€ 114,603.96",10314356.4
15713975,Gibson,565,Germany,Female,47,10,"€ 165,849.49",14926454.1
15592925,Giordano,711,Spain,Male,42,3,"€ 16,392.72",1475344.8
15581626,Mancini,664,FRA,Male,54,8,"€ 162,719.69",14644772.1
15641319,Afanasyeva,518,Spain,Male,50,4,"€ 107,112.25",9640102.5
15723481,Wright,728,Spain,Male,42,8,"€ 41,823.22",3764089.8
15787825,Okwudiliolisa,585,Germany,Male,37,6,"€ 99,907.29",8991656.1
15710726,Hughes,573,France,Male,52,8,"€ 178,229.04",16040613.6
15627195,Parrott,568,Germany,Male,26,1,"€ 22,095.73",1988615.7
15657957,Hughes,602,Germany,Female,26,8,"€ 197,861.16",17807504.4
15676117,Zinachukwudi,603,France,Male,44,9,"€ 138,328.24",12449541.6
15607874,Keane,687,France,Male,38,0,"€ 137,276.83",12354914.7
15796993,McCollum,741,FRA,Male,52,1,"€ 21,834.40",1965096
15649858,Simpson,469,Spain,Male,37,9,"€ 119,890.86",10790177.4
15811032,Gambrell,477,Germany,Female,58,8,"€ 24,564.70",2210823
15679963,Moretti,737,Germany,Male,43,8,"€ 10,209.80",918882
15579131,Ricci,835,France,Male,25,7,"€ 83,449.65",7510468.5
15572428,Rieke,717,Germany,Female,33,0,"€ 81,508.10",7335729
15622461,Ndubuagha,562,France,Female,51,7,"€ 32,626.21",2936358.9
15636105,Chung,758,Spain,Male,61,2,"€ 43,982.41",3958416.9
15583849,Ts'ai,408,FRA,Male,40,3,"€ 124,874.23",11238680.7
15718780,Cox,650,Spain,Female,32,4,"€ 118,324.75",10649227.5
15739271,Lei,582,Germany,Male,33,2,"€ 22,113.93",1990253.7
15697129,Ulyanova,706,Spain,Female,43,1,"€ 31,962.77",2876649.3
15763415,Gray,567,Germany,Male,41,0,"€ 105,746.94",9517224.6
15796617,McGregor,720,France,Male,29,2,"€ 39,925.52",3593296.8
15626628,Tretiakova,631,Spain,Female,31,2,"€ 127,630.88",11486779.2
15765857,Genovesi,623,Spain,Male,41,2,"€ 28,778.98",2590108.2
15742511,Gordon,514,FRA,Male,35,3,"€ 10,008.68",900781.2
15786433,Aitken,650,Germany,Female,35,3,"€ 24,482.16",2203394.4
15685805,Ginikanwa,673,Spain,Female,35,6,"€ 98,618.79",8875691.1
15627971,Coates,504,France,Female,32,8,"€ 16,281.94",1465374.6
15783025,Piazza,723,Germany,Male,37,3,"€ 121,239.65",10911568.5
15726289,Cawood,645,FRA,Male,25,0,"€ 42,669.37",3840243.3
15802118,Ignatieff,664,Spain,Male,41,7,"€ 164,924.11",14843169.9
15607990,Gallo,760,Spain,Male,43,6,"€ 157,337.29",14160356.1
15695932,Yelverton,766,Spain,Male,36,5,"€ 153,831.60",13844844
15812279,William,634,FRA,Male,37,5,"€ 168,781.80",15190362
15687558,Mault,640,Germany,Female,31,10,"€ 168,469.65",15162268.5
15729065,Mackay,784,Germany,Male,28,2,"€ 170,829.87",15374688.3
15698902,McIntyre,547,Germany,Female,42,1,"€ 86,207.49",7758674.1
15570192,Henry,608,Germany,Female,40,8,"€ 61,164.45",5504800.5
15809265,Kao,547,French,Female,35,4,"€ 133,287.73",11995895.7
15745201,Frewin,612,France,Female,43,4,"€ 77,128.23",6941540.7
15580623,Yefremova,573,Spain,Male,28,8,"€ 77,660.03",6989402.7
15578156,Anenechukwu,615,Spain,Male,32,5,"€ 56,897.10",5120739
15631063,Trentino,710,France,Female,33,2,"€ 72,945.32",6565078.8
15692577,Tomlinson,674,Germany,Female,38,10,"€ 45,418.12",4087630.8
15810910,Royston,702,Spain,Female,38,9,"€ 158,527.45",14267470.5
15723217,Cremonesi,616,FRA,Male,37,9,"€ 111,312.96",10018166.4
15733111,Yeh,688,Spain,Male,32,6,"€ 138,759.15",12488323.5
15610727,Ch'in,605,French,Male,36,7,"€ 190,588.59",17152973.1
15792720,Martinez,676,French,Male,33,6,"€ 79,099.64",7118967.6
15723153,Wearing,708,Spain,Male,33,3,"€ 138,613.21",12475188.9
15802823,Maclean,745,Spain,Female,38,7,"€ 194,230.82",17480773.8
15756118,T'ao,661,Spain,Male,20,8,"€ 110,252.53",9922727.7
15684934,Rose,726,FRA,Male,31,9,"€ 106,117.30",9550557
15776936,Whitworth,475,FRA,Male,40,7,"€ 169,642.13",15267791.7
15729087,Suttor,751,Germany,Male,54,9,"€ 116,179.92",10456192.8
15786463,Hsing,645,Germany,Female,59,8,€ 91.75,8257.5
15717498,Boni,775,French,Male,42,6,"€ 187,839.90",16905591
15718406,Marshall,540,FRA,Male,41,3,"€ 121,098.65",10898878.5
15799468,Catchpole,591,FRA,Female,34,3,"€ 30,972.06",2787485.4
15626383,Tang,596,Spain,Male,60,7,"€ 30,314.04",2728263.6
15597385,Siddons,573,Spain,Male,41,5,"€ 14,479.29",1303136.1
15570271,Wan,577,Spain,Male,31,6,"€ 196,395.25",17675572.5
15690330,Efimov,830,Germany,Female,40,8,"€ 19,512.38",1756114.2
15680611,Rose,663,FRA,Male,67,9,"€ 72,318.77",6508689.3
15810227,Fanucci,421,French,Male,34,2,"€ 96,615.23",8695370.7
15807194,Iweobiegbulam,718,Spain,Male,34,5,"€ 30,772.22",2769499.8
15712199,Ijendu,655,Germany,Female,61,2,"€ 161,217.18",14509546.2
15694995,O'Sullivan,712,France,Male,23,2,"€ 66,795.78",6011620.2
15723400,Hutchinson,663,France,Male,28,4,"€ 123,969.64",11157267.6
15654772,Kwemto,640,France,Female,47,6,"€ 13,783.77",1240539.3
15574743,Chiu,577,Spain,Male,29,2,"€ 168,924.41",15203196.9
15807593,Berry,546,Spain,Female,36,7,"€ 134,778.01",12130020.9
15686718,Hung,802,Germany,Male,37,9,"€ 119,782.89",10780460.1
15695299,Mordvinova,590,French,Female,45,2,"€ 52,167.97",4695117.3
15722701,Bruno,594,Germany,Male,18,1,"€ 167,689.56",15092060.4
15799635,Arbour,577,Spain,Male,51,2,"€ 140,800.66",12672059.4
15742323,Barese,541,French,Male,39,7,"€ 19,823.02",1784071.8
15658435,Hingston,781,French,Female,27,5,"€ 72,969.90",6567291
15586029,Davis,806,Germany,Male,34,2,"€ 143,711.02",12933991.8
15772337,Lawrence,723,Germany,Female,49,0,"€ 180,862.26",16277603.4
15807555,Chung,535,FRA,Male,45,2,"€ 125,658.28",11309245.2
15603378,Padovano,768,France,Female,36,3,"€ 125,870.50",11328345
15792862,Blinova,653,Germany,Male,41,1,"€ 15,126.32",1361368.8
15657349,Carter,803,Germany,Female,50,8,"€ 22,457.25",2021152.5
15777614,Webb,545,Spain,Female,44,1,"€ 82,614.89",7435340.1
15653952,T'an,581,Germany,Female,38,3,"€ 32,919.42",2962747.8
15724336,Yates,513,Germany,Female,49,5,"€ 126,223.84",11360145.6
15689594,Su,731,FRA,Male,29,5,"€ 112,010.02",10080901.8
15801920,Christian,727,Germany,Male,39,5,"€ 180,962.32",16286608.8
15653347,Chiu,560,Spain,Male,47,1,"€ 128,882.66",11599439.4
15749951,Sacco,766,Germany,Male,27,5,"€ 177,614.17",15985275.3
15648178,Lettiere,630,Germany,Female,23,4,"€ 174,570.55",15711349.5
15738662,Daluchi,652,Germany,Male,41,9,"€ 178,373.93",16053653.7
15640855,T'ien,729,Germany,Male,40,5,"€ 103,396.08",9305647.2
15584288,Hung,629,France,Female,33,6,"€ 59,129.72",5321674.8
15760988,Liu,667,Germany,Male,33,9,€ 683.37,61503.3
15569624,Feng,671,Germany,Female,31,6,"€ 145,567.34",13101060.6
15597949,Gilbert,768,Germany,Female,47,5,"€ 48,137.08",4332337.2
15604551,Robb,732,FRA,Female,35,3,"€ 90,876.95",8178925.5
15617476,Manfrin,546,French,Female,30,5,"€ 198,543.09",17868878.1
15645323,Chinwenma,630,French,Male,55,2,"€ 106,202.07",9558186.3
15793311,Smith,765,Germany,Female,46,8,"€ 166,896.01",15020640.9
15764153,Rowe,704,France,Female,33,0,"€ 74,804.36",6732392.4
15802560,Moran,470,Spain,Female,48,6,"€ 116,971.05",10527394.5
15728608,Walker,688,Germany,Female,34,9,"€ 163,783.00",14740470
15770474,Myers,685,FRA,Female,33,1,"€ 70,221.13",6319901.7
15724444,Wall,567,French,Female,38,1,"€ 107,841.77",9705759.3
15753110,McKay,720,Spain,Male,64,3,"€ 79,623.28",7166095.2
15711521,Egobudike,609,FRA,Male,39,3,"€ 138,399.67",12455970.3
15632816,Williams,521,Germany,Female,49,2,"€ 182,765.14",16448862.6
15693637,Ochoa,556,French,Female,30,7,"€ 186,648.19",16798337.1
15725509,Otutodilinna,662,Germany,Male,30,5,"€ 149,587.92",13462912.8
15684645,Ajuluchukwu,704,Germany,Male,41,9,"€ 129,050.67",11614560.3
15692235,Bellucci,750,French,Female,38,1,"€ 47,764.99",4298849.1
15777459,Gordon,619,Spain,Female,32,4,"€ 172,792.43",15551318.7
15656937,Johnston,468,Spain,Male,26,1,"€ 64,436.16",5799254.4
15610643,De Luca,435,Germany,Male,44,3,"€ 167,461.50",15071535
15777315,Hill,529,FRA,Male,43,6,"€ 98,348.66",8851379.4
15611058,Eluemuno,702,Germany,Female,60,5,"€ 41,536.59",3738293.1
15630413,Howarth,608,FRA,Female,41,5,"€ 72,462.25",6521602.5
15635942,Thomson,576,French,Male,40,9,"€ 112,465.19",10121867.1
15648858,King,666,FRA,Female,27,1,"€ 64,511.44",5806029.6
15810732,Grant,730,FRA,Female,36,8,"€ 91,830.75",8264767.5
15705448,Gilbert,647,Germany,Male,52,7,"€ 190,806.36",17172572.4
15730488,Richmond,516,Spain,Female,27,1,"€ 112,311.15",10108003.5
15620443,Fiorentino,711,FRA,Female,81,6,"€ 72,276.24",6504861.6
15741078,Greece,736,French,Male,54,7,"€ 84,920.49",7642844.1
15753161,Dickson,768,France,Female,36,5,"€ 17,348.56",1561370.4
15711396,Henderson,427,Spain,Male,40,8,"€ 82,870.75",7458367.5
15593499,Stevens,686,Spain,Female,47,6,"€ 32,080.69",2887262.1
15579189,Mitchell,690,France,Female,42,5,"€ 120,512.08",10846087.2
15743545,Nworie,647,Spain,Female,29,2,"€ 179,032.68",16112941.2
15791316,Boni,714,French,Male,35,3,"€ 95,623.28",8606095.2
15608246,Wentcher,736,Germany,Female,36,8,"€ 110,035.88",9903229.2
15676526,Bentley,608,France,Female,34,4,"€ 168,822.01",15193980.9
15813911,Hayes-Williams,809,French,Female,39,5,"€ 77,705.75",6993517.5
15630195,Johnstone,745,French,Female,40,6,"€ 49,815.62",4483405.8
15736250,Johnstone,781,French,Male,38,2,"€ 65,632.33",5906909.7
15671334,Nixon,527,FRA,Male,31,4,"€ 169,361.89",15242570.1
15574169,Trevisano,595,Germany,Female,32,0,"€ 4,721.30",424917
15718839,Tsui,850,Germany,Female,38,2,"€ 23,974.85",2157736.5
15762331,Moss,569,FRA,Male,37,9,"€ 199,929.17",17993625.3
15606901,Graham,728,French,Male,43,7,"€ 40,023.70",3602133
15713559,Onyemauchechukwu,473,Germany,Female,32,5,"€ 72,946.95",6565225.5
15768881,Saunders,738,FRA,Male,29,2,"€ 170,421.13",15337901.7
15743075,Ko,659,France,Male,35,6,"€ 58,879.11",5299119.9
15660980,Cairns,597,Spain,Male,38,6,"€ 25,059.05",2255314.5
15810942,Chiemela,445,Germany,Female,61,2,"€ 29,909.84",2691885.6
15728362,Robertson,671,France,Female,29,3,"€ 158,043.11",14223879.9
15683339,P'eng,656,Spain,Female,34,6,"€ 14,032.62",1262935.8
15685476,Tseng,658,France,Male,31,5,"€ 49,809.88",4482889.2
15663650,Russell,698,Germany,Male,52,10,"€ 28,806.32",2592568.8
15617434,Yen,655,Spain,Male,38,9,"€ 90,490.33",8144129.7
15622470,Yeh,772,Spain,Male,41,10,"€ 75,825.57",6824301.3
15703682,Kalinina,681,Spain,Male,33,10,"€ 158,336.36",14250272.4
15727391,Collier,688,Germany,Male,29,9,"€ 143,454.95",12910945.5
15711062,Thomas,633,Germany,Male,40,5,"€ 117,279.49",10555154.1
15567339,Shaw,735,France,Male,73,9,"€ 114,283.33",10285499.7
15760662,Francis,521,Germany,Female,29,2,€ 994.86,89537.4
15605737,George,541,FRA,Male,36,5,"€ 124,795.84",11231625.6
15692977,Ikenna,612,Germany,Female,36,2,"€ 77,592.80",6983352
15672082,Schatz,562,French,Male,62,3,"€ 105,986.01",9538740.9
15600280,Tao,703,FRA,Female,32,6,"€ 33,606.52",3024586.8
15804052,Scott,710,Spain,Male,23,6,"€ 134,188.11",12076929.9
15576065,Sims,731,Spain,Female,40,5,"€ 159,718.27",14374644.3
15796838,Chibugo,703,Spain,Male,58,4,"€ 85,148.78",7663390.2
15693526,Ku,618,France,Female,40,0,"€ 119,059.13",10715321.7
15748595,Stanton,689,France,Female,29,1,"€ 122,998.26",11069843.4
15679029,Kung,718,French,Male,33,7,"€ 117,841.06",10605695.4
15753639,Gibson,608,French,Male,37,5,"€ 160,593.41",14453406.9
15604138,Iheanacho,749,Spain,Male,34,2,"€ 174,189.04",15677013.6
15666095,Costa,753,Spain,Male,51,4,"€ 68,260.27",6143424.3
15643487,Sal,630,Spain,Male,39,10,"€ 58,854.88",5296939.2
15764033,Lin,693,Germany,Female,43,1,"€ 87,994.95",7919545.5
15747288,Ferri,838,Spain,Female,40,6,"€ 150,659.35",13559341.5
15790599,Yin,756,Germany,Female,39,5,"€ 109,098.39",9818855.1
15737705,Avdeyeva,775,FRA,Female,27,4,"€ 104,112.00",9370080
15737194,Tu,635,FRA,Female,33,5,"€ 122,949.71",11065473.9
15726776,Donnelly,705,Spain,Male,36,1,"€ 21,807.16",1962644.4
15804357,Loggia,481,French,Male,40,3,"€ 32,319.93",2908793.7
15664432,Chao,727,Spain,Female,49,7,"€ 190,457.87",17141208.3
15688984,Belonwu,595,France,Male,20,4,"€ 177,738.98",15996508.2
15583026,Welch,535,FRA,Female,38,0,"€ 80,425.65",7238308.5
15771668,Henderson,578,France,Male,59,10,"€ 9,445.42",850087.8
15779904,Yobanna,597,France,Female,29,5,"€ 174,825.57",15734301.3
15784323,Gallo,449,French,Female,21,7,"€ 175,743.92",15816952.8
15756277,Wilson,850,Germany,Female,43,8,"€ 54,949.73",4945475.7
15663312,Marino,494,France,Female,35,9,"€ 183,752.91",16537761.9
15793197,Bailey,676,FRA,Female,34,8,"€ 46,038.28",4143445.2
15731463,Gboliwe,818,Germany,Male,43,10,"€ 78,941.59",7104743.1
15621768,Chukwuhaenye,712,Spain,Male,45,6,"€ 198,398.68",17855881.2
15691323,Bianchi,672,Germany,Male,40,4,"€ 188,892.19",17000297.1
15781326,Ford,636,FRA,Male,35,9,"€ 169,286.74",15235806.6
15595640,Rizzo,698,FRA,Male,37,8,"€ 145,004.39",13050395.1
15814331,Lung,597,Germany,Female,43,7,"€ 55,809.92",5022892.8
15602030,Ramirez,717,France,Male,28,4,"€ 54,272.12",4884490.8
15747974,Sabbatini,614,France,Male,49,1,"€ 192,440.54",17319648.6
15611315,Ts'ao,708,Germany,Female,23,4,"€ 103,697.57",9332781.3
15636977,Trevisan,507,Germany,Male,36,9,"€ 119,110.03",10719902.7
15690337,Chinwenma,581,France,Female,27,5,"€ 194,681.60",17521344
15680666,Berry,579,Spain,Female,39,2,"€ 158,948.63",14305376.7
15679551,Colombo,504,Spain,Female,46,2,"€ 165,122.55",14861029.5
15778915,Harris,737,FRA,Female,32,7,"€ 189,402.71",17046243.9
15568849,Bryan,540,Spain,Female,31,10,"€ 158,027.57",14222481.3
15747762,Chigozie,609,French,Male,32,7,"€ 3,815.48",343393.2
15753679,Mullawirraburka,778,French,Male,24,4,"€ 162,809.20",14652828
15750049,Steele,621,French,Male,40,10,"€ 89,519.47",8056752.3
15606097,Zakharov,665,Germany,Male,63,7,"€ 25,165.36",2264882.4
15802368,Ch'eng,608,France,Female,47,6,"€ 126,012.57",11341131.3
15767488,Berry,680,Spain,Male,36,7,"€ 20,109.21",1809828.9
15669946,Jen,663,Germany,Female,46,2,"€ 58,257.23",5243150.7
15612103,Wang,627,Germany,Female,35,2,"€ 172,269.21",15504228.9
15645353,Chubb,607,FRA,Male,26,1,"€ 29,818.20",2683638
15650018,Chen,681,France,Female,43,8,"€ 114,659.81",10319382.9
15659002,Mazzanti,766,French,Female,45,6,"€ 147,184.74",13246626.6
15616028,T'ao,694,France,Male,30,2,"€ 15,039.41",1353546.9
15660475,Ndubueze,411,French,Female,54,9,"€ 76,621.49",6895934.1
15652615,Ferri,742,France,Male,39,8,"€ 92,985.78",8368720.2
15653572,Thornton,673,Spain,Male,43,8,"€ 6,009.27",540834.3
15628059,DeRose,529,FRA,Male,61,1,"€ 191,370.97",17223387.3
15703413,Montes,519,French,Female,38,7,"€ 188,225.67",16940310.3
15610433,Kwemto,573,French,Male,35,9,"€ 11,743.89",1056950.1
15770548,Lucchese,453,Germany,Female,28,3,"€ 136,846.75",12316207.5
15645637,Huggins,798,Germany,Female,39,6,"€ 164,248.33",14782349.7
15590888,Wade,693,Spain,Female,34,10,"€ 154,631.35",13916821.5
15568326,Kenenna,637,FRA,Female,44,2,"€ 149,665.65",13469908.5
15655368,Wheeler,672,French,Male,47,1,"€ 91,574.92",8241742.8
15665579,Cartwright,597,FRA,Female,28,0,"€ 127,233.39",11451005.1
15676091,Iloerika,543,French,Male,42,7,"€ 56,650.47",5098542.3
15716984,Palermo,695,Spain,Female,56,4,"€ 84,644.76",7618028.4
15715078,Nkemakolam,584,FRA,Male,35,6,"€ 148,238.16",13341434.4
15569452,Butler,652,Germany,Female,58,3,"€ 193,502.90",17415261
15628863,Calabresi,601,French,Male,38,4,"€ 38,020.05",3421804.5
15778192,Nkemdilim,628,Spain,Male,28,4,"€ 176,750.81",15907572.9
15793723,Ch'iu,607,Germany,Male,32,9,"€ 176,580.63",15892256.7
15798943,Alexander,646,France,Female,46,8,"€ 133,059.15",11975323.5
15764708,Chiabuotu,572,FRA,Male,30,6,"€ 100,843.82",9075943.8
15791040,Vasilyeva,801,Spain,Male,58,1,"€ 30,484.19",2743577.1
15631512,Schneider,597,France,Female,26,8,"€ 42,330.58",3809752.2
15640106,Mason,613,FRA,Male,40,7,"€ 193,309.58",17397862.2
15710315,Chukwukadibia,529,Germany,Male,29,4,"€ 112,813.79",10153241.1
15771535,Tsui,794,Spain,Female,37,9,"€ 68,008.85",6120796.5
15611947,Banks,557,France,Male,34,3,"€ 132,673.22",11940589.8
15670266,Shih,499,France,Female,28,4,"€ 22,001.91",1980171.9
15609083,Tretiakova,544,France,Female,26,6,"€ 100,200.40",9018036
15567923,Barese,739,FRA,Female,30,6,"€ 122,604.44",11034399.6
15788183,Longo,458,Germany,Female,43,1,"€ 100,564.37",9050793.3
15735782,MacDonald,528,FRA,Male,31,9,"€ 5,419.31",487737.9
15774401,Chambers,773,Spain,Male,51,4,"€ 123,587.83",11122904.7
15737971,Cowen,646,FRA,Female,30,5,"€ 13,935.32",1254178.8
15758750,Iweobiegbunam,564,French,Male,31,0,"€ 87,060.77",7835469.3
15611767,Mai,624,Germany,Female,52,0,"€ 4,859.59",437363.1
15643770,Yu,682,FRA,Female,52,5,"€ 21,085.17",1897665.3
15744717,Duffy,726,French,Female,44,2,"€ 26,733.86",2406047.4
15570681,Chiang,560,FRA,Male,24,1,"€ 89,734.70",8076123
15792650,Watts,382,Spain,Male,36,0,"€ 179,540.73",16158665.7
15605531,Daly,457,Spain,Female,38,6,"€ 173,219.09",15589718.1
15605339,Baker,673,French,Female,37,10,"€ 37,411.35",3367021.5
15672216,Uvarov,584,French,Female,40,4,"€ 80,852.11",7276689.9
15812893,Costa,629,French,Female,39,10,"€ 43,174.49",3885704.1
15624180,Genovesi,584,Germany,Female,37,10,"€ 70,927.11",6383439.9
15701364,Doherty,724,FRA,Male,30,10,"€ 54,265.55",4883899.5
15762588,Kaleski,644,France,Male,31,5,"€ 41,872.17",3768495.3
15806318,Wright,676,Germany,Female,48,2,"€ 15,068.53",1356167.7
15712596,Huang,499,FRA,Male,31,4,"€ 25,950.49",2335544.1
15600399,Trentino,598,French,Male,60,4,"€ 197,727.14",17795442.6
15576216,Chienezie,655,Germany,Female,37,4,"€ 79,555.08",7159957.2
15620750,Sugden,559,France,Male,28,3,"€ 15,607.27",1404654.3
15623489,Tu,543,French,Female,67,0,"€ 134,612.48",12115123.2
15667944,Onuchukwu,679,FRA,Male,39,0,"€ 159,830.58",14384752.2
15584928,Ugochukwutubelum,594,Germany,Female,32,4,"€ 162,961.79",14666561.1
15779913,Davidson,586,FRA,Male,27,5,"€ 192,427.16",17318444.4
15644977,Goddard,776,FRA,Female,31,5,"€ 92,647.94",8338314.6
15749679,Beck,699,French,Male,39,2,"€ 180,022.39",16202015.1
15629010,Beam,847,Germany,Female,35,5,"€ 183,584.14",16522572.6
15768465,Sheppard,582,Germany,Male,35,8,"€ 28,750.67",2587560.3
15767781,Godfrey,648,France,Male,38,10,"€ 74,846.67",6736200.3
15635364,Gray,618,FRA,Female,49,9,"€ 89,729.30",8075637
15722004,Hsiung,543,FRA,Female,31,4,"€ 61,843.73",5565935.7
15766044,Cameron,642,Germany,Male,49,4,"€ 24,770.22",2229319.8
15586680,Fleming,462,France,Male,27,4,"€ 80,587.27",7252854.3
15635388,Austin,640,Spain,Male,47,6,"€ 116,286.25",10465762.5
15655175,Wallace,740,Germany,Male,40,4,"€ 129,333.69",11640032.1
15639133,Ku,773,French,Female,50,4,"€ 129,372.94",11643564.6
15799653,Fiorentino,583,Germany,Female,32,7,"€ 18,149.03",1633412.7
15723872,Buccho,589,Spain,Female,46,10,"€ 168,369.37",15153243.3
15775627,Gordon,509,French,Male,35,8,"€ 67,431.28",6068815.2
15630704,Haworth,612,Germany,Male,32,9,"€ 177,092.16",15938294.4
15815534,Guidry,505,Spain,Male,37,0,"€ 93,736.69",8436302.1
15697249,Lettiere,546,Germany,Female,25,3,"€ 131,647.31",11848257.9
15681316,Tai,681,FRA,Female,41,0,"€ 175,722.31",15815007.9
15682523,Chigozie,762,FRA,Male,20,1,"€ 85,606.83",7704614.7
15650244,Bezrukov,786,Spain,Male,29,7,"€ 64,945.57",5845101.3
15648638,Chia,629,Spain,Male,34,6,"€ 190,347.72",17131294.8
15795747,Sheppard,787,Spain,Female,39,7,"€ 100,791.36",9071222.4
15607330,Vasilyev,713,Spain,Male,42,0,"€ 167,873.49",15108614.1
15624013,Maxwell,541,France,Female,39,6,"€ 25,289.23",2276030.7
15800805,Maher,451,French,Female,31,7,"€ 20,388.77",1834989.3
15667321,Cocci,644,Spain,Male,49,10,"€ 145,089.64",13058067.6
15601116,P'an,686,French,Male,32,6,"€ 179,093.26",16118393.4
15622033,Rapuluchukwu,847,Germany,Female,41,3,"€ 16,025.17",1442265.3
15758451,Azuka,765,Germany,Male,37,7,"€ 9,087.81",817902.9
15688689,Esposito,678,Germany,Female,37,8,"€ 21,472.42",1932517.8
15652674,Hou,539,French,Male,20,0,"€ 146,752.67",13207740.3
15806327,Cyril,800,FRA,Female,40,3,"€ 132,562.23",11930600.7
15649618,Tomlinson,799,Germany,Female,39,7,"€ 139,537.43",12558368.7
15677117,Crawford,629,French,Female,61,6,"€ 133,672.61",12030534.9
15751445,Chikwado,734,Germany,Female,52,6,"€ 38,984.37",3508593.3
15749669,Hargreaves,542,French,Female,31,3,"€ 115,217.59",10369583.1
15656351,Laidley,414,Spain,Male,60,3,"€ 93,844.82",8446033.8
15667438,Ferguson,675,French,Female,38,1,"€ 22,068.83",1986194.7
15682273,Burns,683,French,Female,38,5,"€ 123,846.07",11146146.3
15580912,McNeill,748,France,Male,32,5,"€ 172,638.13",15537431.7
15785183,Chukwuebuka,596,Spain,Male,29,2,"€ 1,591.19",143207.1
15705383,Shen,642,French,Male,35,4,"€ 91,775.51",8259795.9
15712903,Diaz,499,French,Female,21,3,"€ 153,920.22",13852819.8
15774285,Kentish,649,Spain,Female,47,8,"€ 71,420.16",6427814.4
15583138,Persse,739,French,Male,42,2,"€ 172,149.76",15493478.4
15740160,Okwukwe,616,FRA,Male,31,1,"€ 54,706.75",4923607.5
15793425,Watt,560,Spain,Female,33,9,"€ 183,358.21",16502238.9
15749265,Carslaw,427,Germany,Male,42,1,"€ 57,098.00",5138820
15623989,Griffin,435,France,Male,54,3,"€ 156,910.46",14121941.4
15604832,Hsia,633,FRA,Male,29,7,"€ 130,224.73",11720225.7
15584580,Fyodorova,443,French,Male,35,6,"€ 13,946.66",1255199.4
15573854,Chukwujekwu,727,FRA,Male,62,5,"€ 38,652.96",3478766.4
15614847,Townsend,674,French,Female,45,6,"€ 140,041.78",12603760.2
15679966,Marsh,661,French,Female,31,3,"€ 166,187.10",14956839
15799435,Hayes,619,Spain,Male,34,1,"€ 139,919.38",12592744.2
15752186,Padovano,562,French,Female,27,3,"€ 28,137.03",2532332.7
15705544,Ma,633,France,Male,61,3,"€ 50,368.63",4533176.7
15713632,Ham,551,Spain,Female,48,5,"€ 94,978.10",8548029
15586523,Paten,720,Germany,Female,29,7,"€ 69,903.93",6291353.7
15609176,Cawthorne,688,French,Female,32,5,"€ 177,607.77",15984699.3
15769308,Herbert,635,Germany,Female,36,9,"€ 196,731.08",17705797.2
15676810,Jen,561,French,Female,31,1,"€ 65,234.60",5871114
15634591,Saunders,850,French,Male,33,8,"€ 186,281.00",16765290
15679804,Esquivel,636,France,Male,36,5,"€ 111,573.30",10041597
15677764,Chao,461,Germany,Female,74,1,"€ 196,767.83",17709104.7
15571917,Eluemuno,771,Germany,Female,38,5,"€ 72,985.61",6568704.9
15574608,Sidorova,713,France,Male,36,8,"€ 143,265.65",12893908.5
15740868,Pirogova,658,Germany,Female,45,9,"€ 159,268.67",14334180.3
15702442,Benson,586,Germany,Female,56,9,"€ 54,448.41",4900356.9
15699797,Santana,737,FRA,Male,30,8,"€ 31,928.50",2873565
15648047,Williamson,742,Germany,Male,27,5,"€ 21,793.59",1961423.1
15766826,North,824,France,Male,26,7,"€ 21,903.62",1971325.8
15591628,Davies,701,Germany,Male,41,9,"€ 49,405.93",4446533.7
15583857,Siciliano,623,Spain,Female,43,4,"€ 154,908.52",13941766.8
15752534,Mironov,744,FRA,Male,36,10,"€ 182,867.84",16458105.6
15741403,Amechi,698,Spain,Female,38,1,"€ 16,957.45",1526170.5
15783589,Toscano,616,France,Male,40,9,"€ 93,717.55",8434579.5
15598046,Su,662,France,Female,39,5,"€ 61,636.22",5547259.8
15643330,Chukwuemeka,594,French,Male,37,2,"€ 95,864.50",8627805
15680405,P'eng,685,FRA,Male,40,2,"€ 167,400.29",15066026.1
15728683,Lombardo,742,France,Male,27,0,"€ 131,534.96",11838146.4
15621644,Lombardi,678,Germany,Male,83,6,"€ 92,934.41",8364096.9
15733032,Butler,651,Spain,Male,47,2,"€ 119,808.64",10782777.6
15608381,Dean,585,Germany,Male,50,2,"€ 9,439.31",849537.9
15658946,Piccio,579,Germany,Male,40,10,"€ 18,732.91",1685961.9
15757912,Bradley,722,Germany,Female,37,0,"€ 160,162.42",14414617.8
15645371,Cameron,613,Germany,Female,51,7,"€ 53,630.90",4826781
15653110,Chan,694,FRA,Male,42,8,"€ 36,405.21",3276468.9
15766355,Lettiere,550,Germany,Male,49,0,"€ 61,446.92",5530222.8
15585249,Mironova,741,France,Male,42,6,"€ 194,686.78",17521810.2
15611786,Tsui,668,Spain,Female,69,9,"€ 134,483.07",12103476.3
15575486,Okoli,529,FRA,Female,27,1,"€ 37,769.98",3399298.2
15780215,Berry,636,France,Male,31,6,"€ 2,382.61",214434.9
15686099,Ruse,563,Spain,Male,61,1,"€ 106,826.92",9614422.8
15739042,Bogolyubov,767,French,Female,35,9,"€ 39,511.61",3556044.9
15815316,Kennedy,644,FRA,Male,50,9,"€ 196,371.13",17673401.7
15778489,Bolton,780,Germany,Male,71,9,"€ 122,506.78",11025610.2
15786389,Chuang,635,Spain,Female,41,10,"€ 61,994.20",5579478
15601787,Greco,641,Germany,Male,35,2,"€ 192,464.21",17321778.9
15624715,Ma,593,Spain,Female,40,2,"€ 5,194.95",467545.5
15763093,Nucci,540,Germany,Female,35,7,"€ 198,256.15",17843053.5
15572073,Yao,663,Spain,Male,35,5,"€ 62,634.94",5637144.6
15780256,Palfreyman,630,FRA,Male,34,9,"€ 114,006.35",10260571.5
15659305,Webster,605,Germany,Male,19,8,"€ 107,994.99",9719549.1
15638882,Cardell,710,Germany,Female,62,9,"€ 48,571.14",4371402.6
15714680,Bianchi,755,France,Female,78,5,"€ 76,016.49",6841484.1
15777217,Somadina,641,Spain,Male,25,10,"€ 180,808.39",16272755.1
15739123,Mellor,737,Germany,Male,50,4,"€ 4,225.11",380259.9
15594450,Tomlinson,695,France,Male,49,9,"€ 135,841.35",12225721.5
15797751,Pai,466,Germany,Female,47,5,"€ 183,536.24",16518261.6
15691543,Lennox,558,Germany,Male,58,2,"€ 88,791.83",7991264.7
15722845,Meldrum,665,Spain,Male,29,1,"€ 63,732.90",5735961
15605804,Watson,737,France,Male,45,10,"€ 1,364.54",122808.6
15702061,Findlay,654,French,Male,29,7,"€ 149,184.15",13426573.5
15694321,Su,619,French,Female,28,3,"€ 53,394.12",4805470.8
15798749,Davidson,845,Germany,Female,43,3,"€ 97,910.06",8811905.4
15720050,Barrett,727,French,Female,28,2,"€ 101,433.76",9129038.4
15758048,Miah,582,France,Male,50,2,"€ 116,944.30",10524987
15805681,Chamberlain,716,FRA,Male,41,9,"€ 113,267.48",10194073.2
15802809,Vidal,660,Spain,Female,36,0,"€ 181,449.51",16330455.9
15807239,Lung,664,France,Female,34,7,"€ 179,913.98",16192258.2
15749093,Tretyakova,801,FRA,Male,43,4,"€ 98,586.14",8872752.6
15689344,Montgomery,615,Spain,Male,42,4,"€ 120,321.09",10828898.1
15606076,Golubev,718,Germany,Male,63,7,"€ 100,538.80",9048492
15610090,Han,667,French,Male,40,8,"€ 98,931.50",8903835
15693926,Pan,670,Spain,Male,37,0,"€ 194,493.57",17504421.3
15791501,Carroll,590,France,Male,43,8,"€ 143,628.31",12926547.9
15621870,Hawkins,739,Spain,Female,40,8,"€ 167,030.51",15032745.9
15734711,Loggia,373,French,Male,42,7,"€ 77,786.37",7000773.3
15814405,Chesnokova,418,FRA,Female,46,9,"€ 81,014.50",7291305
15729359,Chambers,837,French,Female,29,9,"€ 41,866.26",3767963.4
15606944,Fleming,645,Germany,Male,43,9,"€ 11,302.70",1017243
15671934,Veale,552,Germany,Male,39,2,"€ 149,384.43",13444598.7
15641773,Browne,580,Germany,Male,45,2,"€ 169,303.65",15237328.5
15701972,Parsons,684,FRA,Male,35,3,"€ 37,264.11",3353769.9
15749114,Bailey,634,Spain,Male,35,3,"€ 19,515.48",1756393.2
15780362,Ferrari,607,France,Female,49,9,"€ 103,068.22",9276139.8
15753229,Genovese,802,French,Male,29,9,"€ 134,459.12",12101320.8
15656009,McIntyre,736,French,Female,36,6,"€ 70,496.66",6344699.4
15785024,Warner,629,FRA,Female,40,9,"€ 175,877.70",15828993
15670492,Gordon,737,French,Male,28,8,"€ 106,390.01",9575100.9
15795458,McMillan,718,Spain,Female,39,2,"€ 52,138.49",4692464.1
15732438,Cheng,561,FRA,Male,43,4,"€ 18,522.91",1667061.9
15781987,Akhtar,641,French,Male,31,9,"€ 32,231.60",2900844
15775826,Iadanza,677,France,Male,30,1,"€ 174,225.88",15680329.2
15807457,Abernathy,641,Spain,Female,36,1,"€ 102,021.39",9181925.1
15632538,Watson,658,Spain,Female,32,5,"€ 31,484.76",2833628.4
15641389,Shen,659,Germany,Male,48,4,"€ 82,469.06",7422215.4
15657306,Kershaw,567,French,Female,47,2,"€ 110,900.43",9981038.7
15709447,Reed,584,FRA,Female,26,0,"€ 105,105.35",9459481.5
15762682,Mitchell,709,Spain,Female,35,1,"€ 12,674.68",1140721.2
15626042,Webb,690,Spain,Female,26,2,"€ 93,255.85",8393026.5
15597109,Vanzetti,627,FRA,Male,70,1,"€ 145,299.50",13076955
15756148,Nnanna,765,Spain,Male,45,2,"€ 47,139.44",4242549.6
15665634,Campbell,645,FRA,Female,38,7,"€ 167,723.25",15095092.5
15739997,Capon,716,FRA,Female,23,2,"€ 185,900.88",16731079.2
15686242,Otutodilichukwu,771,France,Female,57,4,"€ 85,876.67",7728900.3
15759244,Boone,687,Germany,Male,44,8,"€ 1,787.85",160906.5
15672027,McIntyre,717,Germany,Female,33,10,"€ 23,231.93",2090873.7
15594576,Zhdanov,524,French,Male,32,1,"€ 187,740.04",16896603.6
15707138,Nagy,679,Spain,Male,39,5,"€ 100,060.54",9005448.6
15756954,,538,France,Female,,2,"-€ 999,999",-89999910
15619130,Simpson,752,Germany,Female,37,5,"€ 132,467.54",11922078.6
15639665,Herbert,846,Spain,Male,61,0,"€ 96,202.44",8658219.6
15571065,Lehr,532,Spain,Female,39,0,"€ 94,977.30",8547957
15686060,Chou,670,Germany,Male,43,9,"€ 178,827.30",16094457
15615753,Upchurch,597,Germany,Female,35,8,"€ 192,852.67",17356740.3
15800961,Ugorji,627,Germany,Male,52,1,"€ 177,238.35",15951451.5
15763065,Palerma,700,Spain,Female,40,2,"€ 199,753.97",17977857.3
15672467,Coles,766,FRA,Female,52,7,"€ 66,193.61",5957424.9
15752915,Hsueh,488,France,Female,34,2,"€ 181,270.84",16314375.6
15744695,Tu,694,France,Male,39,5,"€ 25,407.59",2286683.1
15584897,Kuo,639,France,Female,31,3,"€ 20,973.80",1887642
15601857,Woodhouse,705,Germany,Female,46,4,"€ 76,544.90",6889041
15674156,Tretiakova,810,Germany,Male,69,3,"€ 110,509.90",9945891
15695465,Gibson,638,France,Female,36,6,"€ 164,247.51",14782275.9
15792232,Moss,595,Spain,Female,43,5,"€ 105,149.80",9463482
15807900,Chineze,575,French,Male,36,7,"€ 55,868.97",5028207.3
15743760,Davidson,850,FRA,Male,31,6,"€ 178,747.43",16087268.7
15652835,Liang,419,Spain,Female,27,2,"€ 134,720.51",12124845.9
15767818,Graham,640,FRA,Male,55,10,€ 978.66,88079.4
15591150,Nwebube,570,Spain,Male,34,10,"€ 183,387.12",16504840.8
15734659,Sozonov,640,Germany,Female,46,5,"€ 155,876.06",14028845.4
15796115,Forbes,689,Germany,Female,40,4,"€ 119,259.34",10733340.6
15724648,Chikezie,725,France,Male,26,6,"€ 133,720.57",12034851.3
15737732,Onwuemelie,751,France,Female,44,10,"€ 170,634.49",15357104.1
15632280,Toth,544,Spain,Female,53,9,"€ 125,692.07",11312286.3
15750407,Hunt,768,Germany,Female,43,2,"€ 19,150.14",1723512.6
15795370,Mazure,648,Germany,Male,37,6,"€ 86,894.67",7820520.3
15656829,Hughes,577,Spain,Female,33,6,"€ 57,975.80",5217822
15643794,Bennett,639,Spain,Female,27,2,"€ 82,938.99",7464509.1
15798605,Tien,686,Germany,Male,26,1,"€ 79,189.40",7127046
15637324,Kay,657,France,Female,28,7,"€ 5,177.62",465985.8
15589589,Bryan,613,FRA,Male,34,5,"€ 44,510.26",4005923.4
15778936,Ingamells,701,French,Male,33,9,"€ 190,611.92",17155072.8
15757385,Milne,578,Spain,Female,28,8,"€ 177,834.79",16005131.1
15666200,Lombardo,689,French,Female,40,1,"€ 119,446.64",10750197.6
15683977,Owens,687,Spain,Female,72,4,"€ 50,267.69",4524092.1
15675518,Charlton,499,Spain,Female,53,1,"€ 144,849.10",13036419
15584812,Overby,693,Spain,Female,39,0,"€ 81,901.60",7371144
15752984,Chifley,737,FRA,Female,70,9,"€ 42,576.86",3831917.4
15577913,Oliver,651,French,Female,32,8,"€ 87,609.50",7884855
15591980,Hill,753,French,Male,33,5,"€ 82,820.85",7453876.5
15598948,DeRose,523,Spain,Female,24,5,"€ 155,144.12",13962970.8
15574142,Chuang,458,Germany,Female,28,2,"€ 9,578.24",862041.6
15582903,Edwards,643,French,Male,39,7,"€ 170,392.59",15335333.1
15733229,Rodriguez,638,Spain,Female,34,7,"€ 3,946.29",355166.1
15635752,Lo,685,Germany,Male,38,4,"€ 102,184.66",9196619.4
15771000,Powell,684,French,Male,38,4,"€ 75,609.84",6804885.6
15804864,Chu,670,France,Female,27,5,"€ 26,170.08",2355307.2
15641175,Munro,701,Germany,Male,63,3,"€ 144,727.45",13025470.5
15692226,Onwumelu,705,French,Female,31,3,"€ 58,134.97",5232147.3
15584156,Siciliani,593,Spain,Male,27,10,"€ 94,620.00",8515800
15702656,Yobachi,651,French,Female,33,1,"€ 108,764.69",9788822.1
15606552,Akabueze,741,French,Male,37,9,"€ 149,503.54",13455318.6
15687001,Chiemenam,596,Germany,Male,54,1,"€ 120,314.75",10828327.5
15781903,Odinakachukwu,581,Germany,Male,41,2,"€ 44,205.95",3978535.5
15731951,Reilly,689,Spain,Female,28,5,"€ 6,129.61",551664.9
15580953,Forbes,544,French,Male,30,4,"€ 126,796.69",11411702.1
15810390,Amadi,718,FRA,Female,41,1,"€ 27,509.52",2475856.8
15628274,Ferri,583,Germany,Male,35,8,"€ 42,143.55",3792919.5
15615444,Y?an,663,Germany,Male,28,8,"€ 87,985.20",7918668
15784010,Williamson,666,Germany,Male,33,2,"€ 81,884.80",7369632
15571586,Briggs,524,Spain,Male,29,3,"€ 2,705.31",243477.9
15748616,Napolitani,599,France,Male,27,5,"€ 30,546.40",2749176
15769402,Carpenter,667,France,Male,27,7,"€ 149,402.59",13446233.1
15739248,Lin,727,France,Male,52,4,"€ 118,429.02",10658611.8
15603481,Robinson,689,Spain,Female,55,4,"€ 58,442.25",5259802.5
15723604,Collins,639,France,Male,39,6,"€ 30,414.17",2737275.3
15797822,Kingsley,678,France,Male,28,2,"€ 58,814.41",5293296.9
15665064,Harvey,523,FRA,Male,36,8,"€ 155,304.53",13977407.7
15640580,Obiora,650,FRA,Female,47,9,"€ 187,943.60",16914924
15581089,Knight,744,Spain,Male,35,7,"€ 43,036.60",3873294
15728605,Hung,697,French,Male,40,4,"€ 26,543.28",2388895.2
15737385,Curtis,800,Spain,Female,46,6,"€ 171,928.04",15473523.6
15714789,Perez,664,France,Male,24,7,"€ 35,611.35",3205021.5
15786035,Gosnell,740,French,Male,39,9,"€ 19,047.23",1714250.7
15815259,Fang,835,French,Female,56,2,"€ 39,820.13",3583811.7
15592716,Clarke,559,French,Male,52,2,"€ 129,013.59",11611223.1
15734850,Milanesi,676,Spain,Male,36,1,"€ 113,810.12",10242910.8
15638047,Chia,613,Germany,Female,45,9,"€ 34,749.65",3127468.5
15674573,Gearhart,713,French,Female,25,4,"€ 56,268.98",5064208.2
15694859,McLean,751,Germany,Female,28,10,"€ 46,630.47",4196742.3
15776404,Williamson,523,French,Male,22,8,"€ 124,906.59",11241593.1
15579345,Murphy,775,Germany,Female,74,0,"€ 134,869.93",12138293.7
15690733,Angelo,608,Spain,Male,45,4,"€ 36,697.48",3302773.2
15631481,Thomson,673,France,Male,51,8,"€ 172,200.91",15498081.9
15620988,Murray,616,FRA,Male,46,2,"€ 137,136.46",12342281.4
15571529,Kirby,650,Germany,Female,48,7,"€ 57,594.78",5183530.2
15592104,Lane,655,FRA,Female,41,5,"€ 36,548.00",3289320
15651900,Bergamaschi,782,Germany,Female,53,1,"€ 182,960.46",16466441.4
15596212,Yang,781,Spain,Male,35,1,"€ 42,117.90",3790611
15710687,Mills,593,French,Female,33,0,"€ 199,478.05",17953024.5
15613787,Chidubem,505,Spain,Male,35,8,"€ 91,092.84",8198355.6
15599211,Findlay,707,France,Male,40,1,"€ 14,090.40",1268136
15675983,Wood,692,France,Female,36,3,"€ 178,267.07",16044036.3
15622370,Boyle,813,Germany,Male,30,1,"€ 85,808.22",7722739.8
15656319,Toscano,850,Spain,Male,37,4,"€ 109,659.12",9869320.8
15605130,Seccombe,753,French,Male,32,6,"€ 161,642.08",14547787.2
15672574,Uspenskaya,850,Spain,Female,32,5,"€ 3,830.59",344753.1
15659355,McKenzie,671,Spain,Male,32,6,"€ 146,636.44",13197279.6
15777907,Liang,791,France,Female,33,3,"€ 144,413.92",12997252.8
15655171,Yermakova,624,FRA,Male,80,3,"€ 65,801.44",5922129.6
15619674,White,649,FRA,Female,35,4,"€ 192,486.24",17323761.6
15775192,Rounsevell,732,Germany,Female,48,4,"€ 120,852.85",10876756.5
15617657,Ts'ai,664,French,Female,36,0,"€ 146,191.82",13157263.8
15688951,Stoneman,789,Germany,Male,43,8,"€ 148,412.24",13357101.6
15763460,Yao,680,France,Male,33,10,"€ 164,119.35",14770741.5
15756992,Chukwukere,701,FRA,Male,37,1,"€ 163,457.55",14711179.5
15617454,Ifeatu,684,FRA,Female,25,1,"€ 144,978.47",13048062.3
15701932,Millar,586,France,Female,52,6,"€ 67,288.89",6056000.1
15700813,Igwebuike,522,Germany,Female,25,5,"€ 103,269.00",9294210
15645600,Obidimkpa,739,Spain,Female,27,8,"€ 106,969.98",9627298.2
15634146,Hou,835,Germany,Male,18,2,"€ 117,632.63",10586936.7
15686743,Moody,790,Spain,Male,29,3,"€ 189,777.66",17079989.4
15698792,Keldie,671,France,Female,48,6,"€ 66,032.65",5942938.5
15591724,Liu,560,FRA,Female,44,5,"€ 98,661.27",8879514.3
15571281,Ts'ao,651,France,Male,28,10,"€ 74,687.37",6721863.3
15661380,Walker,682,French,Male,69,6,"€ 149,604.18",13464376.2
15728885,Defalco,808,French,Male,41,0,"€ 79,888.78",7189990.2
15618950,Lo Duca,644,Spain,Male,26,8,"€ 138,775.69",12489812.1
15609804,Hyde,688,French,Male,29,1,"€ 154,695.57",13922601.3
15735849,Kanayochukwu,617,French,Female,26,2,"€ 168,834.38",15195094.2
15652948,Yen,738,FRA,Male,33,4,"€ 105,817.63",9523586.7
15618155,Ts'ui,663,FRA,Male,45,5,"€ 48,682.10",4381389
15566378,Tillman,515,French,Male,48,5,"€ 147,955.91",13316031.9
15565879,Riley,845,French,Female,28,9,"€ 56,185.98",5056738.2
15792922,Tu,639,Spain,Male,38,9,"€ 81,861.10",7367499
15770567,Ruiz,557,French,Female,32,3,"€ 69,826.80",6284412
15738042,Goliwe,543,Germany,Male,37,8,"€ 118,059.19",10625327.1
15714920,Balashov,585,Germany,Male,44,7,"€ 112,333.22",10109989.8
15782121,Leonard,610,French,Female,27,2,"€ 14,546.76",1309208.4
15673180,Onyekaozulu,727,Germany,Female,18,2,"€ 126,172.11",11355489.9
15660636,Carpenter,540,Spain,Female,40,8,"€ 3,560.00",320400
15664504,Beede,418,France,Male,35,7,"€ 88,878.15",7999033.5
15790322,Beneventi,660,France,Female,32,0,"€ 84,605.00",7614450
15739847,Sadlier,850,Germany,Male,38,5,"€ 78,268.61",7044174.9
15699415,Lewis,618,French,Female,46,6,"€ 120,668.46",10860161.4
15665521,Chiazagomekpele,642,Germany,Male,18,5,"€ 10,063.75",905737.5
15682868,Elliott,850,French,Female,40,9,"€ 163,989.66",14759069.4
15584462,Liang,739,FRA,Male,34,9,"€ 60,584.33",5452589.7
15661708,She,508,French,Female,41,5,"€ 94,170.84",8475375.6
15584452,Bozeman,667,FRA,Male,41,6,"€ 167,181.77",15046359.3
15717010,Yu,741,France,Female,60,5,"€ 38,914.51",3502305.9
15643828,Teng,592,France,Male,29,7,"€ 91,196.67",8207700.3
15733361,Davide,651,Germany,Female,45,6,"€ 85,869.89",7728290.1
15795488,Beneventi,773,Spain,Male,52,2,"€ 57,337.79",5160401.1
15581551,Yobachukwu,850,Spain,Male,41,8,"€ 175,347.28",15781255.2
15632051,Douglas,550,Germany,Female,42,10,"€ 63,092.65",5678338.5
15780409,Egobudike,783,FRA,Male,40,6,"€ 109,742.55",9876829.5
15572767,Shelby,777,French,Male,29,2,"€ 124,489.88",11204089.2
15590337,Golubov,659,French,Male,29,6,"€ 56,971.41",5127426.9
15634551,Williamson,727,Germany,Male,46,3,"€ 130,752.01",11767680.9
15669290,Fan,603,FRA,Male,38,8,"€ 191,457.06",17231135.4
15621140,Nwebube,644,Spain,Male,37,9,"€ 96,442.86",8679857.4
15613518,Bellucci,647,France,Female,35,6,"€ 122,584.29",11032586.1
15728043,Udinese,648,Germany,Female,37,7,"€ 57,215.85",5149426.5
15570073,Marian,721,Spain,Male,57,1,"€ 195,940.96",17634686.4
15777033,Chizoba,524,French,Male,29,7,"€ 105,448.74",9490386.6
15682454,McFarland,626,France,Female,34,3,"€ 37,870.29",3408326.1
15758513,McDonald,569,FRA,Male,43,7,"€ 52,534.81",4728132.9
15772604,Chiemezie,578,Spain,Male,36,1,"€ 141,533.19",12737987.1
15721715,Fane,769,FRA,Female,40,9,"€ 50,568.02",4551121.8
15688563,Marchesi,694,Germany,Male,31,4,"€ 26,116.82",2350513.8
15772009,Scott,664,France,Female,41,5,"€ 152,054.33",13684889.7
15809585,H?,646,FRA,Male,38,7,"€ 1,528.40",137556
15593778,Craig,779,FRA,Female,29,3,"€ 127,939.26",11514533.4
15655360,Chikelu,782,Germany,Female,72,5,"€ 2,605.65",234508.5
15780909,Caffyn,769,Germany,Male,34,7,"€ 57,841.89",5205770.1
15757310,Otitodilichukwu,655,Germany,Male,67,6,"€ 186,995.17",16829565.3
15801411,Green,623,Spain,Male,46,4,"€ 5,549.11",499419.9
15761706,Y?an,705,Spain,Female,39,8,"€ 11,682.36",1051412.4
15658409,Mao,686,French,Male,41,5,"€ 106,939.34",9624540.6
15810010,Dahlenburg,678,Germany,Male,36,6,"€ 53,172.02",4785481.8
15627027,Shih,738,French,Male,39,5,"€ 114,388.98",10295008.2
15624374,Maclean,703,France,Male,28,9,"€ 2,151.17",193605.3
15720083,Fiorentino,554,Spain,Male,42,1,"€ 183,492.90",16514361
15752294,Long,582,French,Female,38,9,"€ 76,582.95",6892465.5
15743193,Olson,644,France,Male,37,6,"€ 104,217.96",9379616.4
15696733,McKenzie,724,French,Male,29,4,"€ 8,982.75",808447.5
15677522,Rossi,593,FRA,Male,33,1,"€ 9,984.40",898596
15643523,Power,710,Spain,Female,30,10,"€ 19,500.10",1755009
15624936,Yen,631,FRA,Male,35,8,"€ 79,146.36",7123172.4
15716085,Norris,739,Spain,Female,41,8,"€ 191,694.77",17252529.3
15641688,Collier,644,Spain,Male,18,7,"€ 59,645.24",5368071.6
15796834,Rivers,652,Germany,Male,35,7,"€ 55,207.88",4968709.2
15720123,Hudson,554,Spain,Male,37,3,"€ 166,177.30",14955957
15604732,Milani,483,French,Female,30,9,"€ 136,356.97",12272127.3
15723484,Hunt,669,Germany,Female,42,1,"€ 148,611.52",13375036.8
15807120,Oluchukwu,841,Germany,Female,52,3,"€ 85,516.37",7696473.3
15810891,Lorenzo,662,French,Male,34,2,"€ 55,120.79",4960871.1
15640407,Chidiegwu,821,Germany,Male,45,0,"€ 131,778.58",11860072.2
15778838,Warren,783,FRA,Male,38,9,"€ 153,269.98",13794298.2
15709256,Glover,850,France,Female,28,9,"€ 164,864.67",14837820.3
15742285,Andersen,559,France,Male,62,6,"€ 20,367.68",1833091.2
15729019,Arcuri,602,Spain,Male,34,8,"€ 39,542.00",3558780
15608588,Mackinlay,563,Germany,Male,41,2,"€ 19,412.80",1747152
15610557,McCarthy,695,Spain,Female,35,7,"€ 127,977.66",11517989.4
15786418,Chiu,546,France,Female,20,6,"€ 20,508.85",1845796.5
15653050,Norriss,719,Germany,Female,76,10,"€ 176,244.87",15862038.3
15744914,Moore,539,Germany,Male,42,1,"€ 105,013.63",9451226.7
15669611,Mott,632,FRA,Male,71,3,"€ 27,597.76",2483798.4
15594786,Ts'ai,772,Germany,Male,34,7,"€ 121,073.23",10896590.7
15649211,Fokina,708,Spain,Male,40,8,"€ 101,089.76",9098078.4
15766066,Nikitina,668,Germany,Female,28,1,"€ 114,258.18",10283236.2
15772216,Henry,738,French,Female,67,1,"€ 22,762.23",2048600.7
15619898,Chiefo,785,FRA,Male,55,5,"€ 7,008.65",630778.5
15724543,Mao,597,French,Male,61,5,"€ 81,299.17",7316925.3
15755084,Bezrukova,531,French,Male,37,7,"€ 147,521.35",13276921.5
15730441,Dodd,509,France,Male,26,10,"€ 6,177.83",556004.7
15666767,Lori,508,French,Male,35,1,"€ 59,374.82",5343733.8
15690456,Yudina,749,Germany,Female,32,7,"€ 157,648.12",14188330.8
15570533,Conti,621,Germany,Female,55,7,"€ 75,685.59",6811703.1
15797692,Volkova,659,France,Female,33,7,"€ 136,540.09",12288608.1
15603135,Boni,634,Germany,Female,59,3,"€ 97,939.40",8814546
15698927,Ritchie,675,FRA,Male,39,7,"€ 36,267.21",3264048.9
15687363,McMillan,770,France,Male,31,3,"€ 186,064.34",16745790.6
15733444,Phillips,736,French,Female,29,9,"€ 176,152.70",15853743
15678057,Lombardi,524,France,Male,44,10,"€ 82,117.20",7390548
15806918,Ireland,674,France,Male,28,5,"€ 151,925.25",13673272.5
15638247,Boan,700,Spain,Male,44,9,"€ 142,287.65",12805888.5
15674833,Shao,741,France,Female,35,1,"€ 36,557.55",3290179.5
15812534,Chiemenam,455,FRA,Male,40,1,"€ 129,975.34",11697780.6
15586522,Hunter,608,Spain,Male,37,2,"€ 21,967.15",1977043.5
15794297,McKay,776,France,Male,36,1,"€ 53,477.76",4812998.4
15737025,Roberts,635,FRA,Male,33,1,"€ 178,067.33",16026059.7
15615931,Aitken,746,French,Female,37,4,"€ 171,039.56",15393560.4
15664860,Chao,692,Spain,Female,47,3,"€ 150,802.41",13572216.9
15664539,Bruce,683,Spain,Male,35,9,"€ 82,951.12",7465600.8
15583692,Chan,591,Germany,Female,35,2,"€ 57,064.57",5135811.3
15693131,Watts,581,France,Female,24,3,"€ 45,755.00",4117950
15779973,Gibbons,684,Germany,Male,35,3,"€ 176,882.08",15919387.2
15620557,Ni,561,Spain,Male,37,4,"€ 88,838.14",7995432.6
15639549,Jen,718,Germany,Female,33,4,"€ 88,592.80",7973352
15618750,Phillips,590,France,Male,31,8,"€ 26,261.42",2363527.8
15796790,Amaechi,573,France,Female,47,8,"€ 29,586.73",2662805.7
15668309,Maslow,350,FRA,Female,40,0,"€ 172,321.21",15508908.9
15732437,Rowley,504,Germany,Female,44,0,"€ 158,036.72",14223304.8
15665158,Chukwuemeka,813,Spain,Male,27,1,"€ 115,733.16",10415984.4
15689322,Bevan,641,Spain,Male,31,3,"€ 59,927.99",5393519.1
15596624,Topp,662,France,Female,22,9,"€ 44,377.65",3993988.5
15601977,Burgoyne,497,Spain,Male,44,2,"€ 79,691.40",7172226
15801462,Yermakov,716,FRA,Male,31,8,"€ 51,503.51",4635315.9
15566139,Ts'ui,526,France,Female,37,5,"€ 62,830.97",5654787.3
15791006,Kodilinyechukwu,760,Germany,Female,34,6,"€ 90,346.10",8131149
15668057,K?,669,French,Female,31,6,"€ 40,467.82",3642103.8
15580805,Marino,655,France,Male,27,10,"€ 51,620.94",4645884.6
15658768,Lucas,547,France,Female,49,2,"€ 65,466.93",5892023.7
15613048,Anderson,648,Germany,Female,40,5,€ 667.66,60089.4
15803654,Wei,790,FRA,Female,31,2,"€ 172,437.12",15519340.8
15662337,Baldwin,744,Germany,Female,50,1,"€ 106,061.47",9545532.3
15650924,Foster,761,Spain,Female,32,4,"€ 177,622.38",15986014.2
15647203,Gebhart,750,French,Female,35,3,"€ 191,520.50",17236845
15682778,Fedorov,680,FRA,Male,34,9,"€ 95,686.60",8611794
15579820,Robertson,704,Spain,Male,38,6,"€ 173,776.50",15639885
15709354,Tudawali,521,France,Female,41,2,"€ 113,089.43",10178048.7
15728480,Iloerika,452,French,Female,35,8,"€ 149,614.81",13465332.9
15641091,Onyemauchechukwu,695,France,Female,31,5,"€ 99,537.68",8958391.2
15603111,Muir,850,Spain,Male,71,10,"€ 97,893.40",8810406
15679693,Walker,625,French,Male,31,5,€ 90.07,8106.3
15797190,Charlton,608,Germany,Female,40,7,"€ 161,154.85",14503936.5
15788025,Tseng,715,France,Female,38,0,€ 332.81,29952.9
15646168,Ifeatu,834,Spain,Male,33,5,"€ 66,285.18",5965666.2
15580493,Chin,469,France,Male,33,1,"€ 163,477.22",14712949.8
15726720,Blinova,480,FRA,Female,40,7,"€ 170,332.67",15329940.3
15735799,Maconochie,527,Germany,Male,58,3,"€ 126,144.96",11353046.4
15773098,Ch'in,834,Spain,Male,34,5,"€ 53,437.10",4809339
15668971,Nicholson,583,French,Female,40,4,"€ 26,920.43",2422838.7
15603221,Burgess,696,Germany,Male,32,4,"€ 52,314.71",4708323.9
15740043,Young,606,French,Male,32,5,"€ 116,885.59",10519703.1
15712264,Plumb,713,FRA,Female,39,10,"€ 126,263.97",11363757.3
15751926,Trentino,821,Germany,Male,42,3,"€ 64,613.81",5815242.9
15589401,Allen,550,France,Female,30,4,"€ 89,216.29",8029466.1
15742019,Benford,675,France,Female,39,6,"€ 83,419.15",7507723.5
15660611,Gallo,748,Spain,Male,39,3,"€ 123,998.52",11159866.8
15607634,Cobb,606,Germany,Male,40,9,"€ 96,985.58",8728702.2
15595036,Doherty,726,Germany,Male,30,7,"€ 146,154.06",13153865.4
15745794,Cocci,547,France,Male,30,6,"€ 18,471.86",1662467.4
15781689,Macadam,758,Spain,Male,35,5,"€ 95,009.60",8550864
15696054,Tychonoff,596,France,Male,37,2,"€ 121,175.86",10905827.4
15752467,Johnson,720,Spain,Male,34,3,"€ 77,047.78",6934300.2
15597739,Tu,674,FRA,Male,37,3,"€ 158,049.90",14224491
15651336,Chidiebere,756,France,Female,32,4,"€ 147,040.25",13233622.5
15636061,Pope,649,Germany,Male,78,4,"€ 142,566.75",12831007.5
15723013,Sutherland,613,Germany,Male,28,7,"€ 185,483.24",16693491.6
15784148,Beneventi,643,France,Male,62,9,"€ 155,870.82",14028373.8
15578098,Jamieson,600,France,Male,31,8,"€ 121,555.51",10939995.9
15638621,Simmons,735,Spain,Male,39,1,"€ 40,223.74",3620136.6
15720924,Chijioke,585,France,Female,34,1,"€ 75,503.60",6795324
15566531,Iloerika,724,Germany,Male,33,4,"€ 186,942.49",16824824.1
15718064,Chia,635,Spain,Male,29,2,"€ 117,173.80",10545642
15605067,Nwachinemelu,472,FRA,Male,19,9,"€ 3,453.40",310806
15655335,Becher,590,FRA,Male,36,1,"€ 48,876.84",4398915.6
15607301,Romano,651,Spain,Female,63,8,"€ 11,830.53",1064747.7
15694628,Walker,686,Germany,Female,39,4,"€ 162,820.60",14653854
15607112,Chiawuotu,606,FRA,Male,32,6,"€ 36,540.63",3288656.7
15635775,Watt,781,FRA,Male,33,3,"€ 6,959.00",626310
15644280,Udegbunam,593,France,Male,45,4,"€ 10,828.78",974590.2
15708362,Watson,793,French,Male,63,4,"€ 80,272.06",7224485.4
15771997,Bryant,791,France,Female,31,10,"€ 22,184.14",1996572.6
15730579,Ward,850,France,Male,68,5,"€ 186,335.07",16770156.3
15728005,Urban,698,France,Female,57,9,"€ 105,715.01",9514350.9
15791674,Sutherland,846,FRA,Female,34,10,"€ 68,393.64",6155427.6
15754599,K'ung,765,France,Male,42,4,"€ 82,868.34",7458150.6
15693690,Iweobiegbunam,574,Spain,Male,52,7,"€ 196,257.67",17663190.3
15728963,Wei,617,Germany,Female,51,10,"€ 93,439.75",8409577.5
15659710,Lascelles,581,FRA,Male,25,5,"€ 150,319.49",13528754.1
15658675,Ts'ao,710,Germany,Male,37,6,"€ 46,523.60",4187124
15638788,Mack,550,French,Male,32,8,"€ 199,138.84",17922495.6
15609735,Campbell,533,Germany,Male,51,6,"€ 79,559.02",7160311.8
15771477,Fiorentini,779,France,Male,49,9,"€ 116,893.87",10520448.3
15570145,Long,763,French,Female,23,2,"€ 153,983.99",13858559.1
15797149,Lloyd,563,Spain,Female,36,4,"€ 63,531.19",5717807.1
15636912,Sneddon,678,Spain,Male,38,3,"€ 126,253.31",11362797.9
15687828,Gorshkov,644,Spain,Female,31,5,"€ 73,922.95",6653065.5
15667424,Forbes,682,Germany,Female,43,7,"€ 64,679.30",5821137
15759872,L?,625,France,Male,22,9,"€ 157,072.91",14136561.9
15572374,Hopetoun,733,Spain,Male,36,1,"€ 108,377.82",9754003.8
15754926,Lucchesi,512,France,Female,30,6,"€ 88,827.31",7994457.9
15687431,Faria,642,French,Female,41,7,"€ 37,674.47",3390702.3
15604515,Yefremov,737,Germany,Female,22,10,"€ 106,327.85",9569506.5
15682839,Genovesi,575,France,Female,57,8,"€ 84,475.13",7602761.7
15624677,Marquez,543,Germany,Female,37,3,"€ 33,998.70",3059883
15646366,Trevisani,521,Germany,Male,41,8,"€ 20,491.15",1844203.5
15701768,Tung,637,FRA,Male,32,3,"€ 197,827.06",17804435.4
15623566,Barnhill,714,FRA,Male,40,9,"€ 96,687.25",8701852.5
15681274,Marshall,726,Spain,Female,56,2,"€ 46,044.70",4144023
15762573,Bednall,680,Spain,Female,34,7,"€ 98,949.85",8905486.5
15706458,Pan,812,Germany,Male,39,5,"€ 185,599.34",16703940.6
15654222,Ogg,757,Spain,Male,30,3,"€ 198,341.15",17850703.5
15704053,T'ang,710,Spain,Male,62,3,"€ 119,348.76",10741388.4
15724321,Baresi,516,Germany,Female,47,9,"€ 149,614.17",13465275.3
15621815,Obiajulu,803,FRA,Female,40,6,"€ 12,328.08",1109527.2
15724876,McGregor,560,French,Female,38,5,"€ 33,245.97",2992137.3
15696588,Lung,679,FRA,Female,36,3,"€ 2,243.41",201906.9
15612832,Jamieson,526,French,Male,32,7,"€ 86,786.41",7810776.9
15804295,Pinto,485,France,Male,41,2,"€ 12,706.67",1143600.3
15712536,Fallaci,625,FRA,Female,36,3,"€ 41,295.10",3716559
15662494,Goliwe,773,Spain,Male,43,7,"€ 177,357.16",15962144.4
15807728,Ferri,530,French,Female,45,1,"€ 190,663.89",17159750.1
15764916,Rowley,616,Germany,Female,43,7,"€ 115,262.54",10373628.6
15615330,Tretiakova,651,FRA,Male,23,10,"€ 170,099.23",15308930.7
15638487,She,586,Germany,Male,38,2,"€ 189,143.94",17022954.6
15627859,Nebeolisa,607,Germany,Male,29,7,"€ 163,257.44",14693169.6
15622192,Young,724,Spain,Male,39,3,"€ 95,562.81",8600652.9
15789413,Fitzgerald,733,France,Male,64,3,"€ 75,272.63",6774536.7
15583221,Arnold,667,Germany,Male,70,3,"€ 20,881.96",1879376.4
15768495,Chidimma,700,FRA,Female,32,8,"€ 161,845.81",14566122.9
15644103,Wells,659,Spain,Male,78,2,"€ 49,978.67",4498080.3
15741197,Calzada,710,Spain,Male,22,8,"€ 107,292.91",9656361.9
15664547,Black,760,France,Male,37,7,"€ 32,863.24",2957691.6
15797293,Sopuluchukwu,677,France,Female,25,3,"€ 179,608.96",16164806.4
15572021,Ts'ao,798,Germany,Female,29,8,"€ 70,223.22",6320089.8
15637461,Ukaegbunam,758,France,Male,35,7,"€ 77,951.84",7015665.6
15620577,Wood,715,France,Male,45,4,"€ 55,043.93",4953953.7
15609643,Furneaux,752,Germany,Male,32,9,"€ 101,677.46",9150971.4
15785358,Gresswell,586,Germany,Male,46,8,"€ 79,366.98",7143028.2
15603883,Ch'in,818,France,Male,36,4,"€ 8,037.03",723332.7
15782550,Ma,490,Germany,Female,41,0,"€ 176,254.12",15862870.8
15775761,Iweobiegbunam,610,Germany,Female,69,5,"€ 192,743.06",17346875.4
15680201,Marcelo,627,Germany,Male,24,5,"€ 56,793.02",5111371.8
15767594,Azubuike,533,French,Female,35,8,"€ 187,900.12",16911010.8
15591985,Stewart,708,French,Female,51,8,"€ 92,920.04",8362803.6
15789339,Yen,681,France,Male,59,4,"€ 140,166.95",12615025.5
15781530,Hsieh,690,FRA,Male,21,8,"€ 155,782.89",14020460.1
15705174,Chiedozie,656,Germany,Male,68,7,"€ 186,574.68",16791721.2
15572114,Shih,673,Spain,Male,40,1,"€ 3,258.60",293274
15804009,Amechi,806,Germany,Male,36,8,"€ 106,714.28",9604285.2
15662698,Ko,648,Spain,Female,43,7,"€ 144,532.85",13007956.5
15696047,Chimezie,501,FRA,Male,35,6,"€ 13,591.52",1223236.8
15701160,Azubuike,556,Germany,Female,43,4,"€ 74,854.97",6736947.3
15790093,Aguirre,627,FRA,Female,27,2,"€ 125,451.01",11290590.9
15632143,Lung,652,France,Male,31,2,"€ 149,740.22",13476619.8
15736778,Adams,807,Germany,Female,60,1,"€ 17,355.36",1561982.4
15734917,Castiglione,708,Germany,Male,21,8,"€ 50,294.09",4526468.1
15643903,Yao,619,French,Male,27,1,"€ 156,394.74",14075526.6
15569526,Morales,601,FRA,Male,40,10,"€ 77,977.69",7017992.1
15777067,Thomas,445,French,Male,64,2,"€ 43,678.06",3931025.4
15795511,Vasiliev,800,Germany,Male,39,4,"€ 13,906.34",1251570.6
15610419,Chukwueloka,554,FRA,Male,33,3,"€ 12,766.74",1149006.6
15644994,Ko,714,Germany,Male,54,4,"€ 51,308.54",4617768.6
15703707,Atkins,656,French,Male,44,10,"€ 127,444.14",11469972.6
15659327,Moffitt,520,French,Male,49,5,"€ 72,577.33",6531959.7
15771323,Panicucci,480,Spain,Male,39,5,"€ 82,438.13",7419431.7
15750549,Akobundu,660,Germany,Male,30,1,"€ 60,485.98",5443738.2
15698462,Chiu,532,FRA,Male,36,4,"€ 132,798.78",11951890.2
15739692,Tsui,679,FRA,Male,42,1,"€ 71,823.15",6464083.5
15744041,Yobanna,780,France,Female,26,3,"€ 117,144.15",10542973.5
15700714,Hollis,747,France,Male,29,7,"€ 141,706.43",12753578.7
15777743,Cattaneo,705,French,Female,39,3,"€ 54,517.25",4906552.5
15623143,Lung,732,FRA,Female,43,9,"€ 183,147.17",16483245.3
15712568,Angelo,515,Spain,Male,40,10,"€ 138,360.29",12452426.1
15617432,Folliero,816,Germany,Female,40,9,"€ 79,580.56",7162250.4
15650424,Bryant,641,France,Female,48,3,"€ 157,458.61",14171274.9
15728829,Weigel,509,FRA,Male,18,7,"€ 171,770.58",15459352.2
15680430,Ajuluchukwu,601,Germany,Female,49,4,"€ 104,263.82",9383743.8
15687626,Zhirov,527,FRA,Male,39,4,"€ 167,183.07",15046476.3
15609187,Cox,455,FRA,Female,27,5,"€ 70,774.97",6369747.3
15609521,Chimaraoke,803,Germany,Male,34,4,"€ 114,869.56",10338260.4
15752626,Genovese,553,French,Male,32,7,"€ 109,159.58",9824362.2
15571756,Ohearn,724,FRA,Female,28,5,"€ 59,351.68",5341651.2
15814040,Munroe,610,France,Female,45,1,"€ 199,657.46",17969171.4
15658211,Morrison,559,Spain,Female,39,2,"€ 121,151.10",10903599
15742091,Parkhill,825,Germany,Female,35,6,"€ 26,342.33",2370809.7
15787168,Y?,819,Spain,Female,28,8,"€ 102,799.14",9251922.6
15772363,Hilton,772,Germany,Female,42,0,"€ 90,928.48",8183563.2
15659364,Thompson,685,Spain,Male,23,5,"€ 141,152.28",12703705.2
15738980,Yobanna,506,FRA,Male,43,2,"€ 105,568.60",9501174
15794236,Thorpe,642,Germany,Male,22,10,"€ 183,045.46",16474091.4
15721383,Harvey,627,Spain,Male,40,10,"€ 194,792.42",17531317.8
15652981,Robinson,600,Germany,Male,30,2,"€ 21,852.91",1966761.9
15722731,Manna,653,France,Male,46,0,"€ 78,250.13",7042511.7
15640507,Li,762,Spain,Female,35,3,"€ 47,114.18",4240276.2
15578878,Hancock,569,Spain,Female,30,3,"€ 33,230.37",2990733.3
15744295,Hao,756,France,Male,40,1,"€ 114,279.63",10285166.7
15776558,Nicholls,673,French,Male,31,1,"€ 38,802.03",3492182.7
15596136,Folliero,637,France,Female,36,9,"€ 72,504.76",6525428.4
15704597,Trumbull,644,FRA,Male,33,7,"€ 43,943.09",3954878.1
15648272,Medvedeva,658,Spain,Male,35,9,"€ 68,141.92",6132772.8
15594915,Crist,649,French,Female,36,8,"€ 109,179.89",9826190.1
15581115,Middleton,603,France,Female,39,9,"€ 48,224.72",4340224.8
15763907,Watts,820,France,Female,39,1,"€ 61,538.43",5538458.7
15705994,Udinese,712,Spain,Male,27,10,"€ 94,544.88",8509039.2
15772421,Tretiakov,645,Germany,Female,31,1,"€ 2,850.01",256500.9
15711572,O'Kane,705,Germany,Female,31,9,"€ 163,484.80",14713632
15691170,Vasilyeva,590,Spain,Female,29,10,"€ 129,629.41",11666646.9
15600106,Wei,631,French,Male,36,1,"€ 133,141.34",11982720.6
15745431,Chinonyelum,604,France,Male,34,7,"€ 188,078.55",16927069.5
15649508,Chin,643,Spain,Male,48,8,"€ 174,729.30",15725637
15812611,Lorimer,690,Spain,Female,30,5,"€ 78,700.03",7083002.7
15619699,Yeh,558,French,Male,31,7,"€ 198,269.08",17844217.2
15813946,Duffy,637,Germany,Male,51,1,"€ 55,266.96",4974026.4
15762762,Onyekachukwu,648,Germany,Female,45,5,"€ 51,636.70",4647303
15629793,Banks,652,Spain,Male,28,8,"€ 198,251.52",17842636.8
15781298,Hughes,808,Germany,Male,39,3,"€ 171,442.36",15429812.4
15622658,Lai,551,France,Female,26,2,"€ 49,778.79",4480091.1
15658980,Matthews,711,Germany,Male,26,9,"€ 19,262.05",1733584.5
15701936,Bell,467,Germany,Male,28,10,"€ 32,349.29",2911436.1
15686917,Tu,789,Spain,Female,40,4,"€ 137,402.27",12366204.3
15807312,Hsia,602,Spain,Male,33,5,"€ 64,038.34",5763450.6
15574523,Cheng,576,France,Male,39,1,"€ 68,814.23",6193280.7
15724200,Cheng,584,French,Male,38,1,"€ 173,632.92",15626962.8
15738224,Lin,593,French,Male,32,6,"€ 128,384.11",11554569.9
15593283,Higgins,705,Germany,Female,48,1,"€ 99,475.95",8952835.5
15814690,Chukwujekwu,595,Germany,Female,64,2,"€ 89,935.73",8094215.7
15807245,McKay,699,Germany,Female,41,1,"€ 94,142.35",8472811.5
15799358,Vincent,516,French,Female,46,6,"€ 171,681.86",15451367.4
15616172,Ubanwa,838,French,Male,31,2,"€ 8,222.96",740066.4
15777958,Ch'ien,587,France,Male,39,10,"€ 170,409.45",15336850.5
15809124,T'ien,750,FRA,Male,38,5,"€ 46,555.15",4189963.5
15616367,Ricci,581,Germany,Male,39,1,"€ 161,655.55",14548999.5
15687385,McDowell,484,France,Male,41,5,"€ 74,267.35",6684061.5
15607877,Maclean,576,Spain,Male,26,8,"€ 34,101.06",3069095.4
15736327,Manna,567,Germany,Female,46,1,"€ 109,572.58",9861532.2
15746704,Jibunoh,638,Spain,Male,30,9,"€ 106,642.97",9597867.3
15778304,Fan,646,Germany,Male,24,0,"€ 18,897.29",1700756.1
15588456,Hsieh,658,France,Female,40,5,"€ 189,607.71",17064693.9
15664035,Parsons,590,Spain,Female,38,9,"€ 148,750.16",13387514.4
15596405,Udinese,546,Spain,Male,25,7,"€ 105,279.74",9475176.6
15815097,Root,603,French,Female,34,9,"€ 167,916.35",15112471.5
15762708,Chiemezie,619,Spain,Female,38,10,"€ 8,646.58",778192.2
15776211,Toscani,678,France,Female,34,6,"€ 124,592.84",11213355.6
15626012,Obidimkpa,459,France,Male,26,4,"€ 50,016.17",4501455.3
15792077,Degtyaryov,671,Germany,Male,28,8,"€ 125,422.66",11288039.4
15718765,Maclean,501,Spain,Male,43,6,"€ 81,123.59",7301123.1
15576615,Giordano,719,Spain,Male,37,10,"€ 80,408.59",7236773.1
15752650,Saad,681,Spain,Female,37,6,"€ 146,366.08",13172947.2
15797502,Lord,706,Spain,Male,24,2,"€ 24,402.87",2196258.3
15687329,Hope,763,Germany,Female,32,1,"€ 60,552.44",5449719.6
15779423,K?,716,France,Male,39,1,"€ 76,476.05",6882844.5
15619514,Bull,507,Germany,Male,40,3,"€ 92,075.01",8286750.9
15615430,Adams,678,Germany,Male,55,4,"€ 184,125.10",16571259
15716431,Brookes,775,French,Female,30,10,"€ 96,170.38",8655334.2
15798341,Victor,544,FRA,Male,38,8,"€ 98,208.62",8838775.8
15651958,Giles,756,FRA,Male,27,8,"€ 157,932.75",14213947.5
15726179,Ferrari,757,Germany,Female,43,5,"€ 3,497.43",314768.7
15652999,Milne,742,Germany,Male,33,1,"€ 51,387.10",4624839
15691950,Parry,591,French,Male,49,3,"€ 50,123.44",4511109.6
15632446,Allan,667,French,Male,24,4,"€ 180,329.83",16229684.7
15620936,Warren,787,FRA,Male,32,4,"€ 13,238.93",1191503.7
15587640,Rowntree,718,FRA,Female,43,0,"€ 167,554.86",15079937.4
15782231,Andrejew,521,France,Male,38,6,"€ 51,454.06",4630865.4
15580462,Corby,607,Spain,Male,40,1,"€ 19,842.22",1785799.8
15736371,Kennedy,633,French,Female,34,3,"€ 38,315.04",3448353.6
15648032,Young,588,Spain,Male,37,2,"€ 187,816.59",16903493.1
15610454,Poole,724,Germany,Female,33,9,"€ 197,148.24",17743341.6
15671358,Fletcher,720,France,Male,44,4,"€ 163,471.01",14712390.9
15747130,Tsao,521,FRA,Male,39,7,€ 653.58,58822.2
15578374,Gilroy,620,Spain,Male,36,7,"€ 45,414.09",4087268.1
15572182,Onwuamaeze,505,Germany,Female,33,3,"€ 45,445.78",4090120.2
15770041,Manna,728,Spain,Female,43,8,"€ 139,024.31",12512187.9
15669414,Pisano,486,Germany,Male,62,9,"€ 168,034.83",15123134.7
15777054,Thorpe,584,Germany,Male,42,3,"€ 25,669.10",2310219
15621021,Dwyer,687,Spain,Female,40,1,"€ 8,207.36",738662.4
15785490,Okeke,771,French,Male,50,3,"€ 16,281.68",1465351.2
15577695,Zito,678,France,Male,41,2,"€ 14,083.12",1267480.8
15686974,Sergeyeva,751,FRA,Female,48,4,"€ 30,165.06",2714855.4
15574584,Fang,670,France,Male,33,8,"€ 39,451.09",3550598.1
15719541,Flannagan,675,Spain,Male,31,2,"€ 60,270.87",5424378.3
15646310,Mao,684,Spain,Male,24,8,"€ 22,527.27",2027454.3
15697606,Sturdee,637,France,Female,21,10,"€ 175,072.47",15756522.3
15711489,Azikiwe,760,Spain,Female,32,2,"€ 114,565.35",10310881.5
15670427,Chidi,662,Spain,Male,37,4,"€ 48,930.80",4403772
15731755,Hull,680,France,Male,49,10,"€ 187,008.45",16830760.5
15796370,Shah,604,Spain,Male,40,5,"€ 113,581.85",10222366.5
15598331,Morgan,764,FRA,Female,40,9,"€ 124,095.69",11168612.1
15704795,Vagin,521,French,Female,77,6,"€ 49,054.10",4414869
15796764,Bruno,684,Germany,Female,56,3,"€ 80,593.49",7253414.1
15589420,Osinachi,795,France,Female,40,2,"€ 183,044.86",16474037.4
15810563,Ho,678,Spain,Female,61,8,"€ 159,938.82",14394493.8
15746569,Tsui,589,France,Male,38,4,"€ 95,483.48",8593513.2
15811594,Gordon,660,Spain,Female,28,3,"€ 198,069.71",17826273.9
15645896,Duncan,646,Germany,Male,39,6,"€ 61,793.47",5561412.3
15802909,Hu,706,Germany,Female,56,3,"€ 86,383.61",7774524.9
15797665,Docherty,730,French,Female,27,7,"€ 144,099.48",12968953.2
15778959,Brookes,606,French,Female,36,10,"€ 155,641.46",14007731.4
15722532,Angelo,690,Spain,Female,36,10,"€ 135,784.94",12220644.6
15784124,Emenike,645,Germany,Male,41,2,"€ 123,982.14",11158392.6
15776518,Pugh,579,France,Female,38,4,"€ 193,130.55",17381749.5
15611247,McKenzie,481,France,Female,28,10,"€ 145,215.96",13069436.4
15721469,Mach,492,Germany,Male,45,9,"€ 164,741.81",14826762.9
15773338,Endrizzi,739,French,Male,58,2,"€ 72,168.53",6495167.7
15784042,L?,624,France,Male,55,7,"€ 95,022.02",8551981.8
15776229,MacPherson,682,FRA,Male,44,3,"€ 23,766.40",2138976
15655903,Michael,701,Spain,Female,34,6,"€ 119,374.74",10743726.6
15590177,Chiedozie,718,French,Female,44,1,"€ 139,049.24",12514431.6
15568876,Hughes,496,French,Female,34,1,"€ 180,844.81",16276032.9
15813140,Taylor,543,Spain,Male,41,5,"€ 143,980.29",12958226.1
15770516,Evdokimov,616,Spain,Female,44,7,"€ 137,392.77",12365349.3
15755731,Davis,635,Germany,Male,53,8,"€ 123,646.57",11128191.3
15574480,Ubanwa,652,Spain,Male,31,1,"€ 158,054.49",14224904.1
15798084,Murray,688,FRA,Male,26,0,"€ 105,784.85",9520636.5
15673020,Smith,678,FRA,Female,49,3,€ 738.88,66499.2
15643575,Evseev,757,Germany,Male,36,1,"€ 64,539.64",5808567.6
15596811,Mitchell,667,French,Male,36,8,"€ 79,871.16",7188404.4
15786789,Ni,725,French,Female,29,6,"€ 190,776.83",17169914.7
15578865,Palerma,632,Germany,Female,50,5,"€ 6,985.34",628680.6
15605672,Yuan,694,FRA,Female,38,5,"€ 85,522.84",7697055.6
15603674,Knight,803,French,Male,36,1,"€ 149,370.93",13443383.7
15759915,Rapuokwu,814,France,Female,31,6,"€ 188,516.45",16966480.5
15686219,Wan,611,French,Male,38,4,"€ 2,444.29",219986.1
15696388,Artamonova,755,Germany,Male,38,4,"€ 19,762.88",1778659.2
15713604,Rossi,425,Germany,Male,40,9,"€ 172,646.88",15538219.2
15647800,Greco,850,France,Female,34,6,"€ 33,501.98",3015178.2
15813451,Fleetwood-Smith,677,Spain,Male,18,8,"€ 114,858.90",10337301
15765375,Butusov,797,FRA,Female,46,8,"€ 162,668.33",14640149.7
15774586,West,692,Germany,Female,43,10,"€ 161,241.65",14511748.5
15603454,Sanders,735,Germany,Male,28,5,"€ 114,957.22",10346149.8
15653037,Parks,609,FRA,Male,77,1,"€ 18,708.76",1683788.4
15782475,Edith,700,France,Female,42,8,"€ 105,305.72",9477514.8
15593496,Korovin,526,Spain,Female,36,5,"€ 58,111.71",5230053.9
15808971,Lajoie,693,Spain,Female,57,9,"€ 135,502.77",12195249.3
15791972,Bergamaschi,748,French,Female,20,7,"€ 10,792.42",971317.8
15676869,T'ien,657,Spain,Male,36,8,"€ 123,866.43",11147978.7
15683007,Torode,739,Germany,Female,25,5,"€ 129,181.27",11626314.3
15659495,Fu,784,Spain,Male,23,2,"€ 6,847.73",616295.7
15703923,Cameron,744,Germany,Male,41,7,"€ 138,361.48",12452533.2
15674000,Cattaneo,645,French,Male,44,10,"€ 166,707.22",15003649.8
15618171,James,669,French,Female,33,9,"€ 107,221.03",9649892.7
15732202,Abramovich,615,French,Male,34,1,"€ 73,124.53",6581207.7
15735078,Onwughara,724,Germany,Female,53,1,"€ 12,913.92",1162252.8
15798615,Wan,850,FRA,Female,47,9,"€ 44,351.77",3991659.3
15638494,Salinas,625,Germany,Female,39,10,"€ 96,444.88",8680039.2
15763874,Ho,635,Spain,Male,46,8,"€ 60,739.16",5466524.4
15696355,Cleveland,724,Germany,Male,37,6,"€ 118,570.53",10671347.7
15655952,Burke,550,France,Male,47,2,"€ 97,057.28",8735155.2
15739850,Trentino,645,France,Male,45,6,"€ 3,449.22",310429.8
15611338,Kashiwagi,714,Spain,Male,29,4,"€ 37,605.90",3384531
15707861,Nucci,520,France,Female,46,10,"€ 117,369.52",10563256.8
15672237,Oluchi,633,France,Male,25,1,"€ 100,598.98",9053908.2
15657771,Ts'ui,537,FRA,Male,37,6,"€ 17,802.42",1602217.8
15677783,Graham,764,Spain,Male,38,4,"€ 91,094.46",8198501.4
15681026,Lucciano,795,Germany,Female,33,9,"€ 120,853.83",10876844.7
15566543,Aldridge,573,Spain,Male,44,9,"€ 107,124.17",9641175.3
15594612,Flynn,702,Spain,Male,44,9,"€ 59,207.41",5328666.9
15814664,Scott,740,Germany,Male,33,2,"€ 136,869.31",12318237.9
15642785,Douglas,479,French,Male,34,5,"€ 113,308.29",10197746.1
15690164,Shao,627,Germany,Female,33,4,"€ 159,334.93",14340143.7
15590213,Ch'en,479,Spain,Male,35,4,"€ 20,393.44",1835409.6
15603794,Pugliesi,623,French,Male,48,5,"€ 158,590.25",14273122.5
15733491,McGregor,512,Germany,Female,40,8,"€ 23,101.13",2079101.7
15806360,Hou,609,FRA,Male,41,6,"€ 112,585.19",10132667.1
15587133,Thompson,518,FRA,Male,42,7,"€ 119,377.36",10743962.4
15721377,Chou,833,FRA,Female,34,3,"€ 166,472.81",14982552.9
15747927,Ch'in,758,FRA,Male,26,4,"€ 171,552.02",15439681.8
15806455,Miller,611,FRA,Male,27,7,"€ 157,474.10",14172669
15695474,Barker,583,FRA,Male,33,7,"€ 13,549.24",1219431.6
15666295,Smith,610,Germany,Male,50,1,"€ 196,526.55",17687389.5
15656062,Azikiwe,637,France,Female,33,7,"€ 84,419.78",7597780.2
15579969,Mancini,683,FRA,Female,32,9,"€ 24,991.92",2249272.8
15703563,P'eng,774,French,Male,40,9,"€ 191,608.97",17244807.3
15692664,Diribe,677,France,Female,58,1,"€ 2,988.28",268945.2
15719276,T'ao,741,Spain,Male,35,6,"€ 99,595.67",8963610.3
15672754,Burbidge,498,Germany,Male,42,3,"€ 53,445.17",4810065.3
15768163,Griffin,655,Germany,Female,46,7,"€ 115,146.40",10363176
15656710,Cocci,613,FRA,Male,40,4,"€ 151,325.24",13619271.6
15696175,Echezonachukwu,602,Germany,Male,35,7,"€ 51,695.41",4652586.9
15586914,Nepean,659,French,Male,36,6,"€ 96,833.00",8714970
15581736,Bartlett,673,Germany,Male,47,1,"€ 34,047.54",3064278.6
15588839,Mancini,606,Spain,Male,30,8,"€ 1,914.41",172296.9
15589329,Pirozzi,775,France,Male,30,4,"€ 49,337.84",4440405.6
15605622,McMillan,841,Spain,Male,28,4,"€ 179,436.60",16149294
15798964,Nkemakonam,714,Germany,Male,33,3,"€ 53,667.08",4830037.2
15769959,Ajuluchukwu,597,France,Female,53,4,"€ 69,384.71",6244623.9
15657105,Chukwualuka,726,Spain,Male,36,2,"€ 195,192.40",17567316
15569266,Rahman,644,FRA,Male,28,7,"€ 29,179.52",2626156.8
15719294,Wood,800,France,Female,29,2,"€ 167,773.55",15099619.5
15606229,Obijiaku,771,France,Male,39,5,"€ 96,270.64",8664357.6
15569892,Johnstone,516,French,Male,35,10,"€ 101,699.77",9152979.3
15584532,Liu,709,FRA,Female,36,7,"€ 42,085.58",3787702.2
15682355,Sabbatini,772,Germany,Male,42,3,"€ 92,888.52",8359966.8
15628319,Walker,792,French,Female,28,4,"€ 38,190.78",3437170.2
15628319,Walker,792,French,Female,28,4,"€ 38,190.78",3437170.2
